Title,Language,Genres,Rating,Popularity,Release Date,Cast,Overview,Vote_Count
K.G.F: Chapter 1,Kannada,"Action, Thriller, Adventure, Crime",7.458,3.9002,2018-12-20,"Yash, Srinidhi Shetty, Ramachandra Raju, Archana Jois, Anant Nag","A period drama set in the 1970s, KGF follows the story of a fierce rebel who rises against the brutal oppression in Kolar Gold Fields and becomes the symbol of hope to legions of downtrodden people.",240.0
K.G.F: Chapter 2,Kannada,"Action, Thriller, Adventure, Crime",7.489,3.5414,2022-04-14,"Yash, Sanjay Dutt, Raveena Tandon, Srinidhi Shetty, Archana Jois","The blood-soaked land of Kolar Gold Fields (KGF) has a new overlord now - Rocky, whose name strikes fear in the heart of his foes. His allies look up to Rocky as their Savior, the government sees him as a threat to law and order; enemies are clamoring for revenge and conspiring for his downfall. Bloodier battles and darker days await as Rocky continues on his quest for unchallenged supremacy.",174.0
Kantara,Kannada,"Action, Adventure, Thriller",7.1,2.3558,2022-09-30,"Rishab Shetty, Sapthami Gowda, Kishore, Achyuth Kumar, Pramod Shetty","Shiva, a tribal vagabond lives with his mother in hamlet, stays away from the traditional Daivaradhane and Bhoota Kola legacy due to an unforgettable childhood incident. He is happy loafing around with his friends and doing petty jobs for his landlord. When Forest officer Murali enters the scene, it gives a fresh dimension to the man-vs-nature fight. Can Shiva save the forest from Murali? Or is Murali just a dummy bait cast by bigger fish?",106.0
Toby,Kannada,"Action, Thriller, Mystery, Drama",8.0,1.7228,2023-08-25,"Raj B Shetty, Chaithra J Achar, Samyukta Hornad, Deepak Shetty, Gopalkrishna Deshpande",An estranged man deemed to be a beast vows to break free from the evil world and transform himself for his foster daughter.,5.0
Hiranya,Kannada,"Action, Drama",0.0,1.6823,2024-07-19,"Rajavardan, Divya Suresh, Huli Karthik, Aravind Rao",A masala entertainer. Overview TBA.,0.0
777 Charlie,Kannada,"Drama, Adventure, Comedy",7.6,1.5201,2022-06-10,"Rakshit Shetty, Raj B Shetty, Bobby Simha, Sangeetha Sringeri, Bhargavi Narayan",Dharma is stuck in a rut with his negative and lonely lifestyle and spends each day in the comfort of his loneliness. A pup named Charlie who is naughty and energetic which is a complete contrast with the Dharmas character enters his life and gives him a new perspective towards it.,51.0
Su from So,Kannada,"Comedy, Horror, Drama",10.0,1.4329,2025-07-25,"Shaneel Gautham, JP Tuminad, Sandhya Arakere, Prakash K Thuminadu, Deepak Rai Panaje","In a peaceful village full of joy, laughter, and vibrant life, everything seems perfectuntil one day, the devil arrives. What follows is a hilarious chain of events that flips the entire village upside down!",2.0
Sapta Sagaradaache Ello  Side A,Kannada,"Romance, Drama",8.2,1.3265,2023-09-01,"Rakshit Shetty, Rukmini Vasanth, Sharath Lohitashwa, Ramesh Indira, Pavitra Lokesh",,
Edagaiye Apaghatakke Karana,Kannada,"Comedy, Thriller, Romance",0.0,1.2589,2025-06-13,"Diganth Manchale, Dhanu Harsha, Nidhi Subbaiah, Nirup Bhandari, Radhika Narayan",Dark Comdey Suspense Thriller,0.0
Love Mocktail,Kannada,"Romance, Drama",6.3,1.1534,2020-01-31,"Darling Krishna, Milana Nagaraj, Amrutha Iyengar, Rachana Inder, Kushi Achar","Love Mocktail is a 2020 Indian Kannada-language romantic drama film directed by Krishna in his director debut and jointly produced by Krishna, Milana Nagaraj. The film stars Krishna, Milana Nagaraj in the lead roles. The film was released on 31 January 2020.",15.0
Dia,Kannada,"Drama, Romance",6.196,1.1053,2020-02-07,"Kushee Ravi, Dheekshith Shetty, Pruthvi Ambaar, Pavitra Lokesh, Aravind Rao","Dia tells the story of a young, introvert girl whose routine life brightens up when she falls for Rohith, one of her fellow college mates. Being an introvert girl and trying to express her love becomes the biggest challenge of her life. This romantic drama will make you lose yourself in the emotional journey of a girl falling in love.",23.0
Kantara Chapter 1,Kannada,"Action, Thriller",0.0,0.9614,2025-10-02,"Rishab Shetty, Jayaram, Rakesh Poojari","Prequel to Kantara Chapter 2 (2022). Plot TBA, but is expected to explore the ancient roots of the Bhuta Kola ritual and the mythological lore surrounding divine land guardianship.",0.0
Sapta Sagaradaache Ello - Side B,Kannada,"Romance, Drama",7.4,0.8328,2023-11-17,"Rakshit Shetty, Rukmini Vasanth, Chaithra J Achar, JP Tuminad, Gopalkrishna Deshpande",Manu is released from prison and strives to rekindle his love with Priya.,15.0
Kaalapatthar,Kannada,"Drama, Thriller",0.0,0.8244,2024-09-13,"Vikky Varun, Dhanya Ramkumar, T. S. Nagabharana, Rajesh Nataranga, Sampath Maitreya",,0.0
John Jani Janardhan,Kannada,"Comedy, Drama",0.0,0.758,2016-12-09,"Kamna Ranawat, Darling Krishna, Aindrita Ray, Malashri, Ajai Rao","John Jani Janardhan is a 2016 Kannada comedy drama film directed by Guru Deshpande. It features Ajay Rao, Yogesh and Krishna in the lead roles, while the debutant Kamna Ranawat feature as the female lead. It also features actress Malashri in an important role.",0.0
Garuda Gamana Vrishabha Vahana,Kannada,"Crime, Drama, Thriller",7.571,0.7046,2021-11-19,"Raj B Shetty, Rishab Shetty, Gopalkrishna Deshpande, Deepak Rai Panaje, Prakash Tuminadu","Shiva and Hari, two friends who are polar opposites in demeanour, are the terror in Mangaladevi. What happens when ego, ambition and jealousy creeps in between their strong friendship?",15.0
Yuva,Kannada,"Action, Drama, Romance",2.0,0.6852,2024-03-28,"Yuva Rajkumar, Sapthami Gowda, Achyuth Kumar, Anil Kumar, Prashanth Natana","Love blooms amid conflicts between insiders and outsiders at an engineering college, but soon conflict escalates into war.",1.0
Dasharatha,Kannada,"Action, Drama",0.0,0.6761,2019-07-26,"V. Ravichandran, Sonia Agarwal, Abhirami, Avinash, Megashree","Dasharatha is a court drama movie directed by M.S.Ramesh and produced by Akshay Mahesh K under M.S.R. Production banner while Guru Kiran scored music for this movie  Ravichandran, Sonia Agarwal, Abhirami and Meghashri are played the main lead roles along with Shobhraj, Avinash and many others are seen in supporting roles in this movie.",0.0
Kabzaa,Kannada,"Action, Crime, Thriller",4.6,0.6434,2023-03-17,"Upendra, Shriya Saran, Murali Sharma, Sudha, Sudeep",,14.0
Bagheera,Kannada,"Action, Adventure",4.4,0.6311,2024-10-31,"Sriimurali, Rukmini Vasanth, Prakash Raj, Rangayana Raghu, Achyuth Kumar","Dismayed by corruption and violence, a virtuous police officer becomes a masked vigilante to dliver lethal justice to criminals and crooked cops alike.",9.0
Ekadanta,Kannada,Drama,0.0,0.6265,2007-03-16,"Vishnuvardhan, Ramesh Aravind, Prema, Ramesh Bhat, Mimicry Dayanad",Ekadhantha revolves around a couple and they don't have child.,0.0
Dhruva,Kannada,"Action, Drama",0.0,0.6174,2002-09-13,"Darshan Thoogudeepa Srinivas, Sherin Shringar, Om Puri, Avinash, Datthatreya",An honest police officer who has taken an oath to clean up society must make some hard decisions when his friend becomes a criminal.,0.0
Anjaniputra,Kannada,"Action, Comedy, Romance",6.0,0.6099,2017-12-21,"Puneeth Rajkumar, Rashmika Mandanna, Ramya Krishnan, P. Ravi Shankar, Chikkanna","A small-time businessman who runs a finance business at a local vegetable market enjoys the support of the local vendors and people in the area. All goes well for him until one day, he saves an honest police officer from being killed by a local gangster. Soon, a rivalry ensues between the two.",8.0
Romeo,Kannada,"Romance, Comedy, Drama, Family",0.0,0.5708,2012-07-06,"Ganesh, Bhavana, Avinash, Rangayana Raghu, Sadhu Kokila",,0.0
Naanu Nanna Kanasu,Kannada,Drama,0.0,0.5659,2010-05-14,"Prakash Raj, Amoolya, Sithara, Ramesh Aravind, Sihi Kahi Chandru","Naanu Nanna Kanasu is the depiction of a fathers narration of his own coming-of-age, with the birth and growth of his daughter. It is a remake of tamil movie, Abhiyum Naanum.Uthappa (Prakash Raj), who encounters a chance to meet a young father Jayanth (Ramesh Aravind) and his daughter, on his morning walk. As they introduce themselves to each other, going past the hilarity of the nature of their rendezvous Uthappa begins to narrate to Jayanth how it was to bring up his own daughter, Kanasu (Amoolya).Sharing the better half of this journey of Uthappas, is his wife and soulmate Kalpana (Sithara) who is seen to be the saner voice in the Uthappa household. Being quite literally, a letter from a father to a daughter, the story stands testament to the oft-quoted",0.0
Bhairathi Ranagal,Kannada,"Action, Drama",8.3,0.5629,2024-11-14,"Shivaraj Kumar, Chaya Singh, Madhu Guruswamy, Babu Hirannaiah, Rukmini Vasanth",,3.0
Gaalipata 2,Kannada,Comedy,1.0,0.5551,2022-08-12,"Ganesh, Diganth Manchale, Pawan Kumar, Anant Nag, Nishvika Naidu","Life surprises you with its weird plans and events which changes our lives so much so that we can never go back to being what we were earlier. At such times we have to rise against the wind just like a kite does. It is the same with the story of Gaalipata 2. Its story is set in two different time zones, in two different places but with the same characters. It's about a turbulent yet fun filled journey of three friends and their love interests.",1.0
Shokiwala,Kannada,"Romance, Drama",0.0,0.5523,2022-04-29,"Ajai Rao, Sanjana Anand, Sharath Lohitashwa, Tabla Nani, Pramod Shetty",Shokiwala is a romantic action entertainer movie directed by Jocky B and produced by T R Chandrasekhar. The movie cast includes Krishna Ajai Rao and Sanjana Anand are in the lead roles while Shridhar V Sambhram scored music.,0.0
Vande Mataram,Kannada,Drama,0.0,0.5523,1985-01-01,"Rajashekar, Vijayashanti, Rajendra Prasad",,0.0
Hollywood,Kannada,Drama,7.2,0.5468,2002-12-06,"Upendra, Felicity Mason, Anant Nag, Ramesh Bhat, Emma Dean","Hollywood is a 2002 Indian Kannada science fiction film written by Upendra and directed by Dinesh Babu. It stars Upendra in a triple role as Surendra, Upendra and US 47 (a robot) along with the Australian actress Felicity Mason as Manisha and Anant Nag. The film was shot entirely in Gold Coast, Australia with few supporting actors and a monkey named Lakshmi, voiced by Ramesh Bhat. The film was also dubbed into Telugu in 2003, retaining the same title.",5.0
James,Kannada,"Action, Comedy, Drama",5.9,0.5448,2022-03-17,"Puneeth Rajkumar, Shivaraj Kumar, Priya Anand, R. Sarathkumar, Srikanth","Santhosh Kumar, who goes by the name James, runs a security agency and has been commissioned to take care of a family that owns a drug cartel. He is swift, agile and deft with his work and wins the appreciation of everyone. But is there more to who Santhosh really is?",8.0
Toxic,Kannada,"Action, Thriller",0.0,0.544,2026-03-19,"Yash, Nayanthara, Huma Qureshi, Kiara Advani, Sudev Nair","Set in a bygone era, this gripping tale unfolds in the coastal paradise of Goa, where a powerful drug cartel pulls the strings behind a facade of sun-soaked beaches and vibrant culture.",0.0
Kiraathaka,Kannada,"Comedy, Drama, Family",7.0,0.54,2011-06-24,"Yash, Chikkanna, Oviya Helen, T. S. Nagabharana","Kirataka is a 2011 Indian Kannada romantic comedy film directed by Pradeep Raj, starring Yash and Oviya in the lead roles. It is the remake of Tamil film, Kalavani (2010). The film was a success at the domestic box-office. This was the 3000th Kannada movie to be released.  The film is centered around the rivalry between two neighboring villages with rival gangs in both competing in every aspect. Nandisha (Yash), also known as Gooli is a road side romeo with no real direction to his life. He is flanked by his friends who support him in every act. Meanwhile, he falls in love with Nethra (Oviya), a girl studying at a college in the neighboring town. The rest of the movie revolves around how Gooly manages to win over Nethra despite the rivalry.",3.0
The Villain,Kannada,"Action, Crime",5.125,0.5333,2018-05-31,"Shivaraj Kumar, Sudeep, Amy Jackson, Srikanth, Mithun Chakraborty","Rama or Ravana, whose ideologies work better? Two shrewd minds battle it out in a one-upmanship game. Who will win?",8.0
Adhyaksha,Kannada,Comedy,3.5,0.5251,2014-08-15,"Sharan, Hebah Patel, Chikkanna, P. Ravi Shankar, Asmita Sood","Adhyaksha is a 2014 Indian Kannada language comedy film directed by Nanda Kishore. It stars Sharan, Heeba Patel, P. Ravi Shankar, Malavika Avinash, Chikkanna and Ramesh Bhat. It is a remake of the Tamil film Varuthapadatha Valibar Sangam.  The music for the film and soundtracks were composed by Arjun Janya.",2.0
Pogaru,Kannada,Action,3.7,0.5175,2021-02-19,"Dhruva Sarja, Rashmika Mandanna, Dhananjay, P. Ravi Shankar, Sampath Raj",,3.0
Kranti,Kannada,"Action, Thriller",4.8,0.5118,2023-01-26,"Darshan Thoogudeepa Srinivas, Rachita Ram, V. Ravichandran, Sumalatha, Tarun Arora","Kranti Rayanna, a business tycoon in Europe is invited by his favorite teacher to attend the Centenary celebrations of the school. Kranti begins a revolution and takes the fight on with Salatri Group trying to takeover 12,000 government schools and privatize them.",5.0
Gilli,Kannada,"Romance, Drama, Comedy",0.0,0.3766,2009-10-16,"Gururaj Jaggesh, Rakul Preet Singh, Sudha Belawadi, Srinivasa Murthy, Yathiraj Jaggesh","Guru a.k.a. Gilli is a young underachiever who frequently vents his frustrations through public outbursts. When Anitha, whose family has fallen on hard times, moves into his housing colony, he soon decides to pursue her with his love, but she keeps rejecting his advances.",0.0
Maleyali Jotheyali,Kannada,"Comedy, Drama",0.0,0.3091,2009-12-11,Ganesh,Preetham escapes from his wealthy father who's hounding him to get married after an astrologer tells that it will be good for the family and meets two interesting girls on his way.,0.0
Nighooda Rahasya,Kannada,"Thriller, Mystery",0.0,0.3176,1990-11-29,"Shankar Nag, Geetha, Vanitha Vasu, Tara, Ramesh Bhatkar",Is it a serial killer or a ghost that is killing people? Shankar Nag has to unravel the deadly mystery.,0.0
Hubballi,Kannada,"Action, Drama",0.0,0.3209,2006-11-10,"Sudeep, Rakshita, Ananthavelu, Srinivasa Prabhu, Swasthik Shankar",An unidentified person is badly injured but is saved by retired army man and his daughter. He recovers slowly but losses his memory. Will they able to bring back his lost memory?,0.0
Nee Bareda Kadambari,Kannada,"Drama, Romance",0.0,0.3794,1985-06-19,"Vishnuvardhan, Bhavya, Hema Chaudhary, C. R. Simha, Sundar Raj","A couple get married to each other despite the initial disapproval of her parents. However, the woman's father, creates troubles and tries to separate them.",0.0
Kaiva,Kannada,"Action, Drama",1.0,0.3238,2023-12-08,"Dhanveer Gowda, Megha Shetty, Dinakar Thoogudeepa, Karthik Jayaram, Ramesh Indira","Inspired from the true incidents occurred in Bengaluru - 1983, Kaiva brings the visual grandeur of Old Bengaluru showing the lights of world famous Bengaluru Karaga and the dark underworld of the city as well.",1.0
Vajrakaya,Kannada,Romance,4.3,0.4148,2015-06-12,"Shivaraj Kumar, Nabha Natesh, Shubra Aaiyappa, Avinash, Ravi Teja",Vajrakaya is a Kannada film directed by Harsha A and produced by C. R. Manohar and C R Gopi. The film stars  and Shivaraj Kumar in lead roles. Music was composed by Arjun Janya.,3.0
Yuvarathnaa,Kannada,"Action, Drama",5.2,0.3651,2021-03-31,"Puneeth Rajkumar, Sayesha Saigal, Sonu Gowda, Dhananjay, Prakash Raj","A government aided college, RK University, is on the verge of completing its golden jubilee but a bizarre event shuts it down indefinitely. Will RK University restore its lost glory?",10.0
Pushpaka Vimana,Kannada,"Comedy, Drama, Romance",7.1,0.3185,1987-11-17,"Kamal Haasan, Amala Akkineni, Tinnu Anand, Sameer Kakkar, Farida Jalal","A mentally-challenged father lives in his idyllic world with his daughter, both of them crazy about planes. In his quest to get his daughter that toy plane that she yearns for, he ends up in jail wrongly accused of a crime he doesn't commit. What follows is a bittersweet tale of a father and daughter trying to be together...",3.0
Runa Mukthalu,Kannada,Drama,0.0,0.3088,1984-01-01,"Bharathi Rao, Ramakrishna, K. S. Ashwath, Ashalatha, Padma Vasanthi","A 1984 Indian Kannada language film directed and co-produced by Puttanna Kanagal, starring Bharathi and Ramakrishna. The film is based on the novel Runa by Anupama Niranjana",0.0
Kolara,Kannada,"Action, Crime",10.0,0.4404,2017-07-07,"Yogesh, Naina Sarwar, Adithya Menon, Ashwath Ninasam, Rajendran","Thangam, known as Mini Veerappan in Kolar, has been cornered by an encounter specialist. He narrates his life story, on how he took to crime and also about the two important women in his life.",1.0
Mr. Bachelor,Kannada,"Action, Drama, Romance",0.0,0.3412,2023-01-06,"Darling Krishna, Milana Nagaraj, Nimika Ratnakar, Chikkanna, Sadhu Kokila","Mr. Bachelor is a Kannada movie starring Darling Krishna, Milana Nagaraj and Nimika Ratnakar in the lead.",0.0
Ekangi,Kannada,Drama,0.0,0.4784,2002-01-01,"V. Ravichandran, Ramya Krishnan, Prakash Raj","Ekangi is a psychological thriller which portrays the peace and joy in lonely life. Ravi, an adult who happily lives alone in a big house and always follows his father's last words ""Be happy to be alone, Be alone to be happy"". One day at a bar, he falls for a beautiful lady and invites her to his house. From that moment, how Ravi's life takes wrong turn forms the rest of the story.",0.0
Nathicharami,Kannada,Drama,7.4,0.2673,2018-12-28,"Sruthi Hariharan, Balaji Manohar, Sanchari Vijay, Poornachandra Mysuru",,7.0
Hello Yama,Kannada,"Drama, Comedy",0.0,0.4638,1998-07-27,"Kashinath, Doddanna, Sadhu Kokila","Hello Yama is a 1998 Indian Kannada-language comedy drama film directed by A R Babu and starring Kashinath and Doddanna in the titular role and Sadhu Kokila, who also composed the music.",0.0
Pailwaan,Kannada,"Action, Drama",6.2,0.4993,2019-09-12,"Sudeep, Aakanksha Singh, Suniel Shetty, Kabir Duhan Singh, Sushant Singh",A fierce wrestler becomes the symbol of hope for his people when he rises against the odds and fights the brutal oppression.,9.0
Padavi Poorva,Kannada,"Drama, Comedy, Romance",0.0,0.288,2022-12-30,"Prithvi Shamanur, Anjali Anish, Yasha Shivakumar, Rangayana Raghu, Sharath Lohitashwa","Naveen, Nitya and their gang of childhood friends begin their college life with various dreams but there was too much turmoil in the group and they split. Will Navin succeed in getting the group back together?",0.0
Saheba,Kannada,"Family, Romance, Drama",7.0,0.3747,2017-08-25,"Manoranjan Ravichandran, Shanvi Shrivastava, Lakshmi, Bullet Prakash, Kuri Prathap","An ordinary book shop owner Manu, helps Nandhini to enter film industry, without coming into the picture.",1.0
Rama Shama Bhama,Kannada,Comedy,9.5,0.4195,2005-12-09,"Ramesh Aravind, Kamal Haasan, Urvashi, Shruti, Daisy Bopanna","Rama, a married man, has an affair with Priya who pursues him despite knowing about his wife. When his friend Shama learns of the affair, the latter decides to reunite him with his wife.",1.0
Martin,Kannada,"Action, Drama, Thriller",2.3,0.4162,2024-10-11,"Dhruva Sarja, Vaibhavi Shandilya, Anveshi Jain, Giorgia Andriani, Chikkanna","Martin revolves around Lt. Brigadier Arjun Saxena, whose journey takes him from Pakistan to India to discover his real identity and fight against black market dealers, who are involved with terrorists to orchestrate massive attacks in the country.",7.0
Rustum,Kannada,"Action, Drama",5.0,0.3927,2019-06-28,"Shivaraj Kumar, Vivek Oberoi, Shraddha Srinath, Rachita Ram, Mayuri Kyatari","The disappearance of an honest IAS officer leads to his family seeking help from police, but to no avail. To their assistance arrives Abhishek, someone who happens to be there for them in times of need. But why does he want to help them? What is his real identity?",2.0
Chigurida Kanasu,Kannada,"Drama, Family, Romance",0.0,0.3924,2003-10-02,"Shivaraj Kumar, Vidhya Venkatesh, Rekha Unnikrishnan, Anant Nag, Avinash","Shankar, a city lad, pays a visit to his ancestral village. When he decides to settle there for good, he faces opposition from his own family and from a village bigwig.",0.0
Ugramm,Kannada,"Action, Drama, Thriller",6.7,0.3892,2014-02-21,"Sriimurali, Hariprriya, Tilak Shekar, Padmaja Rao, Atul Kulkarni","Shivarudra Lingaiah, an MLA candidate, who along with Dheeraj, is awaiting to extract vengeance upon Prabhakar by killing his Daughter Nithya. She arrives at Bangalore to Talagavara to visit her late mother's grave and is kidnapped by Dheeraj's gang on the way. Agastya is an automobile mechanic, who saves her from Dheeraj's gang. He takes her to his house for safeguarding as advised by Prabhakar's family-friend, Vishwa.",13.0
Madhagaja,Kannada,"Action, Crime, Thriller",3.0,0.385,2021-12-03,"Sriimurali, Ashika Ranganath, Chikkanna, Shivaraj KR Pate, Jagapati Babu","Two warring lords are fighting over water and bloodshed. When the wife of one of them decides to send her son away from the land to a safe space, he returns to the same battlefield, much to her exasperation.",2.0
Ee Bandhana,Kannada,"Drama, Family",2.0,0.3822,2007-12-21,"Vishnuvardhan, Jaya Prada, Darshan Thoogudeepa Srinivas, Anant Nag, Tara","Remake of  Hindi film Bhagban(2003), which itself is an unofficial adaptation of Make Way for Tomorrow (1937). An old couple sacrifices everything so their children live a happy life. However, they are forced to separate and subjected to ill-treatment and disrespect in their children's homes.",1.0
Vikrant Rona,Kannada,"Thriller, Action, Mystery",6.0,0.3807,2022-07-28,"Sudeep, Nirup Bhandari, Jacqueline Fernandez, Neetha Ashok, Ravishanker Gowda","Almost half a century ago, a remote village in the middle of a tropical rain forest starts witnessing a series of unexplainable events which they attribute to the supernatural. Vikrant Rona, An eccentric police officer, is assigned to solve the mystery.  A mysterious game unfolds where everyone in the village is a potential victim and everyone is a suspect.",27.0
99,Kannada,Drama,6.2,0.374,2019-05-01,"Bhavana, Ganesh",99 is a 2019 Indian Kannada-language romance film directed by Preetham Gubbi and produced by Ramu. The film stars Ganesh and Bhavana in the lead roles.The film was released on 1 May 2019. It is a remake of the 2018 Tamil film 96 which was reported to have similarities with the 2016 movie Blue Jay.,3.0
Yuddhakaanda Chapter 2,Kannada,Drama,0.0,0.3725,2025-06-20,"Ajai Rao, Archana Jois, Supritha Sathyanarayana, Prakash Belawadi","A hotel cashier turned lawyer, Bharath Hanumanth, navigates his early career in a small law firm while defending Niveditha in a high-stakes courtroom case. He faces off against his former mentor in a story exploring justice.",0.0
Ondu Sarala Prema Kathe,Kannada,"Drama, Romance",0.0,0.3701,2024-02-08,"Vinay Rajkumar, Swathishta Krishnan, Mallika Singh, Karthik Mahesh, Sadhu Kokila","Athishay is a young man who wants to become a music director. Anu is a kind hearted and caring woman. When it comes to love, being a musician Athishay dreams of a woman who matches the rhythm of his heartbeat, and Anu is waiting for a person who is genuine & wishes good for others without expecting anything in return. In a twist of fate, Athisay and Anu get married to each other. However, they do not lose hope and continue their quest for true love.",0.0
Swathi Mutthina Male Haniye,Kannada,"Romance, Drama",10.0,0.3625,2023-11-24,"Raj B Shetty, Siri Ravikumar, Balaji Manohar, Surya Vasishta, Rekha Kudligi","Prerana, a hospice counsellor at a palliative care facility, finds a new meaning in her life when she befriends Aniketh, a terminally ill patient suffers from gastrointestinal cancer. Their bond challenges the conventional notions of love, life and humanity.",1.0
Doddmane Hudga,Kannada,"Drama, Action, Family",5.8,0.3608,2016-09-30,"Puneeth Rajkumar, Radhika Pandit, Bharathi Rao, Rangayana Raghu, Ambareesh","Surya, a boy belonging to a big family of the town, moves out of the house when ignored by his father Rajivappa. However, after a few years, he comes back to rescue his land against Babu, an evil man.",5.0
Banaras,Kannada,"Romance, Science Fiction, Fantasy",4.0,0.3501,2022-11-04,"Sonal Monteiro, Zaid Khan, Sujay Shastri, Devaraj, Achyuth Kumar","An astronaut from an indefinite future fall in love with a girl in present time each other. When his i love is threatened by an existential element, responsibility falls on him to save her, using his future knowledge as an edge ahead.",1.0
Yadha Yadha Hi,Kannada,"Mystery, Thriller",0.0,0.3476,2023-06-02,"Avinash, Diganth Manchale, Hariprriya, Manju Pavagada, Rangnath Sampath",,0.0
Kotigobba 3,Kannada,"Action, Crime, Thriller",5.8,0.3469,2021-10-14,"Sudeep, Madonna Sebastian, Shraddha Das, P. Ravi Shankar, Aftab Shivdasani","Sathya, a philanthropist who now runs an orphanage, has to go to Poland for the treatment of young Janu. While there, an international criminal named Ghost carries out heists. Who is Ghost? And what has Sathya got to do with it all?",6.0
Mythri,Kannada,Drama,7.0,0.3443,2015-02-20,"Mohanlal, Puneeth Rajkumar, Atul Kulkarni, Kalabhavan Mani, Bhavana","Fast paced and evocative, this contemporary social drama delves into concepts of love and fidelity in human relationships in view of modern liberal lifestyles, through the lives of a scientist and a news anchor.",2.0
Manduka,Kannada,"Mystery, Crime, Thriller",0.0,0.3442,2023-12-15,"Anjala, Madhan, Bhushan, Mysore raju, Manikanta",,0.0
Agnyathavasi,Kannada,"Thriller, Mystery",10.0,0.3384,2025-04-11,"Rangayana Raghu, Sharath Lohitashwa, Ravishanker Gowda, Siddu Moolimani, Paavana Gowda","In 1997, a rural police inspector leads a simple life until a crime occurs at his quiet village outpost after 25 years. His investigation uncovers long-buried secrets in the town.",1.0
Badava Rascal,Kannada,"Comedy, Drama, Action",4.0,0.3286,2021-12-24,"Dhananjay, Amrutha Iyengar, Nagabhushana N S, Poornachandra Mysuru, Rangayana Raghu","Badava Rascal is the journey of Shankar who lives life on his own terms. When he gets kidnapped along with his friend over trivial issues by goons, how does he get out of the trouble and what is the motto of abduction unravels the theme of the story.",2.0
Katha Sangama,Kannada,"Drama, Family, Fantasy, Thriller",5.3,0.3239,2019-12-06,"Kishore, Yagna Shetty, Prakash Belawadi, Sowmya Jaganmurthy, Hariprriya",,3.0
Masterpiece,Kannada,"Drama, Action, Comedy",5.6,0.3208,2015-12-24,"Yash, P. Ravi Shankar, Suhasini Maniratnam, Chikkanna, Achyuth Kumar","Masterpiece is a 2015 Indian Kannada action-thriller film written and directed by Manju Mandavya. It stars Yash and Shanvi Srivastava in the lead roles. The supporting cast features Suhasini Maniratnam, P. Ravi Shankar and Chikkanna. The film was released on 24 December 2015.",7.0
Mounam,Kannada,"Drama, Thriller",1.0,0.3207,2020-02-21,"Avinash, Mayuri Kyatari, Balaji Sarma, BK Balaram, Kempe Gowda","When a person is alone, there are many emotions that start running off in his mind. This film is a psychological thriller that captures these emotions of a different kind. When a person is silent, the mind is making a lot of sound.",1.0
Vishnu Sena,Kannada,Drama,0.0,0.3206,2005-12-22,"Vishnuvardhan, Ramesh Aravind, Lakshmi Gopalaswamy, Srinivasa Murthy, Doddanna",,0.0
Sarkari. Hi. Pra. Shale Kasaragodu,Kannada,Drama,7.7,0.3196,2018-08-23,"Anant Nag, Pramod Shetty, Ramesh Bhat, Prakash Thuminad, Rishab Shetty","In Kasargodu, Kerala is a normal school until a big problem comes in its way.",9.0
Vaamana,Kannada,Action,3.0,0.3189,2025-05-05,"Dhanveer Gowda, Reeshma Nanaiah, Tara, Avinash, Achyuth Kumar","Explores the emotions and lifestyles of ordinary people, with a compelling hero Guna pursuing vengeance against antagonists. His actions are driven by his past life, which influences his present and future.",1.0
Bharaate,Kannada,"Action, Drama, Romance",3.0,0.3163,2019-10-18,"Sreeleela, Sriimurali, Ayyappa P. Sharma, P. Ravi Shankar, Sadhu Kokila",,2.0
Milana,Kannada,"Romance, Drama",7.3,0.3155,2007-09-14,"Puneeth Rajkumar, Pooja Gandhi, Parvathy Thiruvothu, Dileep Raj, Sumithra","Hero is in love with a girl who is forced to marry a police officer. Hero is later forced by his parents to marry a girl liked by them. Here starts the trouble again, even she wants a divorce from him. Will hero divorce her or they are happy with each other is the later part of the story",6.0
Upendra,Kannada,"Thriller, Romance",6.6,0.3151,1999-10-22,"Upendra, Damini, Prema, Raveena Tandon, Arun Govil",,15.0
Mr & Mrs Ramachari,Kannada,"Romance, Action, Drama",6.4,0.312,2014-12-25,"Yash, Radhika Pandit, Achyuth Kumar, Srinath, Malavika Avinash","Lovers Ramachari and Divya part ways when Divya begins to question Ramachari's love, trust and way of life. Will they reconcile?",9.0
Daari Thappida Maga,Kannada,"Drama, Family, Action",8.0,0.2019,1975-02-28,"Dr. Rajkumar, Kalpana, Aarathi, B. Jaya, M. V. Rajamma","Two estranged brothers, who could not be more different from one another, choose different paths in life and are eventually reunited by an unexpected twist of fate.",2.0
MAX,Kannada,"Action, Drama",5.5,0.3099,2024-12-25,"Sudeep, Varalaxmi Sarathkumar, Sunil Varma, Pramod Shetty, Manjunatha Gowda",,2.0
Prasad,Kannada,Drama,0.0,0.2561,2012-03-23,"Arjun Sarja, Madhuri Bhattacharya, Neenasam Ashwath, Ramesh Bhat",Shankar is a mechanic who leads a happy life with his wife Malathi and his sister's daughters. Malathi gives birth to a boy named Prasad who is deaf and dumb. Shankar doesn't love his son because he is physically disabled.,0.0
Super,Kannada,Drama,6.15,0.2098,2010-12-03,"Upendra, Nayanthara, Tulip Joshi, Ali Basha","Super (Kannada: ) (originally known only by Vitarka Mudr hand symbol) is a 2010 Indian multilingual film written and directed by Upendra.  This utopian film garnered extraordinary reception from critics and the general public for its revolutionary concept of a contrasting futuristic India set in the year 2030, and the contemporary image of India.  With the title of the film depicted only by a symbol, it features Upendra and Nayantara in lead roles and is produced by Rockline Venkatesh, while V. Harikrishna has scored the music. Raking in more than Rs 100 million through satellite television and audio rights even before release, it was declared a superhit in Kannada where it grossed a record Rs 25 million in first three days of the opening weekend. The film grossed over 50 crore (US$9.05 million) and has been declared one of the biggest blockbusters of Kannada cinema.",10.0
Sampatthige Savaal,Kannada,"Family, Drama",7.0,0.1838,1974-05-31,"Dr. Rajkumar, Vajramuni, T. N. Balakrishna, Manjula, Rajashankar","The movie is based on the play Saahukaara written by B. P. Dhuttharagi.  The film was a musical blockbuster with all the tracks composed by G. K. Venkatesh considered evergreen hits. Rajkumar became popular as a playback singer with the track Yaare Koogadali from the film which became an instant hit among the audiences. He would then go on to sing regularly for his films.  The film was remade in Telugu in 1975 as Thota Ramudu starring Chalam, in Tamil in 1975 as Pudhu Vellam starring Sivakumar and in Malayalam in 1976 as Themmadi Velappan starring Prem Nazir.",3.0
Aakash,Kannada,"Romance, Drama",0.0,0.3,2005-04-29,"Puneeth Rajkumar, Divya Spandana, Avinash, Ashish Vidhyarthi, Pavitra Lokesh","While working odd jobs, Aakash, a wedding photographer, meets Nandini, who falls in love with his optimistic and good-natured personality. The film stars Puneeth Rajkumar and Ramya in the lead roles, while Ashish Vidyarthi and Avinash play pivotal roles. The movie was declared as a Blockbuster hit at the box office. The film found a 200 days run at the cinema halls in Karnataka.",0.0
Keralida Simha,Kannada,Drama,0.0,0.1164,1981-01-01,"Dr. Rajkumar, Saritha, Srinivasa Murthy, Pandari Bai","Shankar, an honest policeman, falls head over heels in love with a lawyer. But an unexpected complication arises when she becomes the defence lawyer of a gangster arrested by Shankar.",0.0
Googly,Kannada,"Comedy, Romance",6.5,0.4378,2013-07-19,"Yash, Kriti Kharbanda, Sudha Belawadi, Neenasam Ashwath, Anant Nag",,11.0
Rathnan Prapancha,Kannada,"Drama, Comedy",5.0,0.4346,2021-10-22,"Dhananjay, Reba Monica John, Umashree, Anu Prabhakar, Pramod Panju",Rathnakara is an insurance agent living a mundane life with his unapologetically loud mother Saroja. An uncomfortable truth about his life leads him to go on a trail to find his world. What does he learn eventually?,2.0
Kumari 21F,Kannada,"Drama, Romance",7.0,0.0881,2018-02-09,"Nidhi Kushalappa, Pranam Devaraj","Siddhu, a chef, falls in love with Kumari, a struggling model from Mumbai. However, when his friends tell him that she has had many boyfriends, he starts doubting her.",1.0
Nagara Mahime,Kannada,Drama,0.0,0.1541,1984-04-21,"Sripriya, Sundar Krishna Urs, Dinesh, Musuri Krishnamurthy, M. S. Umesh",,0.0
Raja Nanna Raja,Kannada,"Romance, Drama, Family",8.5,0.2225,1976-06-04,"Dr. Rajkumar, Aarathi, K. S. Ashwath, T. N. Balakrishna, Thoogudeepa Srinivas","Geetha is in quest of finding a suitor. Just when she believes that she has found her perfect match, a stalker tries to convince her that he was her lover in their previous birth.",2.0
Appu,Kannada,"Romance, Comedy, Action",0.0,0.273,2002-04-26,"Puneeth Rajkumar, Rakshita, Srinivasa Murthy, Sumithra, Ashok",,0.0
Ranganayaki,Kannada,Drama,7.0,0.26,1981-02-06,"Aarathi, Ramakrishna, Ashok, Musuri Krishnamurthy, Ambareesh","The movie explores the nuance of Oedipus Complex. The heroine, a popular theatre artist, falls in love with a rich, young man. They eventually get married and beget a child. But the heroine is bored of married life and wants to dabble in acting. The husband refuses and leaves the town with his child. The heroine gets a lucky break in cinema and becomes a household name. Years later, as fate had it, a young man falls in love with the heroine and she reciprocates his love, but as a mother. She always gives him affection and loves like a mother. She encounters her ex-husband and pleads him to show her son just for once. But as fate has it doesn t happen, and she goes in deep depression and commits suicide, too late for the young lover who realizes that he had fallen in love with his own mother.",1.0
Choo Mantar,Kannada,"Horror, Thriller",0.0,0.2528,2025-01-10,"Rajani Bharadwaj, Kiran Chandrashekar, Chikkanna, Meghana Gaonkar, Sharan",Four friends decide to enter the morgan house looking for a secret treasure. The four discover that before independence the house belonged to a British employee named Morgan. What will happen next is not obvious.,0.0
Aadyaa,Kannada,Thriller,0.0,0.2678,2020-02-21,"Chiranjeevi Sarja, Sangeetha Bhat, Sruthi Hariharan, Giriraj BM, Pramod Shetty","A man gets a call from his ex-lover who needs his help to find her kidnapped daughter but during the investigation, all the evidence suggests that she never really had a daughter.",0.0
Ranadheera,Kannada,"Romance, Thriller, Action",6.5,0.2832,1988-02-18,"V. Ravichandran, Khushboo, Anant Nag, Jai Jagadish, Lokesh","To settle old scores with a police commissioner, Jagannath, a gangster hires a thug, Ranadheera, to abduct his daughter, Radha. However, trouble ensues when Ranadheera falls in love with Radha.",2.0
Chandanada Gombe,Kannada,"Family, Drama",7.0,0.2554,1979-09-28,"Anant Nag, Lakshmi, Lokesh, K. S. Ashwath, Savitri",Chandanada Gombe is a simple love story. Anant Nag is a landlord. Lakshmi's father is a school teacher who is struggling to find a bridegroom for Lakshmi. They get married with the help of relatives. Anant Nag unfortunately dies in an accident. The rest of the story continues about the life of a struggling widow and her child in a traditional society amid village politics.,2.0
Salaga,Kannada,"Crime, Action",0.0,0.2302,2021-10-14,"Duniya Vijay, Dhananjay, Sanjana Anand, Achyuth Kumar, Rangayana Raghu",,0.0
Nishkarsha,Kannada,"Action, Thriller",0.0,0.1684,1993-01-01,"Vishnuvardhan, Anant Nag, B. C. Patil, Suman Nagarkar, Ramesh Bhat",A daylight bank robbery alarms the police in Bangalore. The robber holds the bank staff and customers hostage as the police attempt to rescue the innocent and knock down the culprit.,0.0
Day 1,Kannada,Drama,0.0,0.2247,2024-08-08,"Bhavani, Kaveri, Shreedevi","In the big city of Bengaluru, schools are reopening after 2 years of virtual classes due to COVID-19. A little girl named Sukhi is still asleep without a care in the world however her mother is insistent that she be on time on her first day.",0.0
Gurudev Hoysala,Kannada,"Action, Thriller, Crime",5.0,0.2984,2023-03-30,"Dhananjay, Naveen Shankar, Amrutha Iyengar, Nagabhushana N S, B. S. Avinash",,2.0
Malgudi Days,Kannada,Drama,2.0,0.2739,2020-02-07,"Arjun Kapikad, Vidya Murthy, Vijay Raghavendra, Greeshma Sridhar","A 65-year-old celebrated writer Lakshminarayana Malgudi announces his retirement. On his post-retirement run to complete a few pending things, he happens to meet a young girl named Prakruthi who becomes a part of his journey.",2.0
Ulidavaru Kandanthe,Kannada,"Romance, Drama, Thriller",7.8,0.2464,2014-03-28,"Rakshit Shetty, Kishore, Tara, Yagna Shetty, Achyuth Kumar",,23.0
Huccha,Kannada,"Action, Romance, Drama, Comedy",5.9,0.2732,2001-07-06,"Sudeep, Rekha Vedavyas, Avinash, Shivaram, Pavitra Lokesh","Sachidananda, a popular student, wins the collegiate elections through influence and violence. Simultaneously, he makes some enemies and ends up falling in love with a conservative girl.",5.0
Hudugaru,Kannada,"Action, Drama",7.3,0.3114,2011-05-05,"Puneeth Rajkumar, Yogesh, Srinagar Kitty, Abhinaya, Radhika Pandit",,3.0
Bell Bottom,Kannada,"Comedy, Thriller, Drama",6.808,0.2782,2019-02-15,"Rishab Shetty, Hariprriya, Achyuth Kumar, Pramod Shetty, Yogaraj Bhat",A fun ride to the 80s where a detective solves the mystery of serial police station robbery.,13.0
Raajakumara,Kannada,"Family, Drama",6.8,0.4348,2017-03-24,"Puneeth Rajkumar, Priya Anand, Anant Nag, R. Sarathkumar, Prakash Raj","A dutiful son, a prince in his fathers' eyes, retains his purity of character despite the many challenges thrown his way.",4.0
Naanu Matthu Gunda,Kannada,Drama,0.0,0.1477,2020-01-24,"Samyukta Hornad, Govinde Gowda, Rockline Sudhakar",Auto driver Shankar finds a dog in his vehicle and begins to form a strong emotional bond that becomes the talk of his town and makes his wife jealous.,0.0
Blink,Kannada,"Science Fiction, Music, Thriller",8.0,0.2624,2024-03-08,"Dheekshith Shetty, Chaithra J Achar, Vajradheer Jain, Suresh Anagalli, Mandara Battalahalli","Apoorva, a 24-year-old in Bengaluru, conceals his failed MA from his mother. Juggling part-time jobs, he relies on his love interest, Swapna, for support. Apoorva's unique ability to control blinking becomes a curse when a mysterious old man reveals his father's survival.",1.0
Paropakari,Kannada,"Family, Drama",9.0,0.2111,1970-12-25,"Dr. Rajkumar, Jayanthi, Sampath, Nagappa, Vijayalalitha",Paropakari is a 1970 Indian Kannada language romantic drama film written and directed by Y. R. Swamy. It stars Rajkumar and Jayanthi. It revolves around the story of a self respecting young man who wins a wager with his wealthy father. The film was produced under Bhagavathi Productions. It had a very successful soundtrack composed by Upendra Kumar.,1.0
Moggina Manasu,Kannada,Drama,8.0,0.272,2008-07-18,"Radhika Pandit, Shuba Poonja, Sangeetha Shetty, Manasi, Yash","Moggina Manasu focuses on the confused state of mind of teenage girls and their relationships with boys. It also touches on teenage pregnancy and ragging in colleges, camaraderie with seniors, and teenagers' disrespect towards their parents and studies.",3.0
Naanu Mattu Varalakshmi,Kannada,Drama,0.0,0.2009,2016-12-23,"Sadhu Kokila, Achyuth Kumar, Malavika Mohanan, Rangayana Raghu, Prakash Raj","Motocross racers Munna and Charan are arch enemies and keep competing against each other. However, situations take a drastic turn when Munna falls in love with Varalakshmi, Charan's sister.",0.0
Kalla Kulla,Kannada,"Family, Drama",10.0,0.1567,1975-06-28,"Vishnuvardhan, Dwarakish, Bhavani, Leelavathi, Chethan Ramarao","Kalla Kulla is a 1975 Indian Kannada-language comedy drama film, directed by K. S. R. Das and produced by Shastry Associates. The story is written by M. D. Sundar. The film stars Vishnuvardhan, Dwarakish, Bhavani and Jayalakshmi. The film was widely appreciated for its songs and story upon release. The songs composed by RajanNagendra were huge hits. The movie was dubbed in Hindi as Chor Ka Bhai Chor. H.R. Bhargava was the associate director of this movie. The director remade the movie in Telugu in 1976 as Kallanum Kullanum. The movie was dubbed in Malayalam as Kallanum Kullanum",1.0
Samyuktha,Kannada,"Horror, Thriller",0.0,0.195,1988-05-26,"Shivaraj Kumar, Chi. Guru Dutt, Balaraj, K. S. Ashwath, Sundar Krishna Urs","A young man falls in love with a girl and will go to any extent to prove his love for her. However, things take a turn when he is challenged to stay in a haunted house.  This was the 6th movie of Shivarajkumar as a lead hero. The movie is based on the novel Samyuktha authored by Kakolu Saroja Rao. Originally, the movie was supposed to star Chi Gurudutt and Balaraj in lead roles, however, Shivarajkumar was later brought on board as one of the leads of the movie to garner recognition amongst the audience. The soundtracks for the movie were composed by director Singeetam Srinivasa Rao and background score was composed by Shankar-Ganesh. This was also the first horror thriller movie of Shivarajkumar.",0.0
Rajaratha,Kannada,"Romance, Adventure",6.2,0.291,2018-03-23,"Nirup Bhandari, Avantika Shetty, P. Ravi Shankar, Arya, Sruthi Hariharan","Rajaratha is a 2018 Indian Kannada romantic comedy film written and directed by Anup Bhandari who also composed the film's music. It stars Nirup Bhandari and Avantika Shetty in the lead roles in their second collaboration with the director after the success of RangiTaranga. The film was dubbed in Telugu as Rajaratham (English: Royal Chariot) with Rana Daggubati replacing Puneeth Rajkumar as the narrator. Arya, who made his debut in Kannada cinema for the first time with the film, features in a supporting role alongside P. Ravishankar and Sruthi Hariharan.",2.0
Karataka Damanaka,Kannada,"Comedy, Action",2.0,0.2807,2024-03-08,"Shivaraj Kumar, Prabhu Deva, Nishvika Naidu, Priya Anand, Rangayana Raghu",A jailer sends two fraudsters to his village to convince and get his adamant father to the city. But the frauds do something extraordinary than the task!,1.0
Urvashi,Kannada,Drama,0.0,0.2916,1995-08-07,"Shruti, Ramesh Bhat, Shankar Ashwath, Nikhil",A 1995 kannada movie directed by Amardeva starring Nikhil and Shruthi in the lead roles. Based on the novel of same name by Goruru.,0.0
Yajamana,Kannada,"Drama, Family",0.0,0.2543,2000-12-01,"Vishnuvardhan, Shashikumar, Prema, Ramesh Bhat, Pavitra Lokesh","Shankar sacrifices his own interests and refuses to marry in order to support and educate his younger brothers. However, his life changes when a girl falls in love with him.",7.0
Lucky Man,Kannada,Comedy,6.0,0.2724,2022-09-09,"Darling Krishna, Sangeetha Sringeri, Roshini Prakash, Puneeth Rajkumar, Prabhu Deva","Arjun and Anu, best friends who are married, are on the verge getting a divorce. Arjun happens to meet God, who inquires about what went wrong with this couple. If Arjun gets a second chance to live his life without making the same mistakes, can he get a happily ever after?",3.0
Ibbani Tabbida Ileyali,Kannada,Romance,8.0,0.304,2024-09-05,"Vihan Gowda, Ankita Amar, Girija Shettar, Mayuri Nataraj, Chandrajith Belliappa",,1.0
Mysooru Mallige,Kannada,Drama,0.0,0.2225,1991-07-01,"Shankanada Anjanappa, H. G. Dattatreya, Girish Karnad, Shivamogga Venkatesh","Padma is in love with poet Manju. After he goes missing while trying to save a friend from nationalists, a heartbroken Padma decides to get his poems published.",0.0
Kalpana,Kannada,"Comedy, Horror",2.0,0.2558,2012-09-28,"Upendra, Raai Laxmi, Sai Kumar, Babu Antony, Shruti","Raghava is a fun-loving youngster who enjoys playing cricket with his friends. But at night he is afraid of ghosts and is always confined to his home under the care of his mother (Umashri). His brother (Achyuth Rao), sister-in-law (Shruthi) and their children live together in the same house. When Raghava and his friends go in search of another ground to play cricket, they find an abandoned field, which, it turns out, is haunted. At home, his mother and sister-in-law witness some strange happenings. With the help of a temple priest, they confirm the presence of a ghostly spirit haunting their home. Raghava begins to act funny and shows effeminate behaviour which is when the presence of the ghost is identified. The film goes on to unravel the mystery of the ghostly Kalpana and her relationship with Raghava.",2.0
Anna,Kannada,"Family, Drama",0.0,0.2329,2023-03-27,"Nandan GM, Padmashree CR, Dr. Bhavana Mysore, Sampath Maitreya, Bala Rajwadi",Anna means rice. A family in a village cannot afford rice and a boy just wants to have it.,0.0
Champion,Kannada,Drama,0.0,0.2645,2022-10-14,"Sunny Leone, Sachin Dhanpal, Aditi Prabhudeva, Rangayana Raghu, Shobaraj",,0.0
Babruvahana,Kannada,"War, Drama",7.3,0.2568,1977-01-21,"Dr. Rajkumar, B. Saroja Devi, Jayamala, Kanchana, Vajramuni","Babhruvahana, like Arjuna at the beginning of the Kurukshetra war, faces a moral dilemma. Can he risk harming his parents? While Chitarangada alerts Arjuna to shoot an arrow at their son and take advantage of Babhruvahanas momentary lapse due to a sense of devotion towards them (as Arjuna did with Karna), Uluci, the Naga princess and yet another abandoned wife of Arjunas, reminds Babhruvahana of the teaching of the Kurukshetra battle that in the battlefield there is no space for feelings even towards parents. What Babhruvahana must do is to establish his mothers good name and thereby his own character. This film captures this conflict spectacularly. The eerie parallels with the moral dilemmas of the great Mahabharata battle aside, here all the familial relationships (in particular, strong mothers and dutiful sons) become exaggerated and demand our attention.",5.0
Bhairava Geetha,Kannada,"Romance, Action, Drama",6.0,0.2861,2018-12-07,"Dhananjay, Irra Mor, Kalpalatha","Set against the backdrop of violent class, a love story of a man who turns into a rebel in a battle between feudal-minded oppressors and the downtrodden.",1.0
Ek Love Ya,Kannada,Romance,0.0,0.1662,2022-02-24,"Rachita Ram, Raanna, Reeshma Nanaiah","Amar, a bright young boy, falls in love with Anitha, but when she rejects his advances, Amar turns into a different person with dim prospects. Produced by Rakshitha Prem, it is touted to be a musical love story.",0.0
Bangarada Panjara,Kannada,"Comedy, Family, Drama",8.0,0.1434,1974-01-11,"Dr. Rajkumar, Aarathi, K. S. Ashwath, M. V. Rajamma, Pandari Bai",,1.0
Premada Kanike,Kannada,"Thriller, Drama, Family",8.0,0.1784,1976-03-05,"Dr. Rajkumar, Aarathi, Jayamala, Vajramuni, Thoogudeepa Srinivas","A tutor hired by a wealthy family witnesses a murder, while travelling by a train. She faces a dilemma when she realizes that the murderer is the patriarch of the family she has been hired by.",2.0
Varadanayaka,Kannada,"Action, Crime, Thriller, Comedy, Drama, Romance",5.7,0.13,2013-01-25,"Sudeep, Chiranjeevi Sarja, Sameera Reddy, Nikeesha Patel, P. Ravi Shankar",No one has entered a biography for him.,3.0
Avatara Purusha: Part 1,Kannada,"Thriller, Fantasy, Horror",4.977,0.2757,2022-05-06,"Sharan, Ashika Ranganath, Sai Kumar, Bhavya, Balaji Manohar","When a son of an Ayurveda scholar goes missing, he blames his sister and cuts all ties with her. When the latter's daughter decides to set things right with a devious plan, there seems to be more trouble waiting for the family.",22.0
Circle Inspector,Kannada,Drama,0.0,0.247,1996-09-28,"Malashri, Devaraj, Sai Kumar, Vajramuni, Subhashri","Ashok and his wife Arundhati are honest police officers who fight for justice. Trouble ensues when Arundhati reopens a case, and the culprit comes after her.",0.0
Roberrt,Kannada,"Action, Romance",1.0,0.2216,2021-03-11,"Darshan Thoogudeepa Srinivas, Jagapati Babu, Vinod Prabhakar, P. Ravi Shankar, Devaraj","Raghava lives in Lucknow with his son Arjun and is the head cook in a Brahmin's catering unit. He leads a peaceful existence, wanting the best for his son. All seems to go well, until some skeletons come tumbling out of his closet and he is forced to take on his original avatar.",1.0
Snehaloka,Kannada,Drama,0.0,0.15,1999-07-18,"Ramkumar, Anu Prabhakar, Ramesh Aravind, Vinod Raj, Shashikumar","Sneha Loka is a 1999 Kannada film directed by S Mahender and produced by Jayasri Devi. The film stars Shashikumar, Anu Prabhakar, Ramesh Aravind and Vinod Raj in lead roles. Music was composed by Hamsalekha.",0.0
Eradu Kanasu,Kannada,"Family, Drama, Romance",7.3,0.1825,1974-03-22,"Dr. Rajkumar, Kalpana, Manjula, K. S. Ashwath, Advani Lakshmi Devi","Ramachandra Rao, a professor, is forced to marry Gowri at his family's behest despite being in love with Lalitha. He fails to get along with his wife and broods about his lost love. The movie is based on the novel of the same name by Vani. The film is considered as one of the greatest romantic films in Kannada noted for the strong performances of lead actors Rajkumar and Kalpana.",3.0
Rider,Kannada,"Action, Romance, Drama",7.0,0.3054,2021-12-24,"Nikhil Kumar, Kashmira Pardesi, Chikkanna, Achyuth Kumar, H. G. Dattatreya","Rider is a romantic action entertainer movie directed by Vijay Kumar Konda. Produced by Sunil Gowda Chandru Manoharan. The movie casts Nikhil Kumar and Kashmira Pardeshi are in the lead roles along with Dattanna, Achyuth Kumar, Chikanna, Shivaraj KR Pete, Sampada Hulivana, Rajesh Nataranga, Shobaraj, Niharika, Anusha are seen in supporting role while Arjun Janya scored music for this movie.",1.0
Rajadurgada Rahasya,Kannada,Drama,8.0,0.1036,1967-08-04,"Dr. Rajkumar, Bharathi Rao, Dinesh, T. R. Narasimharaju, Bangalore Nagesh","Rajadurgada Rahasya is a 1967 Indian Kannada-language film, jointly directed by A. C. Narasimha Murthy and S.K.Bhagwan and produced by A. Vasudeva Rao and T. Dwarakanath. The film stars Rajkumar, Bharathi, Udaykumar, Narasimharaju and Dinesh. The film has musical score by G. K. Venkatesh. Rajkumar plays dual roles in the movie. The movie was dubbed in Tamil as Malaikotai Marmam. This was the last movie where Bhagwan directed Bharathi Vishnuvardhan.",1.0
Shakhahaari,Kannada,"Crime, Drama, Thriller",8.5,0.1705,2024-02-16,"Rangayana Raghu, Gopalkrishna Deshpande, Sujay Shastri, Harini Shreekanth, Nidhi Hegde",When the lives of some innocent people start getting intertwined in unforeseen situations they find themselves trapped in a murder mystery. This mysterious butchery infolds in a vegetarian restaurant run by a virtuous Chef Subbanna.,2.0
Bhaktha Vijaya,Kannada,"Drama, Family",0.0,0.2681,1956-12-14,"Dr. Rajkumar, Pandari Bai, Ramachandra Sastry H.R., Mynavathi, M. A. Ganapathi Bhat","When the wife of a zamindar falls seriously ill, she asks him to allow her to seek the blessings of Tukaram by whom the zamindar gets denied earlier. So, will the zamindar invite Tukaram keeping all his pride aside ?",0.0
Dr. 56,Kannada,"Thriller, Science Fiction, Crime",5.7,0.227,2022-12-09,"Priyamani, T. Praveen Reddy, Deepak Shetty, Ramesh Bhat, Manjunath Hegde",Arjun is a theater artist who is suffering from an illness and has to take a pill every 56 minutes. Parallel to his misery is a murder investigation of three neurosurgeons lead by CBI officer Priya Krishna. Priya meets Dr Ashwath and the two go on an exposition about the medical mafia and its consequences.,3.0
Guest,Kannada,Drama,0.0,0.1761,2002-08-08,"Prakash Raj, H. G. Dattatreya, Lakshmi Chandrashekar","Atithi is an attempt to examine the 'other face' - flashes of humanity - of a young man totally immersed in the cult of terrorism. Strange as it may sound, we also see flashes of violence (at times) that trickle into the thinking of another man with total belief in non-violence as the ultimate truth of life.",0.0
Selfie Mummy Googl Daddy,Kannada,"Drama, Comedy, Family",0.0,0.1548,2022-05-13,"Sujan Lokesh, Meghana Raj, Achyuth Kumar, Girija Lokesh, H. G. Dattatreya","Surya and Shalini are a working couple with two kids. To relieve their childrens boredom and for their safety, they buy them mobile phones, but this turns out to be a disaster.",0.0
Giri Baale,Kannada,Drama,0.0,0.2065,1985-07-01,"Ambareesh, Geetha, Shobana, K. S. Ashwath, Loknath","Venkatesh and Neelaveni are in love, but on hearing that Neelaveni is dead, Venkatesh marries Shankari. Just when Venkatesh reconciles with his fate, Neelaveni reappears in his life.",0.0
Man of the Match,Kannada,Comedy,5.5,0.2733,2022-05-05,"Dharmanna Kadur, K Jayaram",A Director calls for an audition and makes a movie out of it by creating conflicts between the artists who attend the audition. First of its kind realistic commercial film in Kannada that has multiple characters and touches upon current social conflicts in a humorous and satirical way.,2.0
Samskara,Kannada,Drama,6.8,0.2458,1970-05-13,"Girish Karnad, P. Lankesh, Snehalata Reddy, B.R. Jayaram, Dasharathi Dixit","Narayanappa, a Madhwa Brahmin man, dies in the Agrahara of the village Durvasapura. As per Madhwa customs, his last rites must be performed at the earliest. However, due to Narayanappa's rebellious actions in life, which included eating meat, consuming liquor and marrying a prostitute, there is disagreement amongst the Brahmins of the village as to who will perform his rites.",5.0
Apthamitra,Kannada,"Drama, Horror, Thriller",8.2,0.2598,2004-08-27,"Soundarya, Vishnuvardhan, Ramesh Aravind, Dwarakish, Prema",,4.0
Veera Chandrahasa,Kannada,"Action, Drama",0.0,0.2751,2025-04-18,"Shivaraj Kumar, Shithil Shetty Airbail, Prasanna Shettigar, Nagashree GS, Uday Kadabaal",,0.0
Kudure Mukha,Kannada,"Thriller, Drama, Family",8.0,0.1011,1978-01-06,"Anant Nag, Aarathi, Ambareesh, Sundar Krishna Urs, Halam","Professor Nataraj, a historian, unearths some invaluable secrets of the past. Rekha, his daughter, seeks the help of Mohan, to save his findings from notorious criminals.",1.0
Padhe Padhe,Kannada,Drama,0.0,0.2249,2013-02-15,Akhila Kishore,"The story is about Sunny, who is a singer in love with Kanchana. There is a twist in the tale as she gets engaged to the son of a politician. Sunny becomes an alcoholic and tries to forget her, but fails. Spoorthi is an event organizer, who is in love with Sunny and helps him to overcome his depression by supporting him to become a popular singer.",0.0
Kempe Gowda,Kannada,"Action, Thriller, Comedy, Crime, Drama",5.8,0.1598,2011-03-11,"Sudeep, Ragini Dwivedi, P. Ravi Shankar, Girish Karnad, Ashok",,7.0
Mayabazar 2016,Kannada,"Drama, Comedy",4.8,0.2083,2020-02-28,"Prakash Raj, Raj B Shetty, Vasishta N. Simha, Achyuth Kumar, Sadhu Kokila",,8.0
Appu Pappu,Kannada,Comedy,0.0,0.2173,2012-06-08,"Master Snehith, Abbas, Rekha Vedavyas, Jennifer Kotwal, Komal Kumar",,0.0
Juni,Kannada,"Romance, Drama",0.0,0.1491,2024-02-09,"Pruthvi Ambaar, Rishika Naik, Avinash, Vinaya Prasad, Sudharani","Based on a real story, Partha, an easy-going cafe owner, falls in love with an artist named Juni, only to discover that she has a multiple personality disorder. Will love stand the test of societal stigma?",0.0
Sahukara,Kannada,Drama,0.0,0.2448,2004-09-24,"V. Ravichandran, Vishnuvardhan, Rambha, Shashikumar, Anu Prabhakar",Sahukara is a 2004 Indian Kannada-language film directed by Om Prakash Rao and produced by K. Manju. It stars V. Ravichandran and Rambha in lead roles.  It was a remake of Tamil film Muthu.,0.0
Popcorn Monkey Tiger,Kannada,"Action, Crime, Drama",6.6,0.2404,2020-02-21,"Dhananjay, Sparsha Rekha, Amrutha Iyengar, Niveditha, Sapthami Gowda",The story narrates details of two characters Seena and Devika experiencing crime in different phases of life by meeting different people who may make them realize human values and emotions or not.,5.0
Halli Meshtru,Kannada,"Romance, Comedy",0.0,0.1686,1992-03-17,"V. Ravichandran, Farheen, T. N. Balakrishna, Silk Smitha, Girija Lokesh",,0.0
UI,Kannada,"Thriller, Fantasy",5.8,0.2543,2024-12-20,"Upendra, Reeshma Nanaiah, Nidhi Subbaiah, P. Ravi Shankar, Sadhu Kokila","Set in a fictional world, the story is about the psychological conflict between a king in a town and an extraordinary man, and how that man, through his cunning and master minded plans takes over everything, takes control of the entire town, becomes a dictator.",11.0
Pandu Ranga Vittala,Kannada,"Romance, Comedy",0.0,0.159,2005-12-30,"V. Ravichandran, Rambha, Prema, Shruti, Tara","Vithala gets married to two women, who are both unaware of each other's existence. He strives hard to keep them happy but encounters various obstacles in his endeavour.",0.0
Jaga Mecchida Maga,Kannada,Family,8.0,0.1357,1972-11-01,"Dr. Rajkumar, Bharathi Rao, M. P. Shankar, K. S. Ashwath, M. V. Rajamma",Jaga Mechhida Maga is a 1972 Indian Kannada-language swashbuckler film directed by Hunsur Krishnamurthy and produced & written by S. Bhavanarayan. It starred Rajkumar and Bharathi. Satyam scored and composed the music to the lyrics written by Hunsur Krishnamurthy,1.0
Vasantha Geetha,Kannada,Drama,0.0,0.1894,1980-01-01,"Dr. Rajkumar, Gayathri, K. S. Ashwath, Srinivasa Murthy, Leelavathi",,0.0
Avatara Purusha 2,Kannada,"Action, Comedy, Fantasy, Thriller",3.571,0.2639,2024-04-05,"Sharan, Ashika Ranganath, Sai Kumar, Bhavya, Sudharani","In a battle of mantras, Dharka and Brahma vie for the Trishanku Mani. But when Jois is found dead, the disturbed Ashta Dhigbandana alerts Dharka to the stone`s presence in the house. Now, a junior artist posing as the long-lost son must fight to save the family from the real son`s dark magic",7.0
Geetha,Kannada,"Drama, Romance",7.0,0.1701,2019-09-27,"Ganesh, Prayaga Martin, Shanvi Shrivastava, Parvathy Arun, Devaraj","Geetha is a 1981 Indian Kannada romance drama film directed by and starring Shankar Nag in the lead role, alongside Padmavathi Rao. The supporting cast features K. S. Ashwath, Ramesh Bhat and Gayathri. Ilayaraaja composed the soundtrack and the background score for the film that and was declared a blockbuster musical hit. The track ""Santhoshakke"" from the film became widely popular in Karnataka and is still performed for in concerts and other events",1.0
Mr. Airavata,Kannada,Action,5.0,0.2036,2015-10-01,"Urvashi Rautela, Darshan Thoogudeepa Srinivas, Prakash Raj, Anant Nag, Sithara",A common farmer turns into an IAS police officer to help the poor and fight against corruption and finally taking the revenge of his murdered sister.,6.0
Pooja Phala,Kannada,"Drama, Romance",0.0,0.2481,1984-06-12,"Arjun Sarja, Mahalakshmi, Srinath, Aarathi, Musuri Krishnamurthy","Rajanna and his brother, Vicky, vow to avenge the murder of their mother at the hands of their cruel and greedy uncle, Rangappa.",0.0
Hennina Sedu,Kannada,Drama,0.0,0.1306,1981-05-11,"Geetha, Srinath, Mohan",,0.0
DK,Kannada,Drama,2.0,0.0532,2015-02-13,"Prem, Sunny Leone, Shobaraj, Sharath Lohitashwa, Rishikumara Swamy",Prem also known as DK is street smart and never loses a bet. Subbulakshmi is a politician's daughter who also never lose a bet. These two characters lives intertwine.,1.0
Dandupalya 2,Kannada,Crime,10.0,0.2179,2017-07-14,"Pooja Gandhi, Makrand Deshpande, Ravi Kale, Sanjjanaa Galrani, Tabla Nani","Dandupalyam 2 is the sequel to 2012 thriller Dandupalyam that chronicled the life and exploitations of the scandalous D-gang. Dandupalya 2 offers a whole new perspective to the already established story, making one question everything they already know.",1.0
Premigala Saval,Kannada,Drama,0.0,0.2387,1984-01-01,"Prabhakar, Archana, V. Ravichandran, Mukhyamantri Chandru, Vajramuni","After his lover Sita gets killed on the day of their wedding by her own father, Ramaswamy, Ramu swears revenge on him. However, he soon realises that his best friend Raja is connected to Ramaswamy.",0.0
Neelambari,Kannada,"Fantasy, Horror",0.0,0.2504,2001-10-09,"Ramya Krishnan, Devaraj, Suman Talwar, Prema, Charulatha","Vinod, a reporter, and his crew arrive in Neela Betta to film a supernatural occurrence. However, things take a turn when after interviewing Akhila, a villager, the entire crew goes missing.",0.0
Naale Rajaa Koli Majaa,Kannada,"Drama, Comedy, Family",0.0,0.2494,2025-05-09,"Samrudhi Kundapura, Sanidhya Acharya, Prabhakar Kunder, Radha Ramachandra, Supreetha K S","On the day of Gandhi Jayanti, when meat sale is prohibited nationwide, an 11-year-old girl goes on a quirky adventure in pursuit of a forbidden chicken curry.",0.0
Kotigobba,Kannada,"Romance, Drama, Crime, Action",9.0,0.2987,2001-11-16,"Vishnuvardhan, Priyanka Upendra, Avinash, Devaraj, Ramesh Bhat","A humble auto driver leads a happy and content life with his ambitious siblings. However, his siblings are unaware of their brother's past.",1.0
Bahaddur,Kannada,Family,9.0,0.3018,2014-08-19,"Dhruva Sarja, Radhika Pandit, Srinivasa Murthy, P. Ravi Shankar, Jai Jagadish",,1.0
Chambal,Kannada,"Thriller, Drama",3.0,0.1952,2019-02-22,"Sathish Ninasam, Sonu Gowda, Pawan Kumar, Achyuth Kumar, Kishore",,1.0
Katheyondu Shuruvagide,Kannada,"Romance, Comedy",7.3,0.2289,2018-08-03,"Diganth Manchale, Pooja Devariya, Shreya Anchan, Ashwin Rao Pallaki, Raaghu Raamanakoppa","A young resort owner, Tarun, is going through a rough time and tries to deal with disappointments, failures, and struggles of his life. In the process of doing so, he strikes up a great bond with a resort guest, Tanya. Will this bond help them to find a new meaning of love and life?",7.0
Saarathi,Kannada,Drama,8.0,0.1872,2011-09-30,"Darshan Thoogudeepa Srinivas, Deepa Sannidhi","Raja, an auto driver, falls in love with Rukmani and ventures out to win her love. However, Rukmani is forcefully sent off to her village to marry her relative, Ajay. Will Raja be able to rescue her?",3.0
Shivashankar,Kannada,Drama,0.0,0.1317,1990-03-28,"Vishnuvardhan, Shobana, Ramesh Bhat, Mukhyamantri Chandru, Doddanna","Shankar earns a living by running a poultry farm. He earns the wrath of a notorious criminal when he helps Moorthi, a police officer, arrest his henchmen.",0.0
Lucia,Kannada,"Fantasy, Romance, Thriller",7.2,0.2283,2013-10-19,"Sathish Ninasam, Sruthi Hariharan, Achyuth Kumar, Hardika Shetty, Balaji Manohar","A man suffering from insomnia is tricked into buying a drug, Lucia, that makes his desires come true in his dreams, blurring the line between fantasy and reality.",53.0
Forest,Kannada,Drama,6.0,0.2858,2025-01-24,"Avinash, Chikkanna, Rangayana Raghu, Anissh","A dense forest conceals a hidden treasure, drawing five villagers into a humorous and action-packed hunt. They must outsmart a notorious criminal and a ghost who is fiercely guarding the treasure. Will they find the treasure?",1.0
Kasturi Nivasa,Kannada,"Family, Drama",9.0,0.2389,1971-01-29,"Dr. Rajkumar, Baby Rani, Jayanthi, Aarathi, T. R. Narasimharaju","The story of an extremely generous and righteous man, Ravi Varma, who succumbs to his intention of being generous no matter what happens. The movie is based on a story, Kasturi Nivasam written by G. Balasubramanium. The film stresses the principle that ""life is to givenot to take"". The role of Ravi Varma, the protagonist played by Rajkumar is a character who upholds the values of life even it means his destruction; a person who is keen on retaining his character's purity and those morals he has cherished. Ravi Varma led a lonely yet righteous life. He did not break his principles even as it lead to his downfall.",1.0
Bhaktha Kumbara,Kannada,Family,9.0,0.1566,1974-08-30,"Dr. Rajkumar, Leelavathi, Manjula, T. N. Balakrishna, Rajashankar","Bhakta Kumbara is a 1974 Indian Kannada biographical film, directed by Hunsur Krishnamurthy and produced by N R Anuradha Devi. The film stars Rajkumar, Leelavati and Balkrishna in lead roles. The film had a musical score by G.K. Venkatesh. Actress Sridevi essayed the role of Muktha Bai (as a child artist), thereby the latter making her Kannada film debut. The movie is based on the life of Gora Kumbhar, a potter turned into a saint who lived in the 13th and 14th centuries in Teredoki village. He supposedly lost his child while curing the clay by his legs for making pots, because he did not notice his child fumbling under his feet as he immersed himself in chanting the name of God. He was called Saint Gora Kumbara by the people of Maharashtra.",1.0
Trunk,Kannada,"Horror, Thriller",4.5,0.2204,2018-07-13,"Nihal Rajput, Vaishali Deepak, Sundara Shree, Aruna Balaraj, Rajesh Bhat",,2.0
Raaj,Kannada,Drama,4.0,0.2605,2009-08-14,"Puneeth Rajkumar, Priyanka Kothari, Manju Bhashini, Rekha Vedavyas, Ramanithu Chaudhary","Hailing from a small village, Muthuraj aspires to be a great actor someday. He goes to the city to pursue his dreams and gets the role of a junior artist. His diligence gets him into the good books of an assistant director who casts him as lead in his new film. But the lead actress leaves the project when she discovers this. Or is this the real reason? Raaj the Showman finds out.",2.0
Hero,Kannada,"Comedy, Thriller",6.2,0.2356,2021-03-05,"Rishab Shetty, Ganavi Laxman, Pramod Shetty, Manjunatha Gowda, Anirudh Mahesh",,6.0
Jackie,Kannada,"Comedy, Action",0.0,0.1996,2010-10-14,"Puneeth Rajkumar, Bhavana, Harshika Poonacha, Rangayana Raghu, Bullet Prakash",,0.0
Shivalinga,Kannada,Drama,6.1,0.2226,2016-04-14,"Shivaraj Kumar, Vedhika, Sakthi Vasu, Vaishali Deepak, Pradeep Ram Singh Rawat","Shivalinga is story weaved around a murder mystery. Who killed Rahim? Why was he killed? Is it murder of Suicide, CID Shivu (Shivrajkumar) investigates the murder mystery. But, what is Shivu's wife's involvement...",7.0
KTM,Kannada,"Drama, Romance",0.0,0.22,2024-02-16,"Dheekshith Shetty, Sanjana Doss, Abhishek Srikanth, Kaajal Kunder, Prakash Thuminad",Karthik seeks love through several attempts. Will he find his destined partner or face continued failure?,0.0
Lifeu Ishtene,Kannada,"Drama, Comedy",8.0,0.2181,2011-09-09,"Diganth Manchale, Samyukta Hornad, Sathish Ninasam, Pawan Kumar, Achyuth Kumar","Vishaal (Diganth) is a careless youngster who does not have any set goals in life. In contrast, his friend Shivu (Neenasam Satish) is serious and advises Vishaal to reform himself. But Vishaal, whose parents allow him a lot of freedom, finds his own way to deal with his love affairs. He falls in love with Nandini (Sindhu Loknath) and wants to marry her. Nandini wants Vishaal to take up a job as it will help her discuss the marriage proposal with her father. He thinks she is the one for him, but only till the point where he has to choose between his music career and her. At this point they break up.  Later Vishaal meets television anchor Rashmi (Samyukta Horanadu) who is ready to marry him but Vishaal realises he wishes to be alone. Meanwhile, his best friend Shivu falls ill and the film ends with both of them video-conferencing about life in general.",1.0
Pedda Gedda,Kannada,"Action, Comedy, Drama",0.0,0.2168,1982-01-01,"Dwarakish, Aarathi, Vishnuvardhan, Bharathi Rao, Jayamala","The heir to a huge estate has a cognitive disability and only has the support of a kind aunt. Meanwhile, his greedy relatives plot his murder.",0.0
Mugil Pete,Kannada,Romance,10.0,0.2155,2021-11-19,"Manoranjan Ravichandran, Rishi, Kayadu Lohar","Two families stand at loggerheads in their ideologies. A family that has failed to understand that love plays an important role in a relationship, and the other believes that love is the elixir of any relationship? What happens when Raja and Apoorva fall in love?",1.0
Gandhada Gudi,Kannada,"Thriller, Family, Drama",10.0,0.2147,1973-09-21,"Dr. Rajkumar, Vishnuvardhan, Kalpana, M. P. Shankar, T. R. Narasimharaju","When forest officer Kumar protects natural resources from poachers, their boss, Anand, becomes his main rival. But little does Kumar know that Anand is his brother.",1.0
Kiss,Kannada,"Romance, Comedy",2.6,0.2113,2019-09-27,"Viraat, Sreeleela, Sadhu Kokila, Chikkanna, Apoorva Gowda","Kiss tells the love story of Nandini and Arjun. Nandini is a young, modern day college student who holds on to traditional values and Arjun is a rich, carefree guy. The film is an exploration of young love, directed by A. P. Arjun and produced by V. Ravi Kumar under Rashtrakuta Pictures. The lead actors are Viraat Vellanki and Sree Leela. The credit for the music score goes to V. Harikrishna and Adi Hari.",4.0
Operation Alamelamma,Kannada,"Thriller, Comedy, Drama",8.3,0.2103,2017-07-21,"Rishi, Shraddha Srinath, Rajesh Nataranga, Aruna Balaraj, Vishwa Vijetha","Purmy's life turns upside down when gets framed for kidnapping John, the schoolgoing son of a businessman, after he picks up an abandoned luggage, lying on the street. With the ongoing investigation, a number of twists and turns make the police suspect everyone, including their own kin.",6.0
Bullet Basya,Kannada,Drama,0.0,0.2101,2015-07-24,"Sharan, Hariprriya, Rangayana Raghu, Sadhu Kokila, Prashanth Siddi","Bullet Basya, a playboy, falls in love with Kaveri but when Basya discovers that Kaveri loves Muthu, he kidnaps him and stages his death. Kaveri vows to take revenge on Basya.",0.0
Premier Padmini,Kannada,Drama,5.0,0.2099,2019-04-26,"Jaggesh, Madhoo, Sudharani, Pramod Panju, Vivek Simha","Vinayak is a middle-aged man who is on the verge of getting a divorce. Life seems to be going downhill, which is noticed by his new driver, Nanjundi. Will Vinayak get over the slump in his life?",3.0
Ninne Preethisuve,Kannada,Romance,0.0,0.2099,2002-08-09,"Shivaraj Kumar, Ramesh Aravind, Raasi","Ninne Preethisuve is a 2002 Kannada film directed by Om Prakash Rao. The film stars Shivaraj Kumar, Ramesh Aravind and Raasi in lead roles. Music was composed by Rajesh Ramanathan.",0.0
Mungaru Male 2,Kannada,"Comedy, Drama, Romance",5.0,0.2095,2016-09-09,"Ganesh, Neha Shetty, Shilpa Manjunath, Aindrita Ray, V. Ravichandran","Preetham is a confused youngster, whose is born to a wealthy family and lives the hipster life. He seeks constant change and adventure, even in his love life. When he finally meets a match in Nandini, does he really find a happily ever after?",5.0
Kiragoorina Gayyaligalu,Kannada,"Drama, Crime",8.5,0.2087,2016-03-11,"Shwetha Srivatsav, Sukrutha Wagle, Karunya Ram, Yogesh, Kishore",,2.0
Cheluvi,Kannada,"Drama, Family",0.0,0.206,1992-06-11,"Sonali Kulkarni, Prashant Rao, Girish Karnad","Cheluvi, a poor young woman, has a secret magical power. With the magic, she turns into a tree which produces exotic flowers. Soon, her secret is spotted by Kumar, the son of the village head.",0.0
Mayura,Kannada,"Action, Drama, History",7.5,0.2059,1975-09-12,"Dr. Rajkumar, Srinath, Vajramuni, T. N. Balakrishna, K. S. Ashwath",,5.0
Diggajaru,Kannada,Drama,0.0,0.1711,2001-01-26,"Vishnuvardhan, Umashree, Ambareesh, Doddanna, Lakshmi",,0.0
French Biriyani,Kannada,Comedy,5.5,0.2834,2020-07-24,"Danish Sait, Pitobash, Sal Yusuf, Disha Madan, Rangayana Raghu",A French expatriate and an auto driver go on a three-day journey.,2.0
Vijayaratha,Kannada,"Drama, History, Thriller, Romance",0.0,0.1147,2019-08-23,"Arpitha Gowda, Vasanth Kalyan, Archana Jois, Rajesh Nataranga, Niharika Konidela","Vijayaratha is a suspense thriller which follows a guy on a race against time to save a life, even as the world around him starts falling apart. Directed by Ajay Surya, the film stars Vasanth Kalyan and Arpitha Gowda in central roles.",0.0
Lee,Kannada,Drama,0.0,0.1214,2017-01-13,"Sumanth Shailendra, Nabha Natesh, Sneha Namdhani, Sadhu Kokila, Rahul Dev",A cute love story which encounters obstacles that challenges their love.,0.0
Seetha Ramu,Kannada,"Science Fiction, Thriller",10.0,0.167,1979-05-04,"Shankar Nag, Thoogudeepa Srinivas, Manjula, Sundar Krishna Urs, Prabhakar","Seetharamu is a 1979 Indian Kannada-language film directed by V. Somashekhar. The film stars Shankar Nag, Manjula and Thoogudeepa Srinivas. The film is based on a science fiction plot of a brain transplant. The movie was remade in Telugu as Seethe Ramudaithe, starring Shankar Nag in his Telugu debut, and in Hindi in 1995 as Diya Aur Toofan. The song Ee Roopave Nannee Baalina was earlier used by Chellapilla Satyam for the 1978 Telugu movie Annadammula Savaal, which incidentally was a remake of the 1977 Kannada movie Sahodarara Savaal.",1.0
Manada Kadalu,Kannada,"Romance, Drama",0.0,0.2688,2025-03-28,"Rangayana Raghu, H. G. Dattatreya","""Manada Kadalu"" is a coming-of-age love story. Sumukha, an MBBS dropout, pursues love interest Rashika. However, friend Anjali's influence leads him to self-discovery and reevaluating life's value.",0.0
Circus,Kannada,"Action, Thriller",0.0,0.1214,2009-01-15,"Ganesh, Archana Gupta, Sadhu Kokila, Avinash, Pawan Kumar","Dhanush tries to prank the authorities by sending a fake threatening letter to bomb a train. However, he soon realises that a terrorist group truly plans to do it and tries to thwart them.",0.0
Bachchan,Kannada,"Action, Thriller, Romance, Drama, Comedy",5.8,0.1865,2013-04-11,"Sudeep, Jagapati Babu, Bhavana, Parul Yadav, Tulip Joshi","Bharat alias Bachchan is a kind-hearted real estate businessman, who is the MD of the Bharat Property Solutions. He is deeply in love with Anjali (Bhavana), who is doing MS in Bellary and wants to deliver honest service to the needy people. But her wish becomes an obstacle for a mining mafia don.",8.0
Garuda Purana,Kannada,"Drama, Thriller",0.0,0.1667,2023-03-11,"Manjunath B Nagba, Disha Shetty, Rajkumar, Santhosh Karki, Cheluvaraj",,0.0
Uppi 2,Kannada,Thriller,7.1,0.1597,2015-08-14,"Upendra, Kristina Akheeva, Sayaji Shinde, Parul Yadav, Shobaraj","Neenu leads a selfless life helping others in need without expecting anything in return. In the meantime, the police and an underworld don are on the lookout for him over a multi-crore property.",7.0
Nammammana Sose,Kannada,Drama,0.0,0.1475,1980-07-26,"Jayamala, Mohan, Leelavathi, K. S. Ashwath","A drama film directed by Jawahar and P Vadiraj, starring Jayamala Omaiah in the lead role.",0.0
Naanobba Kalla,Kannada,"Family, Drama",9.0,0.1393,1979-11-29,"Dr. Rajkumar, Lakshmi, Kanchana, Thoogudeepa Srinivas, Prabhakar",,1.0
Daada,Kannada,"Action, Drama",0.0,0.1617,1988-11-07,"Vishnuvardhan, Geetha, Suparna, Sangeetha, Pandari Bai","A landlord kills Ganga's father for disobeying him, which compels Ganga to kill him in revenge. He later joins a group of people that fight against anti-social elements.",0.0
Devara Kannu,Kannada,Drama,0.0,0.1244,1975-01-01,"Lokesh, Aarathi, Anant Nag, Ambareesh","Dr.Ramesh is on the run from police having fled from the scene of murder shown red handed killing his sister's ( Jayalakshmi, as Rekha) rapist played by Ambarish. He meets up with Sandhya ( Arathi) also a runaway bride from her home in a lonely Railway station on a rainy night. Witha white saree clad woman singing a haunting song, this makes the setting very eerie for the two strangers.They learn slowly who they are and iy looks tye hands of destiny bare actove to make the betrothed hero and heroine meet thus.",0.0
Kotigobba 2,Kannada,"Romance, Action, Thriller",6.7,0.1834,2016-08-12,"Sudeep, Nithya Menen, P. Ravi Shankar, Nasaar, Prakash Raj","Sathya, a real estate agent, whose lookalike brother Shiva, who moonlights as a robber. After he robs Rs 250 crores from a couple of businessmen, both brothers become the target of a corrupt cop, who is keen on nailing them.",3.0
Gultoo,Kannada,"Thriller, Crime, Drama",7.7,0.1418,2018-03-30,"Naveen Shankar, Sonu Gowda, Avinash, Rangayana Raghu","Struggling to find a foot in the start-up scene, two aspiring entrepreneurs are entangled in a vicious loop of investigative trials following an unprecedented crime.",7.0
Devaki,Kannada,"Thriller, Drama",1.0,0.294,2019-07-05,"Kishore, Priyanka Upendra, Sanjeev Jaiswal, Aishwarya Upendra",,2.0
Chase,Kannada,"Crime, Thriller",0.0,0.2931,2022-07-15,"Radhika Narayan, Avinash Narsimharaju, Sheetal Shetty, Rajesh Nataranga, Pramod Shetty","Visually-impaired former cop Nidhi finds herself being part of an unexpected accident scene. She goes to report it to the cops, where CCB officer Avinash takes charge of the case. This case brings unexpected closure for both the complainant and the investigating officer in different ways.",0.0
Saara Vajra,Kannada,Drama,0.0,0.0969,2022-05-20,"Anu Prabhakar, Ramesh Bhat, Sudha Belawadi, Rahman Hassan, Pradeep Poojari","Nafisa is a small-town girl born in a Muslim household, who has dreams of a good family life. When she is married to a well-off boy who knows the big city life, her happily-ever-after seems far from becoming a reality.",0.0
Bheema,Kannada,Action,0.0,0.2469,2024-08-09,"Duniya Vijay, Priya Shatamarshan, Dragon Manju, Cockroach Sudhi, Kalyani Raju","Bheema, a gangster, wages a war against Dragon Manju, an aspiring politician and drug dealer, for supplying drugs in his locality and making the youngsters to become drug addicts.",0.0
Dilwala,Kannada,"Drama, Romance",0.0,0.1972,2013-10-04,"Sumanth Shailendra, Radhika Pandit, P. Ravi Shankar, Sharath Lohitashwa, Ramesh Bhat","Dilwala is a 2013 romantic drama Kannada film directed by Anil Kumar (Dilwala Anil). The film stars Sumanth Shailendra and Radhika Pandit.  Shailendra Babu produced this film which was backed with Arjun Janya's music and Sudhakar's cinematography.  Shot at the scenic locales of Bangalore, Mysore, Ooty and Dubai for two songs, the film speaks about a campus romance between a village farmer girl and a rich brat boy. The film received average response from the critics and performed above average at the box-office with the first weekend collections of up to 3.7crores.  Prem, a young college student, falls in love with his classmate, Preethi. Things turn sour for the lovers when Jayasimha, Prem's father, asks him to stop seeing Preethi as her father is his enemy.",0.0
Ninnindale,Kannada,"Drama, Comedy, Romance",6.0,0.1968,2014-01-16,"Puneeth Rajkumar, Erica Fernandes, Brahmanandam, Sonia Deepti, Sadhu Kokila",Vicky Venkatesh ( Puneeth Rajkumar) is an adventure enthusiast based in New York. He's tried everything from sky diving to rock climbing. Pramila (Erica Fernandes) comes to New York in ...,3.0
Bachelor Party,Kannada,Comedy,0.0,0.1962,2024-01-26,"Diganth Manchale, Achyuth Kumar, Siri Ravikumar, Achara Kirk, Prakash Tuminadu",A man dissatisfied in his marriage is persuaded to attend the bachelor party of an old friend.,0.0
Banker Margayya,Kannada,Drama,0.0,0.1956,1983-04-30,"Lokesh, Jayanthi, Sundar Raj, Vijayaranjini, Sundar Krishna Urs","Margayya, a smart moneylender, works as an advisor for the innocent villagers. However, his life takes a drastic turn when he loses his job.",0.0
KD  The Devil,Kannada,"History, Crime, Action",0.0,0.1952,2025-09-04,"Dhruva Sarja, Shilpa Shetty Kundra, Sanjay Dutt, Reeshma Nanaiah, V. Ravichandran",,
Eerie,Kannada,"Mystery, Thriller",0.0,0.1948,2020-05-01,Anupama Sridhar,A nurse who has aspires to be writer gets these strange dreams while she's going to encounter something strange. When she goes as a replacement for her friend to a isolated house in the woods she gets a eerie encounter with the patient.,0.0
Jogi,Kannada,"Action, Drama",7.0,0.1941,2005-08-19,"Shivaraj Kumar, Jennifer Kotwal, Arundathi Nag, Ramesh Bhat, Kishan Shrikanth","After a crime lord is murdered by Madesha, Nivedhitha, a journalist, sets out to meet him. She ends up meeting an old woman and promises to help her find her son, who is none other than Madesha.",2.0
Arjun,Kannada,Drama,0.0,0.1939,2008-08-12,"Darshan Thoogudeepa Srinivas, Anant Nag, Urvashi, Sanjjanaa Galrani, Meera Chopra",Police officer Arjun has strong moral values and lets criminals off with a warning. But he is in a fix when he learns that his father is paying petty criminals to help him catch big criminals.,0.0
Chakravarthy,Kannada,"Crime, Action",7.6,0.1929,2017-03-10,Darshan Thoogudeepa Srinivas,"Gangster life, from the 1980s to today, is represented in this movie.",5.0
Shyloo,Kannada,"Romance, Drama",0.0,0.1927,2011-12-10,"Ganesh, Bhama, Suchendra Prasad, Rangayana Raghu","A petulant lover escapes prison after learning about an impending marriage between his lady love and a stranger. However, his decision leads to a series of disasters that culminates in a tragedy.",0.0
Rocky,Kannada,Drama,3.0,0.1924,2008-12-25,"Yash, Bianca Desai, Santhosh Aryan, K. L. Thimmappa Raju, Jai Jagadish",Rocky is a young college student raised in an unloving home. Usha comes from a loving home but lost her mother in death. They meet on her first day of college and it is love at first sight for Rocky.,2.0
Maathu Tappada Maga,Kannada,Drama,5.0,0.1917,1978-03-30,"Anant Nag, Rajinikanth, Aarathi, Sharada, K. S. Ashwath","Kumar falls for Latha but is unable to marry her as his father opposes their relationship. After Kumar marries another woman, Chandru, an evil man, enters Latha's life, and Kumar tries to save her.",1.0
Mommaga,Kannada,"Romance, Drama",0.0,0.1912,1997-01-01,"V. Ravichandran, Meena, Prakash Raj, Umashree, C. R. Simha","After the death of his parents, Surappa is raised by his grandparents. He grows up to become a beloved leader but loses power due to his evil cousin Nanja's treachery.",0.0
Bheemasena Nalamaharaja,Kannada,Drama,10.0,0.191,2020-10-29,"Aravinnd Iyer, Aarohi Narayan, Achyuth Kumar, Priyanka Thimmesh, Vijay Chendur","A pinch of love, a dollop of happiness with a scoop of togetherness. Join this cook on a flavorsome journey of love, loss and friendship. When tragedy sizzles through his life, it is to see if he can save the dish and toss a sweet ending.",2.0
Pancharangi,Kannada,"Drama, Comedy",6.2,0.1906,2010-09-04,"Pawan Kumar, Nidhi Subbaiah, Anant Nag, Ramya Barna, Padmaja Rao","A family goes to a village near Mangalore to finalize a bride for the elder son, Lucky, played by Pavan Kumar. Lucky is a US-based software professional, and is a teetotaler, always abiding by the pressure and demands of his parents, so much to the fact that he does not have the courage to speak out that he already has a girlfriend. Bharath Kumar, the youngest son, the character played by Diganth, is a carefree individual with weird ideas on life. Bharath meets a tomboyish girl, Ambika, who is the house-owner's niece, and they begin to mingle well due to the nature of their personalities.  However, following a few unusual twists and turns, the alliance is called off and the groom's family members walk out due to embarrassment. Ambika, who has now developed a strong feeling of love towards Bharath, goes ahead and confronts him. And finally, Bharath too says yes.",6.0
Raymo,Kannada,"Drama, Romance",0.0,0.1897,2022-11-25,"Ashika Ranganath, Ishan, R. Sarathkumar, Rajesh Nataranga, Madhoo","Revanth deshpande a rich kid, but never dependent on his father's money. What ever he earned he earned from his music talent, yes he is Rockstar, his name as a Rockstar is RAYMO. Raymo lost his mother when he was 10 year old. He always missed mother's love. Because his father got married another woman right after his mother's death. There is no good relationship between father and son. Raymo is very unpredictable, psychic, drug addict, and a 100% womanizer. As he gets a recognition from the foreign company now he is in search of a female voice especially carnatic vocalist. He finds one she is Mohana, once Mohana enters Raymo's life. Everything starts changing as both protagonists are in love. But there are en number of hurdles for there love. Will there love be successful???",0.0
Bangara s/o Bangarada Manushya,Kannada,Family,7.0,0.1896,2017-05-19,"Shivaraj Kumar, Vidhya Pradeep, Srinath, Shivaram, Chikkanna","Shivaraj is a rich business man who has no feelings towards relationship. Nayana falls for him and joins his company. But he never reprocates her. He reveals to her that he hates relations and the word 'tomorrow' because one day his father said tomorrow he will return but never didn't. He learns from Nayana's father that his father (Dr.Rajkumar) had dedicated his life for farmers. He also does the same and succeeds. But he falls unconscious on his self created 'Farmers Day'. He tells that the day he was talking to Nayana he had a small accident and discovered that he had cancer which cannot be treated. As the film ends, everybody cry including Nayana who says that she knew about his cancer.",3.0
Kariya,Kannada,"Action, Crime",0.0,0.189,2003-01-03,"Darshan Thoogudeepa Srinivas, Abhinaya Sri, Suresh Sharma, Jayashree B., Mico Nagaraj",,0.0
Namma Samsara,Kannada,"Family, Drama",0.0,0.1886,1971-03-03,"Dr. Rajkumar, Bharathi Rao, Rajashankar, T. N. Balakrishna, Dinesh","Krishna, who works in a garage, falls for Bhama, a wealthy woman, and marries her. However, the difference in their way of lives due to their financial status causes tension in their family life.",0.0
Sankashta Kara Ganapathi,Kannada,"Comedy, Romance",6.5,0.1884,2018-07-27,"Likith Shetty, Achyuth Kumar, Shruti Goradia, Manjunath Hegde, Nagabhushana N S","Ganapathi, a cartoonist, is diagnosed with a neurological disorder called Alien Hand Syndrome, which poses a hindrance in his daily life. Despite the disorder, Ganapathi attempts to achieve his goal and also goes on to woo the girl he loves.",2.0
Hatrick Hodi Maga,Kannada,"Action, Crime",0.0,0.1884,2009-05-08,"Shivaraj Kumar, Manju Bhargavi, Nicolette Bird, B. Jaya, Mohan Juneja",Hatrick Hodi Maga movie is having strong story with some actions.Hodi Maga refers to a mother asking her son to beat up someone. Shivarajkumar plays the lead role.Nicolette Bird is playing the role of teacher and Manju plays mother role.,0.0
Guri,Kannada,Drama,3.0,0.188,1986-09-29,"Dr. Rajkumar, Archana, Pandari Bai","Kaliprasad, an efficient and dedicated customs officer, is falsely accused of rape after he rejects mafia leader Rudrayya's invitation to participate in illegal activities with him.",1.0
Govinda Govinda,Kannada,"Comedy, Thriller, Crime",0.0,0.187,2021-11-26,"Roopesh Shetty, Bhavana, Sumanth Shailendra, Kavitha Gowda, Pawan Kumar",Three college slackers fake a friend's kidnapping to help her escape her strict father. The plan works... until it meets a stranger-than-fiction reality.,0.0
Shakthi Yukthi,Kannada,"Comedy, Drama",0.0,0.1864,1992-04-20,"Anant Nag, Vinaya Prasad, Pramod Chakravarthy, Doddanna, Mukhyamantri Chandru",,0.0
Rhaatee,Kannada,Drama,0.0,0.1862,2015-03-20,"Dhananjay, Sruthi Hariharan, Bullet Prakash, Suchendra Prasad, Uday",,0.0
ATITHI,Kannada,"Horror, Thriller, Mystery",8.0,0.1855,2024-07-12,"Santhosh Bilinele, Deepak Rai Panaje, Binu Balakrishnan, Nayana P, Samhitha Santhosh","ATITHI is a Kannada short film about a caring father whose growing health concerns lead to a terrifying ordeal. Haunted by a mysterious, unseen visitor, he struggles to distinguish between reality and his own fears. As the line between the real and imagined blurs, he fights to maintain his sanity amidst the haunting presence.",1.0
Kalinga,Kannada,Drama,0.0,0.1855,1980-03-11,"Vishnuvardhan, Rati Agnihotri, Geetha, Prabhakar, Udaykumar","Prabhakar, a cop, is murdered. A clue left by him leads his father to his lookalike Ranga. Ranga then trains to avenge Prabhakar's murder.",0.0
Kalpana 2,Kannada,"Comedy, Horror",8.0,0.1854,2016-07-15,"Upendra, Avantika Shetty, Priyamani, Tulasi, Chitra Shenoy","Raghava has Nyctophobia. Raghava, who loves Nandhini, is a cinematographer for a TV channel and wants to shoot a fake haunted house, in order to increase TRP ratings. To their misfortune, they are haunted, not by one but by five ghosts.",1.0
Sahodarara Savaal,Kannada,"Family, Drama",8.0,0.1851,1977-09-16,"Rajinikanth, Vishnuvardhan, Leelavathi, Kavitha, T. N. Balakrishna","Two brothers get separated when they are young but dislike each other after reuniting as adults. Though they are initially unaware of their parentage, their interests align once they learn the truth.",1.0
Neethi,Kannada,Thriller,0.0,0.1849,2025-06-06,"Kushee Ravi, Sampath Maitreya, Praveen Atharva","A woman gets into a relationship that ends up in domestic violence. Eager to die, she finds ways to kill herself. However, an opportunity presents itself in the form of a thief.",0.0
Shruthi Seridaga,Kannada,Drama,0.0,0.1846,1987-01-01,"Dr. Rajkumar, Madhavi, Geetha, K. S. Ashwath","Shruthi Seridaga is based on the novel by Kumuda. It busts the myth of Astrology. Astrology Charts mention first wife of Dr Murthy (played by Dr Rajkumar) would die within an year of marriage. Learning this, TN Balakrishna, Madhavi's father cancels Madhavi's marriage with Murthy. Heartbroken Murthy eventually comes out of grief, marries his teacher's daughter Geetha, who goes on to leave for more than an year and delivers a baby. Purandara Dasa's rhyme sakala grahabala neene sarasijaaksha (God graces each man much more than the planets ever would) is pronounced as the theme.",0.0
Love Li,Kannada,"Drama, Romance",6.0,0.1839,2024-06-14,"Vasishta N. Simha, Stefy Patel, Achyuth Kumar, Malavika Avinash, H. G. Dattatreya","An orphan grows up to become a gangster who finds love. However, he faces a critical situation where he risks losing everything.",1.0
Paduvaaralli Pandavaru,Kannada,"Family, Drama",8.5,0.1839,1978-05-26,"Ambareesh, Ramakrishna, Jai Jagadish, Aarathi, Shubha",Five men come together to fight against a corrupt landlord to secure justice for the tyranny caused by him in their village.,2.0
Dhwaja,Kannada,Drama,0.0,0.1836,2018-04-27,"Ravishanker Gowda, Divya Uruduga, T. N. Seetharam, Priyamani, Tabla Nani",,0.0
krishna,Kannada,"Drama, Romance",0.0,0.1828,2007-10-05,"Ganesh, Pooja Gandhi, Sharmiela Mandre, Sharan, Sudha Belawadi",,0.0
Suntaragaali,Kannada,"Action, Drama",0.0,0.1827,2006-02-17,"Darshan Thoogudeepa Srinivas, Rakshita, Ashish Vidhyarthi, Rangayana Raghu, Umashree","A reckless young man works for a gangster who exploits him in order to contest the local elections. However, his life changes when he learns a secret about his upbringing.",0.0
Deva,Kannada,"Romance, Action, Drama",0.0,0.1826,1989-01-01,"Vishnuvardhan, Rupini, Tara, Devaraj, Vajramuni","Deva, a villager, helps support his two brothers' education and upbringing. However, he sets out to exact revenge on them after they forget his good deeds and destroy his life.",0.0
Brahma,Kannada,Drama,0.0,0.1823,2014-02-07,"Upendra, Nasaar, Pranitha Subhash, Sayaji Shinde, Rahul Dev","Brahma, a notorious gangster, escapes to Malaysia. He meets a girl who falls in love with him instantly. Everything changes when Brahma returns to India followed by the girl.",0.0
Bisi Bisi,Kannada,Drama,0.0,0.1822,2004-01-22,"Ramesh Aravind, Anu Prabhakar, Shankar Rao, Madhuri Bhattacharya","Bisi Bisi is a 2004 Kannada film directed by Ramnath and produced by Ajay Chandani. The film stars Ramesh Aravind, Anu Prabhakar and Shankar Rao in lead roles. Music was composed by Milind Dharmasena.",0.0
Mojina Maduve,Kannada,Drama,0.0,0.1821,1993-01-01,"Devaraj, Tara, Disco Shanti, Mukhyamantri Chandru, Lohithaswa",,0.0
Olavu Geluvu,Kannada,"Family, Drama, Romance",9.0,0.1821,1977-11-17,"Dr. Rajkumar, Lakshmi, Sampath, Thoogudeepa Srinivas, Honnavalli Krishna","Olavu Geluvu is a 1977 Indian Kannada-language film, directed by H. R. Bhargava and produced by S. A. Srinivas. The film stars Rajkumar, Lakshmi, Balakrishna and Sampath. The film has musical score by G. K. Venkatesh.",1.0
Nagarahavu,Kannada,Drama,10.0,0.182,2016-10-16,"Vishnuvardhan, Diganth Manchale, Divya Spandana","Naganika's family is in charge of an ancient monument that Kapali has his eyes set on. When Kapali kills her to seek the monument, Naganika transforms into a snake in her next life to seek revenge.",1.0
Veera Parampare,Kannada,"Action, Drama",0.0,0.1819,2010-10-29,"Sudeep, Ambareesh, Aindrita Ray, Vijayalakshmi Singh, Shobaraj",A respected man residing in a village attempts to protect its sanctity from wicked industrialists who are trying to invade the village for their personal benefit.,0.0
Bairagee,Kannada,"Action, Drama",4.0,0.1814,2022-07-01,"Shivaraj Kumar, Dhananjay, Pruthvi Ambaar, Anjali, Yasha Shivakumar",,2.0
Tora Tora,Kannada,"Comedy, Science Fiction",0.0,0.1814,2017-12-22,"Manju Heddur, Saniha Yadav, Pooja Raju, Priyanka Arora, Surya Ninasam","A gang of seven college students accidentally come across a time machine and they decide to use it, to change their past. However, later they find out that changing the past could cause total chaos and annihilation.",0.0
Visions of Mookajji,Kannada,Drama,10.0,0.1804,2019-11-29,"Jayashree B., Aravind Kuplikar, Nandini Vittal, Rameshwari Varma, Pragathi Prabhu","An 80-year-old widow with extra-sensory perceptions can see the history behind the objects she touches, through which she comments on evolution of culture, concepts of God, religion, relationships, humans and their sexuality, etc.",1.0
Bettada Hoovu,Kannada,"Comedy, Drama, Family",8.0,0.1804,1985-01-01,"Puneeth Rajkumar, Padma Vasanthi, T. N. Balakrishna, Sadashiva Brahmavar, Honnavalli Krishna","Ramu, a poor boy and an avid reader, works hard and saves money to buy his favourite book. But, situations drive him to take a hard decision when his family members suffer in cold weather.",2.0
Parajitha,Kannada,Drama,0.0,0.1799,1982-01-01,"Srinivasa Murthy, Aarathi, Jai Jagadish, Aruna Mucherla, K. S. Ashwath",,0.0
Ravi Shastry,Kannada,"Drama, Comedy",0.0,0.1795,2006-09-28,"V. Ravichandran, Sneha, Anant Nag, Doddanna, Vinaya Prasad","Ravi Shastry, a barber's son, pretends to be a Brahmin to secure a livelihood. His wedding to Bhanu, the Brahmin community head's daughter, is stalled when his bluff is called.",0.0
Powder,Kannada,Drama,0.0,0.1793,2024-04-05,"Diganth Manchale, Dhanya Ramkumar, Sharmiela Mandre, Rangayana Raghu, Achyuth Kumar",A small village and revolves around a group of miscreants in pursuit of a valuable treasure.,0.0
Sipayi Ramu,Kannada,"Family, Drama",9.0,0.1789,1972-02-04,"Dr. Rajkumar, Leelavathi, Aarathi, K. S. Ashwath, Thoogudeepa Srinivas","Sipayi Ramu is a 1972 Indian Kannada language film directed by Y. R. Swamy, based on the novel Barale Innu Yamune? by Nuggehalli Pankaja. The 2012 Hindi movie Paan Singh Tomar, based on the life of an Indian soldier turned dacoit Paan Singh Tomar had a similar storyline. This was also the first Kannada colour movie which was based on a novel.",2.0
Mafia,Kannada,"Action, Crime",0.0,0.1788,2024-07-26,"Prajwal Devaraj, Aditi Prabhudeva, Devaraj, Shine Shetty, Vasuki Vaibhav",,0.0
Abhi,Kannada,"Romance, Comedy",6.0,0.1787,2003-04-25,"Puneeth Rajkumar, Divya Spandana, Sowcar Janaki, Sumithra, Suneel Puranik","Neighbors Abhi and Bhanu fall in love, but Bhanu's father comes to know about it and shifts to Hubli. Later, Bhanu runs away to Bangalore to tell a hidden truth to Abhi.",2.0
Care of Footpath 2,Kannada,Drama,0.0,0.178,2015-11-06,"Avika Gor, Esha Deol, Deepp Pathak, Dingri Naresh, Karthik Jayaram",An emotional suspense thriller inspired by true stories of juvenile delinquents in the India. Four teenage friends are provoked to plan and execute the murder of a cop.,0.0
Gajakessari,Kannada,"Romance, Action",4.8,0.1778,2014-05-23,"Yash, Amulya, John Vijay, Anant Nag, Prabhakar",,6.0
Buddhivantha,Kannada,Drama,7.0,0.1772,2008-09-26,"Upendra, Pooja Gandhi, Brinda Parekh, Saloni Aswani, Natanya Singh",A 2008 Kannada film.,1.0
Samhaara,Kannada,"Action, Thriller",5.0,0.1771,2018-02-09,"Chiranjeevi Sarja, Hariprriya, Chikkanna, Kavya Shetty","Samhaara is a 2018 Indian Kannada action thriller directed by Guru Deshpande. It features Chiranjeevi Sarja, Hariprriya and Kavya Shetty along with Chikkanna in the lead roles",1.0
Santhu Straight Forward,Kannada,"Action, Drama, Romance",4.8,0.1767,2016-10-28,"Yash, Radhika Pandit, Shaam, Sneha Acharya, Devaraj",,4.0
Gantumoote,Kannada,"Drama, Romance",7.3,0.1762,2019-10-18,"Teju Belawadi, Nischith korodi, Ram Manjjonaath, Roopa Rao, Surya Vasishta","A 16-year-old girl embarks on a journey of life where she deals with understanding herself, the changing world, bullying, academic pressure and her transcending journey of first love.",5.0
Raaghu,Kannada,"Drama, Thriller",7.0,0.1759,2023-04-28,Vijay Raghavendra,"A medicine delivery executive loots the houses he delivers to make quick bucks. One day, a phone call from a stranger forces him to do a series of unlawful activities, failing which he could face dangerous consequences.",1.0
Lineman,Kannada,"Comedy, Drama",0.0,0.1742,2024-03-15,"Thrigun, Jayashreedevi, Mico Nagaraj, Apoorva, Sujay Shastri","In the quaint village of Chandakavadi, Nata is a dynamic, educated, and principled young man employed as a lineman, responsible for managing the power supply in the area. Amidst them resides Sharadamma, an elderly midwife renowned for conducting countless successful deliveries. As the townsfolk prepare to celebrate Sharadamma's remarkable 100th birthday, she persuades the entire village to endure a few days without electricity until the celebration concludes. The film questions whether the villagers of Chandakavadi withstand the challenges until power is restored.",0.0
Baa Baaro Rasika,Kannada,"Drama, Thriller",0.0,0.1734,2004-06-03,"Ramya Krishnan, Sunil Raoh, Ashitha Chandrappa, Vinayak Joshi, Ramesh Bhat","Vishwa and Sona are in love and all set to get married. But trouble strikes when Ramya, a middle-aged man-hater and Vishwa's boss, falls madly in love with him.",0.0
Savaari,Kannada,"Drama, Romance",0.0,0.1732,2009-04-10,"Raghu Mukherjee, Kamalinee Mukherjee, Srinagar Kitty, Suman Ranganathan, H. G. Dattatreya",,0.0
Goadalli C.I.D 999,Kannada,"Thriller, Action",8.0,0.173,1968-11-22,"Dr. Rajkumar, T. R. Narasimharaju, Lakshmi, Shakti Prasad, Jyothi Lakshmi","Goadalli CID 999 is a 1968 Indian Kannada-language spy thriller film written, directed and produced by DoraiBhagavan duo. The film starred Rajkumar in the lead role as a detective. Popular Indian actress Lakshmi made her debut in Kannada cinema with this film. Sri Lankan based actress Sabeetha Perera also made her Indian movie debut with this film. The film had musical score by G. K. Venkatesh with lyrics by R. N. Jayagopal.The film met with highly positive response upon release and paved the way for many more such Bond style of movies in the combination of the director duo with lead actor Rajkumar.",1.0
Thaayige Thakka Maga,Kannada,"Family, Drama",10.0,0.1727,1978-12-13,"Dr. Rajkumar, Padmapriya, Sowcar Janaki, T. N. Balakrishna, Puneeth Rajkumar","At his detective wife's request, a young man joins a boxing club to find out about the illegal activities carried out by the head of the establishment.",1.0
Mayor Muthanna,Kannada,"Drama, Family",9.0,0.1722,1969-10-24,"Dr. Rajkumar, M. P. Shankar, Rajanand, Bharathi Rao, Dwarakish","Muthanna, a kind and principled man, becomes mayor through justice and service. Coming from a humble background, he earns the citizens' respect with his integrity. However, corrupt politicians and enemies challenge his good governance. Muthannas journey is tough, as he fights corruption and faces personal struggleshis dedication to righteousness and his sacrifices for the greater good shine through. A powerful drama filled with emotion and stellar performances, Mayor Muthanna is a landmark Kannada film known for its ethical themes.",1.0
Chandrodaya,Kannada,Drama,0.0,0.1716,1999-02-05,"Shivaraj Kumar, Ramesh Aravind, Prema","This story revolves around Divya, who succumbs to family pressure and marry Chandrakumar.Later Chandrakumar comes to know of Divya's past life and gets shocked.What could it be?",0.0
Chaarulatha,Kannada,"Thriller, Drama",5.833,0.1716,2012-09-21,"Priyamani, Skanda Ashok, Saranya Ponvannan, Seetha, P. Ravi Shankar",,6.0
Rajani,Kannada,Drama,0.0,0.1707,2011-01-01,"Upendra, Ramesh Bhatia, Aarti Chabria, Mukul Dev, Sadhu Kokila",A 2011 Kannada action film.,0.0
Firefly,Kannada,"Adventure, Comedy, Drama",0.0,0.17,2025-04-24,"Vamshi Krishna, Rachana Inder, Sudharani, Achyuth Kumar, Shivaraj Kumar",,0.0
Sathyavan Savithri,Kannada,"Comedy, Drama",7.0,0.1698,2007-12-16,"Ramesh Aravind, Jennifer Kotwal, Mohan Shankar, Aniruddh, Komal Kumar","Sathyavan Savithri is a 2007 Kannada film directed by Ramesh Aravind and produced by Ajay Chandani. The film stars Ramesh Aravind, Jennifer Kotwal, Mohan Shankar, and Aniruddh in lead roles. Gurukiran composed the Music.  Sathyavan, a dentist, flirts with women and does not believe in marriage. But when his grandfather decides to donate their ancestral property, Sathyavan reconsiders his decision to get married.",1.0
Amma I Love You,Kannada,Drama,1.0,0.1694,2018-05-13,"Chiranjeevi Sarja, Nishvika Naidu, Sithara, Chikkanna, Prakash Belawadi","On the advice of a saint, a rich man crosses all boundaries to restore his mother's health as she is on her deathbed. In order to do that, he must turn into a beggar for 48 days",1.0
Aryan,Kannada,Romance,3.0,0.1691,2014-07-25,"Shivaraj Kumar, Divya Spandana, Raghu Mukherjee, Sarath Babu, Bullet Prakash",,2.0
Siddhartha,Kannada,"Action, Romance",2.0,0.1689,2015-01-23,"Vinay Rajkumar, Apoorva Arora, Alok Babu, Ashish Vidhyarthi, Achyuth Kumar","Siddu alias Sidharth (Vinay Rajkumar), a singer and a guitarist and Khushi (Apoorva Arora). While Siddu is a happy-go-lucky boy, Khushi is rather possessive and wants all his attention. When their families agree to get them hitched, Siddu seeks a 20-day break from Khushi to lead a carefree life with his friends. But there's a catch. Khushi's not allowed to meet, call or text him during this period. Khushi, being her clingy self, is not able to live without him. After 20 days, an angry Khushi tells Siddu that she also wants to take a one-year break from him and go to London for higher studies. Siddu agrees. The story takes an interesting turn when Khushi returns with her new lover Rahul. Naturally, Siddu, who's been eagerly waiting for her, is devastated. Will he be able to win her back?",1.0
Annayya,Kannada,Drama,0.0,0.1689,1993-03-22,"V. Ravichandran, Madhoo, Aruna Irani, Srinath","The story of Annayya, who is the only child of a rich Landlord and had lost his mother at the time of his birth. Annayya's father can provide him anything he wants, but Annayya's only desire is to get a mother's love.",0.0
Samarthya,Kannada,"Romance, Action",0.0,0.1688,2024-12-30,"Shobraj, Avinash, Balaji Sarma, Gagana, Swathi","Krishna and Megha, who fall in love at first sight, get married and live happily till Megha goes missing. A lookout for Megha eventually uncovers the devastating truth behind the case that leads to Krishna's Samarthya.",0.0
Preethse,Kannada,Drama,0.0,0.1687,2000-01-01,"Upendra, Sonali Bendre, Shivaraj Kumar",,0.0
Drishya,Kannada,"Crime, Drama, Thriller",7.3,0.1683,2014-06-20,"V. Ravichandran, Navya Nair, Achyuth Kumar, Prabhu, Rohith Bhanuprakash","Rajendra is a family-oriented man and tries to keep them happy. However, when his family commits an accidental crime, he does everything to keep them out of harm's way.",6.0
Soundarya,Kannada,Drama,0.0,0.1681,2007-04-20,"Ramesh Aravind, Rahul Dev, Shriya Sharma, Avinash, Rudresh Nagasandra","Soundarya film is the upper middle class family story who is an industrialist, his wife and daughter are dragged in the mafia land dealings.But he want to lead a peaceful life.mafia threaten the life.Finally, he involves in a criminal action innocently.",0.0
Dharani Mandala Madhyadolage,Kannada,"Drama, Family",0.0,0.1679,1983-06-16,"Srinath, Jai Jagadish, Padma Vasanthi, S.R. Puttanna Kanagal, Chandrashekhar",Upcoming Kannada Film starring Naveen Shankar & Aishani Shetty in the lead roles,0.0
100,Kannada,"Crime, Thriller, Drama",7.0,0.1677,2021-11-19,"Ramesh Aravind, Poorna, Rachita Ram, Vishwa Karna, Prakash Belawadi","Honest police officer Vishnu seems to have the perfect professional and personal life. When a stranger named Harsha, who manipulates and cheats women online, enters his life, he's in for a roller-coaster ride.",3.0
Ratnamanjari,Kannada,"Action, Drama, Thriller",0.0,0.1676,2019-05-17,"Akhila Prakash, Charan Raj, Jeyamohan, Pallavi Raju, Raju Vaividya","A gripping thriller set in the backdrop of USA and Madikeri, the movie is inspired by real incident which revolves around a murder mystery.",0.0
Mr.Rani,Kannada,"Comedy, Drama",0.0,0.1671,2025-02-07,"Deepak Subramanya, Parvatii Nair, Srivatsa Shyam, Madhu Chandra",,0.0
Ikkat,Kannada,Comedy,4.0,0.167,2021-07-21,"Nagabhushana N S, Bhoomi Shetty, Sundar, Anand Ninasam, Vikesh Muninanjappa",A couple on the verge of divorce have to stay together during lockdown as a nasty surprise awaits them.,1.0
Lakshmana,Kannada,Drama,0.0,0.1667,2016-06-24,"John Kokken, Meghana Raj, V. Ravichandran, Chikkanna, Pradeep Ram Singh Rawat",Lakshmana (Kannada: ) is a 2016 Indian Kannada language action film directed and written by R. Chandru. The film features newcomer Anoop and Meghana Raj in the lead roles with V. Ravichandran playing an important supporting role. The soundtrack and original score is composed by Arjun Janya whilst the cinematography is by Santhosh Rai Pathaje. The film is reportedly inspired from the Telugu film Athanokkade (2005) directed by Surender Reddy.,0.0
Tananam Tananam,Kannada,"Music, Romance, Drama",0.0,0.1664,2006-11-24,"Shaam, Divya Spandana, Rakshita, Girish Karnad, Bharathi Rao",,0.0
Shivaji Surathkal 2: Mysterious case of Maayavi,Kannada,"Crime, Thriller",1.0,0.1663,2023-04-14,"Ramesh Aravind, Radhika Narayan, Meghana Gaonkar, Raaghu Raamanakoppa, Vidya Murthy","A serial killer is on the loose and the onus is on Karnatakas Sherlock Holmes, Shivaji Surathkal, to catch him. The case becomes complex just when Shivaji is about to solve it. Four murders, a ticking clock and no clues; can Shivaji stop the next murder and save the victim?",1.0
Inthi Ninna Preethiya,Kannada,"Romance, Drama",9.0,0.1661,2008-02-29,"Srinagar Kitty, Sonu Gowda, Bhavana Ramanna, Rangayana Raghu, S. P. Balasubramaniam","Rajeev dejected in life, after he is unable to marry his girl Namana hits the bar. Rajeev is married off to parimala, by his brother with a hope that he mends his ways. His struggle with his addiction forms the plot.",1.0
Premam Poojyam,Kannada,Romance,10.0,0.166,2021-11-12,"Prem Kumar, Brinda Acharya, Aindrita Ray, Malavika Avinash, Avinash",Premam Poojyam movie is a romantic action entertainer directed by Raghavendra and produced by Dr Rakshit Kedambadi and Dr Rajkumar Janakiraman while Dr Raghavendra BS scored music for this movie.  Prem Kumar is playing the main lead role and this is his 25th Movie.,1.0
Mr. Natwarlal,Kannada,"Action, Thriller",0.0,0.1659,2024-02-23,"Tanush Shivanna, Sonal Monteiro, Nagabhushana N S, Rajesh Natranga, Yash Shetty","Inspired by the biggest con king of India from the 1950s whose expertise in hacking and online manipulations makes him uncatchable, earning the title of Mr. Natwarlal.",0.0
Ellidde Illi Tanaka,Kannada,"Drama, Romance",3.0,0.1655,2019-10-11,"Hariprriya, Sujan Lokesh, Sadhu Kokila, Avinash, Mandya Ramesh","Surya, the son of a rich industrialist, is cupid struck when he chances upon Nandini. The trouble is that the relationship is built on a web of lies? Will he find his happily-ever-after?",2.0
AK 56,Kannada,Action,0.0,0.1654,2012-02-10,"Siddhant, Sherin Shringar, Sumalatha, Atul Kulkarni",AK 56 is a 2012 Indian Kannada-language action film written and directed by Om Prakash Rao,0.0
College Kumar,Kannada,"Comedy, Drama, Romance",5.7,0.1648,2017-11-10,"Samyuktha Hegde, P. Ravi Shankar, Shruti, Achyuth Kumar, Sadhu Kokila","Shivakumar works as a peon in an office and strives to ensure that his son Kumar fulfils his dreams. When the pressure gets to Kumar, he starts to rebel against his father.",3.0
Killing Veerappan,Kannada,"Crime, Action",7.3,0.1648,2016-05-27,"Shivaraj Kumar, Sandeep Bharadwaj, Sadh Orhan, Yagna Shetty, K.S. Sridhar","A master strategist is appointed following Veerappan's unabashed spate of crimes and murders. The official puts in place Operation Cocoon, which involves setting up a network of spies and informers.",6.0
Mugulu Nage,Kannada,Drama,8.0,0.1643,2017-09-01,"Apoorva Arora, Nikitha Narayan, Ashika Ranganath, Rangayana Raghu, Jaggesh","Pulkesh is a very usual guy with an always smiling character. He stays in Mysuru with his father who is a history teacher, his mother who is an housewife also an art lover and his sister who goes to college. The very odd and interesting thing about Pulkesh is that he has never cried from the time he was born.",1.0
The Terrorist,Kannada,Thriller,0.0,0.1641,2018-10-18,"Keerthi Bhanu, Ragini Dwivedi, Ravi Bhatia, Shashikanth Gatti, Manu Hegde","The lives of two sisters, Reshma and Asma, is thrown into disarray when Reshma receives a call about Asma's kidnapping.",0.0
Rana Vikrama,Kannada,"Action, Drama",5.0,0.1641,2015-04-10,"Puneeth Rajkumar, Vikram Singh, Anjali, Adah Sharma, Girish Karnad",,2.0
Arjun Gowda,Kannada,"Crime, Action, Drama",8.0,0.1639,2021-12-31,"Prajwal Devaraj, Priyanka Thimmesh, Sparsha Rekha, Rahul Dev, Sadhu Kokila",,1.0
Yaare Koogadali,Kannada,"Action, Thriller",0.0,0.1629,2012-12-20,"Puneeth Rajkumar, Bhavana, Yogesh, Sindhu Lokanath, Girish Karnad",Kumara and Natesa escape from their village and settle in the city. Later they start to work at a gas station. Soon they are chased by a gang of goons; while their actual truth is revealed.,0.0
Raja Huli,Kannada,"Comedy, Drama, Action",7.6,0.1624,2013-11-01,"Yash, Meghana Raj, Chikkanna, Vasishta N. Simha, Manju Mandavya","Raja Huli is a 2013 Indian Kannada-language comedy-drama film directed by Guru Deshpande and written by S. R. Prabhakaran. Produced by K. Manju's home production, the film is a remake of the Tamil film Sundarapandian (2012) which was produced and enacted by M. Sasikumar. The film stars Yash and Meghana Raj in the lead roles. The soundtrack and score for the film is composed by Hamsalekha. The film, which made its theatrical release on 1 November 2013, co-inciding with the Kannada Rajyotsava festival",5.0
LAW,Kannada,"Crime, Thriller, Drama",2.8,0.1623,2020-07-17,"Ragini Chandran, Mukhyamantri Chandru, Avinash, Achyuth Kumar, Sudharani",,4.0
Boregowda Bengalurige Banda,Kannada,"Family, Drama",6.0,0.1621,1970-07-08,"Rajesh, Leelavathi, Srinath, Vandana, Shakti Prasad","Boregowda Bengalurige Banda is a 1970 Indian Kannada-language film written and directed by B. A. Arasu Kumar, and produced by S. Shivashankarappa, Kalleshappa, Devaramuni Shanmukappa, H. M. Jayanna and S. D. Umapathi under the banner Sri Mallikarjuna Enterprises. It stars Rajesh and Leelavathi; B. Vijayalakshmi and Srinath feature in supporting roles. The title of the film is based on an adage which describes the predicament of a small town man struck by the glamour and glitz of the city.",1.0
Whistle,Kannada,"Romance, Horror, Thriller",7.0,0.1621,2013-07-12,"Chiranjeevi Sarja, Pranitha Subhash, Guruprasad","Whistle ....Hodi Magaa is an Indian Kannada film directed by Prashant Raj of Love Guru Fame. The story begins on a romantic note with Ram, a pizza delivery boy who marries his girlfriend Anu after she gets pregnant. The story takes a curious turn when Ram, who visits Smitha Bungalow to deliver pizza. The drama that follows in the haunted house is linked to diamonds. Its a remake of Tamil blockbuster 'Pizza'.",1.0
Sunflowers Were the First Ones to Know...,Kannada,"Fantasy, Drama",4.0,0.162,2023-06-12,"Jahangir MS, Master Vishwas, Vasudha Bharighat, Anup Gowda, Kushal BK","Once upon a time in a village, an old lady steals the rooster and the sun never rises again.",1.0
Om,Kannada,"Crime, Drama",5.8,0.1618,1995-05-16,"Shivaraj Kumar, Prema, Sadhu Kokila, Srishanthi, G.V. Shivanand","Satya, the son of a priest, leads a straightforward life until he meets the girl of his dreams. His love for her drags him into the world of crime, making him lose everyone he is close to.",9.0
Garadi,Kannada,Drama,0.0,0.1617,2023-11-10,"Sonal Monteiro, Yashas Surya",Garadi is the school of traditional Indian wrestling.Suri is a wannabe wrestler. His aim is to win the local wrestling championship. His guru snubs his talent.Guru's stance is that Suri's father & brother are criminals. He feels Suri might also become a criminal if he learns wrestling.He makes him do menial jobs instead of teaching him Garadi. In his free time Suri secretly practices wrestling.,0.0
Munnudi,Kannada,Drama,0.0,0.1617,2000-10-27,"Tara, H. G. Dattatreya, Shashikumar, Chaya Singh","A film based around the life of a Muslim woman, Rukhia Begum, set in the coastal regions of Dakshina Kannada. She gets married to an Arab businessman who later deserts her. The story essays Rukhia Begum's struggles to protect her daughter.",0.0
Love You Rachchu,Kannada,"Romance, Thriller",6.0,0.1613,2021-12-31,"Rachita Ram, Ajai Rao, Achyuth Kumar, Raghu Shivamogga, B Suresha",,1.0
Panchatantra,Kannada,Drama,0.0,0.1613,2019-03-29,"Vihan Gowda, Sonal Monteiro, Akshara Gowda, Bala Rajwadi, Deepak Shetty","A drama film directed by Yogaraj Bhat, starring Vihan Gowda and Sonal Monteiro in the lead roles.",0.0
Durgi,Kannada,Action,0.0,0.1609,2004-04-28,"Malashri, Ashish Vidhyarthi, Raghuvaran, Kalabhavan Mani, Avinash","Durgi was living happily with her family in a small village. But 2 businessmen entered the village to make a sugar mill. They used to be drunk always. One day, they raped her sister and she died in hospital. When Durgi and her family were in agony, they killed Durgi's father. After this, she promises to kill everyone.",0.0
Raaga,Kannada,Drama,0.0,0.1608,2017-04-21,"Mithra, Bhama, Avinash, Rangayana Raghu, Sadhu Kokila","Mithra is a blind man, whose happy-go-lucky demeanor and philosophies ensure that he is everyone's favourite. When a timid, insecure and rich blind girl, Anu, enters his life, he experiences a whole new feeling.",0.0
Case of Kondana,Kannada,"Crime, Thriller",5.0,0.1604,2024-01-26,"Vijay Raghavendra, Bhavana, Kushee Ravi, Rangayana Raghu, Bala Rajwadi","In the outskirts of Bangalore lies Kondana, a fiery ASI in a fictional Bangalore outpost, clashing with a local gangster. Meanwhile, his love life with Sahana faces hurdles. ACP Lakshmi hunts a notorious criminal, while Raju struggles to save his ailing son. As these lives intertwine, a singular case in Kondana becomes the focal point, linking them all in a tale of mystery and connection.",2.0
Brindavana,Kannada,"Drama, Comedy, Action",4.0,0.1601,2013-12-26,"Darshan Thoogudeepa Srinivas, Karthika Nair, Milana Nagaraj, Sai Kumar, Jai Jagadish","The main story of the movie is about two step brothers Saikumar and Sampath Raj. They are two big shots in a village and both of them are rivals. Karthika Nair and Milana Nagaraj are cousins from the Saikumar and Sampath Raj families. Karthika Nair stays in village, but Milana Nagaraj relocates to the city for her studies. Darshan lives in the same city. In an incident, Darshan helps Milana Nagaraj and they both become friends & finally fall in love.  Meanwhile, Karthika Nair 's marriage is settled with some goonda whom she does not want to marry. So, she asks the help of Milana Nagaraj. Milana Nagaraj tells the whole story to Darshan and asks his help. Darshan enters into the village with the intention to stop the marriage using some clever tricks. While doing that, he fixes many issues in the village and finally he makes both Saikumar and Sampath Raj to stop their rivalry and they all join together at the end.",3.0
Hondisi Bareyiri,Kannada,"Romance, Comedy, Drama",7.0,0.1597,2023-02-10,"Naveen Shankar, Aishani Shetty, Praveen Tej, Samyukta Hornad, Bhavana Rao",,1.0
Operation Jackpotnalli C.I.D 999,Kannada,Thriller,8.0,0.1592,1969-12-19,"Dr. Rajkumar, T. R. Narasimharaju, Surekha","Shekar, a nuclear scientist, creates Plasma Binson, a formula that can destroy any object on earth. Agent 999 is assigned the task of wiping out the formula for good.",1.0
Ganeshana Maduve,Kannada,"Romance, Comedy, Drama",0.0,0.1591,1990-01-01,"Anant Nag, Vinaya Prasad, Ramesh Bhat, Mukhyamantri Chandru, Vaishali Kasaravalli","Ganesha lives happily in a complex owned by Ramanamurthy. Things take a turn when he falls in love with Adilakshmi, the youngest daughter of Ramanamurthy who sings under the pseudonym Shruti.",0.0
Lakshmi,Kannada,"Drama, Action",0.0,0.159,2013-01-17,"Shivaraj Kumar, Priyamani, Saloni Aswani, Komal Kumar, Dilip Raj","Lakshmi is an action-suspense thriller, in which Shivaraj Kumar playing the title role while Priyamani in the female lead role. Lakshmi Narayana alias Lakshmi is a ruthless CBI officer. The film begins with the hero kidnapping a internationally-renowned dancer Akriti. While cops lead by Ravi Kaale capture Lakshmi, they are not aware of his true identity and assume that the kidnapper is being protected by powerful people. Little less they know that he has abducted a terrorist to find clues about his missing wife Priya aka Reshma (Priyamani) and it is believed that she cheated him and left with an underworld don. As he finds the culprits one after another, he gets an anonymous call that make him to come to Hong Kong. His mission is clear - find his wife and kill her along with the kingpin. How he finds his wife? What role does his wife play in the film? Answers to these questions will form the crux of the story.",0.0
Krishna Leela,Kannada,"Romance, Drama",8.0,0.1586,2015-03-20,"Ajai Rao, Mayuri Kyatari, Rangayana Raghu, Dharmendra Urs, Achyuth Kumar",Leela actress depressed with her father and on other hand Krishna actor suffering from daily tensions accidentally get connected on mobile lot of things get messed up and due to this Krishna has to forcefully marry leela will they stay together or get divorced.,4.0
Maanikya,Kannada,"Action, Thriller, Romance, Comedy, Drama",5.2,0.1586,2014-03-28,"Sudeep, V. Ravichandran, Ranya Rao, Varalaxmi Sarathkumar, Ramya Krishnan",A village strives to overcome the rivalry between two ancient factions.,4.0
Kittu Puttu,Kannada,"Family, Drama",9.0,0.1572,1977-12-09,"Vishnuvardhan, Dwarakish, Vaishali Kasaravalli, Loknath, M. P. Shankar","Kittu Puttu is a 1977 Indian Kannada-language comedy drama film directed by C. V. Rajendran and produced by Dwarakish. The film stars Vishnuvardhan, Dwarakish, Manjula, K. Vijaya and Vaishali Kasaravalli. The film was widely appreciated for its songs and story upon release. The songs tuned by RajanNagendra were huge hits.",1.0
Baalu Jenu,Kannada,Drama,5.0,0.1569,1976-12-10,Rajinikanth,"Geetha, who had a one-night stand with Chandru while in college, must struggle to keep it a secret from her husband, Ravi, and also deal with a blackmailer, Vasu.",1.0
The Island,Kannada,Drama,6.5,0.1569,2002-12-27,"Soundarya, Avinash, Vasudar Rao, Harish Raj","Located in the backwaters of a dam, Sita Parvata is an island slowly submerging due to the rains. The government succeeds in evacuating the residents by giving them compensation for the properties they own. The village temple priest Duggajja, his son Ganapa, and his daughter-in-law Nagi find it impossible to leave their homeland and make a living with the meager compensation given by the government. On the island, they are important people, but outside, they would be one among hundreds of families struggling to make a living. The film narrates the struggles of the family and how ultimately in the end they manage to continue life on the island.",6.0
Porki,Kannada,"Action, Crime",4.8,0.1567,2010-01-28,"Darshan Thoogudeepa Srinivas, Pranitha Subhash, Ashish Vidhyarthi, Sadhu Kokila, Avinash",A cop disguises as a gangster in order to capture a mafia leader.,5.0
Dubai Babu,Kannada,Drama,0.0,0.1567,2009-05-22,"Upendra, Nikita Thukral, Saloni Aswani",A 2009 Kannada film.,0.0
Sinnga,Kannada,Drama,0.0,0.1566,2019-07-19,"Chiranjeevi Sarja, P. Ravi Shankar, Aditi Prabhudeva","Sinnga (Chiranjeevi Sarja) is a short-tempered, which lands him in a lot of trouble with the police. His mother Janakamma (Tara) wants him to get married. When she spots Geetha (Aditi Prabhudeva) at a temple, she decides that Geetha could become her daughter-in-law. Sinnga also ends up falling for Geetha. But first, Sinnga has to take care of Rudraswamy (Ravishankar) who wants to exact revenge for public humiliation.",0.0
Ranna,Kannada,Drama,6.2,0.1562,2015-06-04,"Sudeep, Rachita Ram, Madhoo, Prakash Raj, Avinash","Bhargava, the heir apparent of a wealthy family in Switzerland, is on a mission to reunite his aunt and grandfather. Of course, this isn't easy since his aunt holds a lot of grudges and isn't willing to pardon him right away.",6.0
Madarangi,Kannada,"Comedy, Romance",0.0,0.156,2013-05-10,"Darling Krishna, Vinaya Prasad, Achyuth Kumar, Avinash, Sadhu Kokila",,0.0
Upendra Matte Baa,Kannada,"Drama, Action, Romance",0.0,0.1556,2017-11-07,"Upendra, Prema, Sruthi Hariharan, Harshika Poonacha, Sai Kumar","Upendra Matte Baa (Come again Upendra) is a 2017 Indian Kannada-language supernatural drama film directed by N. Arun Lokanath (Loki). The film stars Upendra in dual roles along with Prema and Sruthi Hariharan. The film's cinematography was handled by Swamy J. Gowda. The soundtrack and film score were composed by V. Sridhar.  After the death of a flirtatious zamindar named Upendra Raju, Yama sends his soul back to earth to fix the quarrels of his family.",0.0
Sagar,Kannada,Drama,0.0,0.1552,2012-08-10,"Prajwal Devaraj, Radhika Pandit, Hariprriya, Vinaya Prasad, Avinash","Rajasekhara is not willing to get into an arranged marriage and lies that he is in love with a girl called Kajal. But, trouble arrives when Kajal actually turns up and is even followed by a gangster.",0.0
Aana,Kannada,"Fantasy, Horror",0.0,0.1552,2021-10-29,"Aditi Prabhudeva, Suneel Puranik, Chethan Gandharva, Prerana Kambam, Vikash Uttaiah","Five friends, including two brothers, are desperate to get rich after losing their jobs following the COVID-19 pandemic, end up planning a kidnap for ransom. After successfully executing the kidnap, tides change and they end up struck as they start to experience strange happenings around them.",0.0
Nam Gani B.Com Pass,Kannada,"Comedy, Drama, Romance",0.0,0.1552,2019-11-15,"Aishani Shetty, Abhishek Shetty, Pallavi Gowda, Rachana Dashrath, Sudha Belawadi","Gani is an unemployed youth who has a dream to start his own business, but luck doesn't work in his favor. This romantic comedy is a laugh riot that will leave you in stitches.",0.0
Kotigalu Saar Kotigalu,Kannada,Comedy,0.0,0.1551,2001-12-27,"Ramesh Aravind, S. Narayan, Mohan Shankar, Prema, Tara",,0.0
Chamak,Kannada,Comedy,6.2,0.155,2017-12-29,"Rashmika Mandanna, Sadhu Kokila, Sumithra, Ganesh",,8.0
Kanaka,Kannada,"Action, Romance",0.0,0.1536,2018-01-26,"Manvitha Harish, Hariprriya, P. Ravi Shankar, K.P. Nanjundi, Duniya Vijay","Kanaka is a 2018 Indian Kannada romantic action film directed by R. Chandru. It features Duniya Vijay, Hariprriya and Manvitha Harish in the lead roles along with P. Ravishankar, Rangayana Raghu and Sadhu Kokila in key supporting roles.",0.0
Chalisuva Modagalu,Kannada,Drama,0.0,0.1536,1982-10-29,"Dr. Rajkumar, Saritha, Ambika, K. S. Ashwath, Pandari Bai",,0.0
Kempa,Kannada,"Action, Drama",0.0,0.1534,2009-01-09,"Santhosh Balaraj, Sai Dhanshika, Pradeep Ram Singh Rawat, Lucky Shankar, Avinash",The story is set on the backdrop of Gopinatham village where Kempa (Santosh) is living with his sister Pragna (Nayana) and his life changes when the STF forces who arrive there in the search for Veerappan end up killing her. Kempa is out to seek revenge and in no time kills the three STF guys who did it,0.0
Bulbul,Kannada,"Family, Romance, Comedy",6.0,0.1529,2013-05-10,"Darshan Thoogudeepa Srinivas, Ambareesh, Rachita Ram, Ramya Barna, Sharath Lohitashwa","A young man rejects a girl's proposal as he is in love with his childhood sweetheart. The girl tries to end her life, this angers her father who is a don and he tries to kill him.",3.0
Bhakta Prahlada,Kannada,"Fantasy, Drama",0.0,0.1525,1983-08-16,"Dr. Rajkumar, Puneeth Rajkumar, Saritha, Anant Nag",,0.0
Bahaddur Gandu,Kannada,"Family, Drama",9.0,0.1521,1976-04-23,"Dr. Rajkumar, Aarathi, Jayanthi, Advani Lakshmi Devi, Rajanand","Bahaddur Gandu is a 1976 Indian Kannada film, directed by A V Sheshgiri Rao and produced by Srikanth Nahatha and Srikanth Patel. The film Stars Dr Rajkumar, Jayanthi, Aarathi and Shantha in lead roles. The music of the film was composed by M Ranga Rao.",1.0
Manasaare,Kannada,Romance,7.0,0.1518,2009-09-25,"Diganth Manchale, Aindrita Ray, Neethu Shetty, Achyuth Kumar, Raju Talikote",,1.0
Love,Kannada,Comedy,7.5,0.1514,2004-07-09,"Auditya, Rakshita, Mohanlal, Amrish Puri, Kota Srinivasa Rao","Ganga, who mistakes Vikram to be a womaniser, understands his character when he saves her from a fire accident. They become lovers, but things change when a mysterious woman enters their lives.",3.0
Karulina Koogu,Kannada,Drama,0.0,0.1507,1994-03-01,"Prabhakar, Vinaya Prasad, Srinath, Doddanna, Shanthamma",,0.0
Nagamandala,Kannada,Drama,7.0,0.1506,1997-01-01,"Prakash Raj, Mandya Ramesh, Vijayalakshmi, Jayashree B., Vanitha Vasu","The story of the film was adapted from a play of the same name written by well-known writer Girish Karnad. The movie was directed by award winning director T.S. Nagabharana, who is deemed to be one of the ace directors in Kannada film industry. Music was scored by C. Aswath and Srihari L. Khoday produced the movie.  The film touches one of the most sensitive issues of marital life. In folk style and form, the film throws open a question as to who is the husband  the person who marries an innocent girl and indulges in self pleasures or the person who gives the real and complete experience of life.  G.S.Bhaskar, and his work is a visual thunder in this movie. Especially the night scenes & interior scenes are spellbounded. Bhaskar is a famous technician; he used contrast lighting in this movie, that clearly gave the touch of folk life in every frame.",1.0
Thamassu,Kannada,Action,0.0,0.15,2010-06-11,"Shivaraj Kumar, Padmapriya Janakiraman, Harshika Poonacha, Sudha Belawadi, Nasaar","Thamassu is a journey from violence to humanism. Shankar (Shivaraj Kumar) is a police officer and Shanthi (Padmapriya) is a doctor. They both will marry but soon realize that their ways of thinking is different. Over the course of their confrontations, Shankar begins to question himself and realizes that like terrorists, he also believes in violence. Later how he change himself forms the story.It is a story each one of us goes through. How much of what we think as right, really right? How much of what we do as our duty, really service? Agni Sridhar weaves the story marvellously, touching upon issues of state sponsored religious riots, terrorism and the purity of human relationships which goes beyond all boundaries.",0.0
Excuse Me,Kannada,"Romance, Drama, Music",0.0,0.1499,2003-12-05,"Ajai Rao, Sunil Raoh, Divya Spandana, Pavitra Lokesh, Sumalatha","Ajay makes a tune which Madhu loves, but she doesn't know who the composer is. Sunil, a selfish brat, pretends to be the composer of the tune in order to woo Madhu.",0.0
Habba,Kannada,"Drama, Action",0.0,0.1498,1999-04-16,"Vishnuvardhan, Jaya Prada, Ambareesh, Urvashi, Devaraj","Ram falls in love with Seetha, who refuses to marry him owing to a dark family secret. Ram's brothers then devise a plan to unite the lovers.",0.0
Sri Srinivasa Kalyana,Kannada,Family,8.0,0.1497,1974-10-25,"Dr. Rajkumar, B. Saroja Devi, Rajashankar, Srinath, Vajramuni","It is a 1974 Kannada-language Hindu mythological film directed by Vijay. The film, based on lord Venkateswara, stars Rajkumar, B. Saroja Devi and Manjula. It also featured the first screen appearances of future actors and Rajkumar's sons, Shiva Rajkumar and Raghavendra Rajkumar. The movie was dubbed in Tamil as Ezhumalaiyan Dharisanam and in Telugu as Sri Tirupatikshetra Mahatyam (1977).",1.0
Nyayave Devaru,Kannada,"Family, Drama",8.0,0.1493,1971-11-26,"Dr. Rajkumar, B. Saroja Devi, K. S. Ashwath, Aarathi, Dwarakish","Nyayave Devaru is a 1971 Indian Kannada-language film directed by Siddalingaiah. It stars Rajkumar and B. Saroja Devi. The supporting cast features K. S. Ashwath, Aarathi, Dwarakish, M. P. Shankar, Dinesh, B. Jaya and Vajramuni.",1.0
Beedi Basavanna,Kannada,"Family, Drama",8.0,0.1491,1967-09-08,"Dr. Rajkumar, Bharathi Rao, Vandana, Dinesh, T. R. Narasimharaju","Beedi Basavanna is a 1967 Indian Kannada language film, directed and produced by B. R. Panthulu. The film stars Rajkumar, Bharathi, Vandana (B. Vijayalakshmi) and Narasimharaju. The film has musical score by T. G. Lingappa. B. R. Panthulu remade the movie in Tamil in 1970 as Thedi Vandha Mappillai with minor changes.",1.0
Premaloka,Kannada,Drama,8.0,0.1489,1987-01-01,"V. Ravichandran, Juhi Chawla Mehta, Leelavathi, Lokesh, Srinath",,3.0
Nee Nanna Gellalare,Kannada,Drama,7.0,0.1489,1981-01-01,"Dr. Rajkumar, Manjula Vijayakumar, K. S. Ashwath, T. N. Balakrishna, Chi. Udayashankar",,1.0
Kariya 2,Kannada,"Action, Romance, Thriller",10.0,0.1488,2017-10-13,"Santhosh Balaraj, Ajay Ghosh, Sadhu Kokila, Mayuri Kyatari","The story of Kariya 2 revolves around Kariya, a small-time local goon who is employed by an influential underworld don. All is well with Kariya until he falls in love with Janaki, which leads to several unfortunate events that change their life completely.",1.0
Rambo,Kannada,"Comedy, Thriller",3.5,0.1487,2012-09-07,"Sharan, Madhuri Itagi, Tabla Nani, Sadhu Kokila, Rangayana Raghu","Car brokers Kitty and Premkumar come across a vehicle that contains a corpse. Soon, they learn that the body has a pen drive that holds information about a terrorist plot.",2.0
Mr. Garagasa,Kannada,Comedy,0.0,0.1486,2008-04-12,"Komal Kumar, Anant Nag, T. S. Nagabharana, Ramesh Bhat, Vanishri","Muniya, a chatterbox, often meets a producer who has several personal problems. However, using ingenious ways, Muniya helps the producer get rid of his personal issues.",0.0
Huli Hejje,Kannada,"Action, Drama",0.0,0.1483,1984-07-20,"Vishnuvardhan, Prabhakar, Vijayalakshmi Singh, Jai Jagadish, Doddanna","When a tribal lady gives birth to a baby boy after her lover abandons her, her family throws the baby into a river. However, he is saved by a fisherman and years later, he decides to find his parents.",0.0
Mysuru Tanga,Kannada,"Mystery, Thriller",8.0,0.1483,1968-04-01,"Kalyan Kumar, Vandana, T. N. Balakrishna, T. R. Narasimharaju, Shylashri","Mysore Tanga is a 1968 Indian Kannada film, directed by G. V. Iyer and produced by B Vijayalakshmi. The film stars Kalyan Kumar, B. Vijayalakshmi, Udaykumar and Balakrishna in lead roles. The film had musical score by Vijaya Bhaskar.",1.0
Thangigagi,Kannada,"Action, Drama",0.0,0.148,2006-10-20,"Darshan Thoogudeepa Srinivas, Poonam Bajwa, Swetha Changappa, Rangayana Raghu, Bullet Prakash","The story of a brother - Veerabhadra, who loves his only sister - Gowri a lot. Gowri marries a nice man and moves to Bangalore city. In spite of a warning, Veerabhadra gets into violence and revenge.",0.0
Sodari,Kannada,Drama,10.0,0.1473,1955-05-20,"Dr. Rajkumar, Pandari Bai, T. R. Narasimharaju, G. V. Iyer","Sodari is a 1955 Indian Kannada-language film directed by T. V. Singh Thakur. The film stars Pandari Bai, Narasimha Raju and Rajkumar. The music for the film was composed by Padmanabha Shasthri. The story of the film is based on the life of Hemavati, the pious wife of King Kailasanatha. She faces numerous hardships along with her children when Kailasanatha loses his kingdom due to a drought. The actress Jayashree plays a negative role of Chanchaladevi, a cunning relative of Hemavati. The movie is based on GV Iyer's stage play Anna Thangi which was based on the popular legend of Nalla Thangaal whose story had earlier been adapted in Malayalam in 1950 as Nalla Thanka and later in Tamil as Nalla Thangal (1955).",1.0
Muthina Haara,Kannada,Drama,0.0,0.1473,1990-08-22,"Vishnuvardhan, Suhasini Maniratnam, Master Anand, K. S. Ashwath","Mutthina Haara - A Necklace of Pearls - tells the tale of an Indian (Coorg) soldier, Achchappa and an army nurse, Annapurna and the toils of warfare on them during the 1940's to the 1960's.",0.0
Jaanu,Kannada,"Action, Drama, Romance",0.0,0.1473,2012-06-01,"Yash, Deepa Sannidhi, Rangayana Raghu, Sadhu Kokila, Laya Kokila",,0.0
Shabdavedhi,Kannada,"Crime, Drama",5.5,0.1471,2000-01-02,"Dr. Rajkumar, Jaya Prada, K. S. Ashwath, Mukhyamantri Chandru, Umashree","Shabdavedi is about Sandeep Rajkumar, a strict police officer crusading against narcotics. The man is so straight that when his wife Jaya Prada refuses to reveal the identity of a key link in the drug ring that he is investigating. He beats her in lockup. Eventually he overcomes all the usual attempts to throw him off the chase like tarnishing his reputation and implicating him in lock-up death cases and tracks the ring down to its last man.",3.0
Jugalbandhi,Kannada,Thriller,0.0,0.1467,2024-03-01,"Manasi Sudhir, Yash Shetty, Ashwin Rao Pallaki, Archana Kottige, Santhosh Ashray","A mother, a couple, and a visually impaired person, where all of them will focus on their hunt for finance.",0.0
Huliya Halina Mevu,Kannada,"War, History",10.0,0.1463,1979-05-17,"Dr. Rajkumar, Jaya Prada, M. P. Shankar, T. N. Balakrishna, Jayachitra","Chengumani is commander-in-chief in the 18th-century Coorg region of present-day Karnataka. He becomes the king's commander-in-chief after saving his life, but his life gets complicated when he falls in love with Poovi and marries her in disguise. The movie was dubbed in Telugu as Prachanda Bheri. This was also Rajkumar's first cinemascope movie.",1.0
Bhajarangi 2,Kannada,"Action, Thriller, Fantasy",1.0,0.1463,2021-10-29,"Shivaraj Kumar, Bhavana, Shruti, Saurav Lokesh, Shivaraj KR Pate","When a group of lost villagers chance upon a Guruji at a shrine, he begins to narrate the story of two unlikely heroes, Anji and Bhajrangi, who lived across two different timelines.",1.0
Yaanaa,Kannada,Drama,5.0,0.1461,2019-07-12,"Abhishek, Baby Akshatha, Vaisiri Jagdish, Vainidhi Jagdish, Anant Nag","The film delves into the aspirations and values of today's youth, who would go to any length to achieve their dreams. As the saying goes, the greatest journey is the one within.",1.0
Girikanye,Kannada,"Family, Drama, Romance",10.0,0.1458,1977-06-03,"Dr. Rajkumar, Jayamala, Vajramuni, Thoogudeepa Srinivas, Sampath","An estate manager sets his eyes on a beautiful girl. When he tries to misbehave with her, a good-hearted man comes to her rescue.",1.0
Vascodigama,Kannada,Drama,0.0,0.1457,2015-10-23,"Kishore, Parvatii Nair, Suchendra Prasad, Sundar, Rockline Sudhakar","Vascodigama is a 2015 Indian Kannada satirical film written and directed by Madhu Chandra. The plot revolves around the extent to which education system in India holds practically among students, and that the revision of curriculum is obligatory for a healthy teacher-student connect, accentuating the argument that students should lead discerning and forbearing lives rather than being coerced to study only to acquire a degree. It stars Kishore in the lead role as Vascodigama, a Kannada lecturer emphasizing his students on the above point; and Parvathy Nair as Shanthi, an English lecturer in the same college, in the lead roles. Ashwin Vijaykumar and Suchendra Prasad feature in supporting roles.",0.0
Pepe,Kannada,"Drama, Crime",0.0,0.1456,2024-08-30,Vinay Rajkumar,,0.0
Nodi Swamy Navirodu Heege,Kannada,"Comedy, Drama, Family",7.0,0.1456,1983-01-01,"Shankar Nag, Ramesh Bhat, Arundathi Nag, Manjunath, Loknath",,2.0
Victory 2,Kannada,Comedy,5.0,0.1452,2018-11-01,"Sharan, Asmita Sood, P. Ravi Shankar, Sadhu Kokila",Viictory 2 movie is romantic comedy entertainer directed by Hari Santhosh and produced by Tarun Shivappa while Arjun Janya scored music for this movie  Sharan and Asmita Sood are played the main lead roles in this movie.,1.0
Minchina Ota,Kannada,"Crime, Adventure",9.0,0.1451,1980-01-18,"Shankar Nag, Anant Nag, Loknath, Ramesh Bhat, Priya Tendulkar","The Movie deals with Bhadra (Sriimurali) living in a slum,He group has rivalry with another group headed by Vijay (Vijay Raghavendra) a middle class Guy,they Both love a City girl (Raai Laxmi), their rivalry intesifies with the girl choosing bhadra over vijay.",0.0
Idu Saadhya,Kannada,Horror,0.0,0.1447,1989-01-01,"Anant Nag, Shankar Nag, Srinath, Devaraj, Prabhakar",Indian Kannada-language film heavily inspired by the 1987 Italian slasher film STAGE FRIGHT (original title : DELIRIA) directed by Michele Soavi.,0.0
O Premave,Kannada,"Romance, Drama",0.0,0.1442,1999-11-12,"V. Ravichandran, Rambha, Srinivasa Murthy, Srihari, Sadhu Kokila",,0.0
Bhale Jodi,Kannada,"Family, Drama",9.0,0.144,1970-09-11,"Dr. Rajkumar, Bharathi Rao, B. V. Radha, Dinesh, T. N. Balakrishna",Bhale Jodi is a 1970 Indian Kannada language drama film written and directed by Y. R. Swamy. It stars Rajkumar in dual roles with Bharathi and Dinesh in other lead roles. The film was based on the story written by Jawar Seetharaman and was produced under Rajkamal Arts banner. The movie was remade in Telugu in 1972 as Bullema Bullodu starring Chalam and in Hindi in 1973 as Jaise Ko Taisa. Rajkumar appeared as Echchamanayaka in a small drama sequence in the movie.,1.0
Chef Chidambara,Kannada,Comedy,0.0,0.144,2024-06-14,"Aniruddha Jatkar, Nidhi Subbaiah, Rachel David, Sharath Lohitashwa","Chidambara, a professional chef, tries to help a rich lady in return she would help him out of his financial crisis but gets entangled when a person dies at his flat. Can Chidambara get out of this mess?",0.0
Victory,Kannada,"Comedy, Drama",4.8,0.144,2013-08-23,"Sharan, Asmita Sood, P. Ravi Shankar, Tabla Nani, Avinash",,4.0
Jyeshta,Kannada,Drama,0.0,0.1439,2004-12-17,"Vishnuvardhan, Ashima Bhalla, Devaraj, Aniruddh, Sindhu Menon","Jyeshta is a 2004 Indian Kannada language drama film starring Vishnuvardhan, Ashima Bhalla and Devaraj in the lead roles. The film, a remake of Malayalam film Valliettan (2000), is directed and written by director Suresh Krissna and features soundtrack from S. A. Rajkumar. The original version was directed by Shaji Kailas and featured Mammootty and Shobhana in lead roles.",0.0
Parapancha,Kannada,"Drama, Comedy",6.0,0.1429,2016-01-15,"Diganth Manchale, Ragini Dwivedi, Yogaraj Bhat, Rangayana Raghu, Anant Nag","Rajeeva rebels against his fathers wrongdoings and leaves home, leaving everything earned by his father, including the last thread of clothing on his body. As destiny has its own way for everyone, Rajeeva happens to meet a nomad Khaali Peeli. Khaali Peeli takes him under his patronage and gets him a server`s job in the family bar and restaurant Parapancha.",1.0
Galaate,Kannada,Drama,1.333,0.1428,2013-01-11,"Prajwal Devaraj, Kriti Kharbanda, Hardhika Shetty, Shashikumar, Tara",A classic college love triangle story. Ankitha is in love with her college mate Abhi but Abhi falls for her friend Shalini. Who will Abhi eventually choose?,3.0
Usire,Kannada,Drama,0.0,0.1427,2001-04-06,"V. Ravichandran, Rachana Banerjee, Prakash Raj, Sadhu Kokila, Doddanna","The story revolves around Mutthu (Ravichandran) who works for the Zamindar Rudre Gowda (Prakash Raj). He falls in love with Gowda's daughter Chandri (Rachana). Chandri also feels the same way, however, their differing castes become a barrier and they hesitate to start a relationship. Will they get married towards the end is the crux of the story.",0.0
Matinee,Kannada,"Horror, Comedy, Romance",0.0,0.142,2024-04-05,"Sathish Ninasam, Rachita Ram, Aditi Prabhudeva, Shivaraj KR Pate, Nagabhushana N S","Arun owns a property in Bangalore where he invites his friends for a reunion. However, Arun receives an offer for the place but along with his friends, he is trapped in the house.",0.0
Valmiki,Kannada,Drama,0.0,0.1419,2005-07-29,"Shivaraj Kumar, Hrishitaa Bhatt, Raai Laxmi, Srinivasa Murthy, Rangayana Raghu",A 2005 Kannada drama film.,0.0
Chomana Dudi,Kannada,Drama,7.0,0.1418,1975-01-01,"M. V. Vasudeva Rao, Padma Kumta, Jayarajan, Sunder Rajan, Nagraja","Choma is an untouchable bonded-labourer in a village who is working along with his family for a landlord, as he belongs to a backward class. Due to his social status, he is not allowed to till his own land, something that he desires most. Though he managed to rear a pair of bullocks that he found straying in the forest, he cannot use them to till the land. He comes in contact of Christian missionaries who try to convert him giving him the lure of the land, but Choma does not want to let go of his faith. He releases the fury that fate has beset on him, by beating his drum.",1.0
May 1st,Kannada,Drama,0.0,0.1416,2018-08-24,"Karthik Jayaram, Raksha Somashekhar, Purvi Joshi, Rohiet Nair",Family in a rather huge farm house on the outskirts of the city and a series of supernatural happenings.,0.0
Thavarina Siri,Kannada,Drama,0.0,0.1416,2006-05-19,"Shivaraj Kumar, Daisy Bopanna, Ashita, Mukhyamantri Chandru, Aadarsha Subramani",Thavarina siri tells the brother and sister love.Mutthanna (Shivarajkumar) brings up his three sisters after his parents,0.0
Bazaar,Kannada,"Action, Crime",4.0,0.1414,2019-02-01,"Dhanveer Gowda, Aditi Prabhudeva","Kalki is an ardent follower of pigeon racing, which ultimately leads him to working for a mob boss who shares the same passion. Howevere, his dream of becoming a champion in the spot and his quest to win over the girl he loves wil eventually leave Kalki at a crossroads, and what happens next forms the crux of the story.",2.0
Bandhana,Kannada,"Drama, Romance",6.3,0.141,1984-01-01,"Vishnuvardhan, Suhasini Maniratnam, Suhasini Maniratnam, Jai Jagadish","A doctor (Vishnuvardhan) falls in love with his student (Suhasini) but fails to tell her about his feelings. When he finally musters courage to tell her she tells him that her marriage is fixed to Jai Jagadeesh. Vishnuvardhan cannot forget her and slowly withdraws into a shell. Meanwhile, Jai Jagadeesh starts suspecting his wife because she gives importance to hospital and starts misbehaving with her. Suhasini discovers that Vishnuvardhan is terminal and may not survive for long. She starts taking more care of him in hospital. This frustrates her husband even more and he fights with Vishnuvardhan. Suhasini goes home to explain to her husband but discovers that her husband has abused the maid. She decides to leave him but Vishnuvardhan tries to convince her husband that his relationship with Suhasini is pure. Jai Jagadeesh misbehaves with Vishnuvardhan and Suhasini gets hurt while trying to make sense with her husband. Finally Vishnuvardhan dies saving her baby.",3.0
Dandupalya 3,Kannada,"Thriller, Crime",0.0,0.1404,2018-02-02,"Pooja Gandhi, Makrand Deshpande, P. Ravi Shankar, Ravi Kale, Sanjjanaa Galrani",,1.0
Shrimathi,Kannada,Drama,0.0,0.1401,2011-07-08,"Upendra, Priyanka Upendra, Celina Jaitly, Prem Chopra, Rekha Das",A 2011 Kannada romantic drama.,0.0
Eradu Rekhegalu,Kannada,"Romance, Family, Drama",0.0,0.1397,1984-03-16,"Srinath, Saritha, Geetha, K. S. Ashwath, Shivaram","Eradu Rekhegalu is a 1984 Indian Kannada language drama film directed by K. Balachander. The film stars Srinath, Geetha and Saritha in the lead roles. Produced by Chandulal Jain, the film is a remake of 1969 Tamil hit Iru Kodugal starring Gemini Ganesan, Sowcar Janaki and Jayanthi. The music is composed by M. S. Viswanathan. The story revolves around a man who circumstantially gets to marry two women and undergoes emotional roller-coaster. The film was made in Telugu as Collector Janaki and in Hindi as Sanjog.",0.0
Ajay,Kannada,"Drama, Romance",6.0,0.1396,2006-05-04,"Puneeth Rajkumar, Anuradha Mehta, Prakash Raj, Sumithra, Srinath","Ajay hides Paddu in his house without the knowledge of his father, trying to send her to Australia as she has a passport and a VISA. There is triumph everywhere for Ajay, a settled profession, a beautiful wife and defeat of his opponent Prakash Raj and his team.",3.0
Shravana Banthu,Kannada,Drama,0.0,0.1396,1984-01-01,"Dr. Rajkumar, Srinath, Urvashi","Shravana Banthu is a 1984 Indian Kannada-language romantic drama film, written and directed by Singeetham Srinivasa Rao. The film stars Rajkumar, Urvashi and Srinath. The film, produced by P. A. Kameshwara Rao, deals with reincarnation as the subject where the lead roles get killed for their romance and then they are shown to be reborn again and fall in love yet again in the backdrop of inter-faith marriage. The dialogues and lyrics were written by Chi. Udaya Shankar. The film was received exceptionally well at the box office and was one of the biggest hits of 1984. This was the first Kannada movie to show a computer on-screen. The director remade the movie in the same year in Telugu as Vasantha Geetam.",0.0
Aramane,Kannada,"Drama, Family",0.0,0.1388,2008-04-25,"Ganesh, Anant Nag, Roma Asrani, Avinash","A photographer named Arun befriends Rajashekhara, a wealthy but lonely man who has resorted to drinking to quell his pain. Soon, Arun agrees to help him reunite with his estranged family.",0.0
Amar,Kannada,"Action, Drama, Romance",1.0,0.1384,2019-05-31,"Abishek Ambareesh, Sadhu Kokila, Tanya Hope, Devaraj, Nirup Bhandari","A romantic drama inspired by certain real life incidents from the 1990s, the film follows the story of two youngsters who meet and fall in love during a bike rally. Directed by Nagshekar, Amar stars Abhishek Ambareesh and Tanya Hope in the lead roles",2.0
Koormavatara,Kannada,Drama,0.0,0.1383,2012-04-01,"Shikaripura Krishnamurthy, Jayanthi, Apoorva Kasaravalli, Rashmi Hariprasad, Chasva","In Girish Kasaravalli's gently philosophical character piece, a humble, low-level civil servant cast as the lead in a popular TV serial chronicling the life of Gandhi finds uncanny echoes between his own life and that of the legendary leader  and sets out to correct their mutual failings. (TIFF)",0.0
Neer Dose,Kannada,"Comedy, Drama",3.5,0.1381,2016-09-02,"Jaggesh, Hariprriya, Suman Ranganathan, H. G. Dattatreya","The lives of four individuals who are unlikely to befriend each other, a retired PWD officer, a BBMP hearse van driver, a 36-year-old spinster running a milk booth and a sex worker, cross and end up being more than just friends.",2.0
Dirty Picture: Silk Sakkath Maga,Kannada,Drama,0.0,0.1378,2013-08-02,"Veena Malik, Akshay, Sana, Anitha Bhat, Srinivasa Murthy",,0.0
Veera Kannadiga,Kannada,"Action, Drama",5.0,0.1376,2004-01-01,"Puneeth Rajkumar, Anita Hassanandani Reddy, Bullet Prakash, Avinash, Sayaji Shinde",A man protects a slum and strives to keep its inhabitants safe from the negative elements. He also aims to avenge his father's death against the criminals who killed him.,2.0
Sipayi,Kannada,"Romance, Action, Drama",0.0,0.1375,1996-06-28,"V. Ravichandran, Chiranjeevi, Soundarya, Tara, Umashree","Sipayi, who fights for the welfare of the people in his village, falls in love with Shanti. When she is forced to marry a criminal, he tries to change her fate.",0.0
Ambareesha,Kannada,Drama,4.7,0.1374,2014-11-20,"Darshan Thoogudeepa Srinivas, Rachita Ram, Priyamani, Ambareesh, Sumalatha",,3.0
Bhaagyavantharu,Kannada,"Family, Drama",8.0,0.1373,1977-03-18,"Dr. Rajkumar, B. Saroja Devi, Ashok, T. N. Balakrishna, M.N. Lakshmi Devi","Raj and his wife are thrown out of the house by their children. Raj works very hard and becomes rich. His children, for the love of money, welcome him home. Will he go back to stay with them?",1.0
Humble Politician Nograj,Kannada,"Drama, Comedy",5.5,0.1373,2018-01-12,"Danish Sait, Sumukhi Suresh, Sruthi Hariharan, Vijay Chendoor, Roger Narayan","Nograj, a narcissistic crazy politician who exploits a city and its resources. The film is about Nograj's aspirations to becoming the MLA in the upcoming elections and the opposition he faces.",8.0
Bettada Huli,Kannada,Drama,8.0,0.1372,1965-10-09,"Dr. Rajkumar, Udaykumar, M. P. Shankar, Pandari Bai, T. R. Narasimharaju","Bettada Huli is a 1965 Kannada-language action drama film, directed and written by A. V. Sheshagiri Rao. The film was dubbed in Tamil in 1968 as Kolaikaaran Magan.",1.0
Maduve,Kannada,Romance,0.0,0.1372,2000-07-10,"Ramesh Aravind, Charulatha, Kumar Govind",Maduve (2000) is a 2000 Kannada film directed by Umakanth V and produced by Ramalingeswara Rao. The film stars Ramesh Aravind and Charulatha in lead roles. Music was composed by S A Rajkumar.,0.0
Kokila,Kannada,Romance,0.0,0.1371,1977-10-07,"Shoba, Kamal Haasan, Roja Ramani, Mohan","Kokila, a medical student, and Vijayakumar, her paying guest, are in love and have plans to get married. However, her life changes the day Vijayakumar and her housemaid leave the house.",0.0
Undoo Hoda Kondoo Hoda,Kannada,Comedy,0.0,0.1369,1992-01-01,"Anant Nag, Tennis Krishna, Girija Lokesh, Tara",A cow inspector comes to a village and befools innocent villagers to win their trust by playing his vicious tricks on them.,0.0
Twenty One Hours,Kannada,"Thriller, Mystery",4.5,0.1369,2022-05-20,"Dhananjay, Durga Krishna, Sudev Nair, Rahul Madhav","Madhuri Menon, a young married woman, goes missing in Bengaluru. A young police officer, Srikanth, is on the case, as he rounds up some usual and unusual suspects. Do they find her? Is everything as it seems or is there be a darker truth?.",2.0
Sri Krishnadevaraya,Kannada,"History, Drama",9.0,0.1369,1970-01-29,"Dr. Rajkumar, Bharathi Rao, Jayanthi, R. Nagendra Rao, R. N. Sudarshan","Sri Krishnadevaraya is a 1970 Indian historical drama film in Kannada language, produced and directed by B. R. Panthulu. It stars Rajkumar as Krishnadevaraya, an emperor of the Vijayanagara Empire in the 16th century. R. Nagendra Rao, B. R. Panthulu, Narasimharaju and N. Bharathi appear in pivotal roles.",1.0
Raana,Kannada,Drama,0.0,0.1369,2022-11-11,"Samyuktha Hegde, Shreyas Manju, Reeshma Nanaiah",,0.0
Chakravyuha,Kannada,"Thriller, Action",6.25,0.1368,2016-04-20,"Puneeth Rajkumar, Rachita Ram, Arun Vijay, Abhimanyu Singh, Sadhu Kokila",A young man (Puneeth Rajkumar) finds himself in too deep after taking an injured protester to a hospital.,4.0
Sankalpa,Kannada,Drama,0.0,0.1365,1972-07-25,"Anant Nag, C. R. Simha, Sundar Krishna Urs","Sankalpa is a Kannada film directed and produced by P. V. Nanjaraja Urs which won 7 Karnataka state film award Won. Karnataka State Film Award for First Best Film Those who followed the footsteps of foolishness found nothing but more foolishness.",0.0
Huccha Venkat,Kannada,"Action, Romance",0.0,0.1361,2014-11-28,"Huccha Venkat, Kavitha Bist, R. N. Sudarshan, Ramesh Bhat, Ramesh Pandit","Venkat, a vigilante, falls head over heels in love with Ramya. She spurns his love, but he tries to impress her at all costs.",0.0
Bangarada Manushya,Kannada,Drama,9.2,0.1356,1972-03-31,"Dr. Rajkumar, Bharathi Rao, Loknath, T. N. Balakrishna, Aarathi",Rajeeva comes to the village to visit his sister only to find that she's in financial trouble and has lost her husband. He decides to stay and help her out.,4.0
Kendasampige,Kannada,"Romance, Thriller",6.0,0.1353,2015-09-11,"Vikky Varun, Manvitha Harish, Prakash Belawadi, Rajesh Nataranga, Chandrika","When a love story goes awry, two young lovers are forced to take to the road with the police hot on their heels. They escape across Karnataka in a roller-coaster ride that is at once enthralling, exasperating and nail-biting.",8.0
Indra,Kannada,"Action, Drama",0.0,0.135,2008-05-30,"Darshan Thoogudeepa Srinivas, Namitha, Sanghavi, Ramesh Bhat, Anandaraj","Aiyanna is a good Samaritan living with his wife and a caring brother. However, when he and his wife are murdered by a gang of criminals, his brother decides to take revenge.",0.0
C.I.D. Rajanna,Kannada,"Family, Drama",8.0,0.1342,1970-10-09,"Dr. Rajkumar, Rajasree, Dwarakish, Dinesh, K. S. Ashwath","C.I.D. Rajanna is a 1970 Indian Kannada-language film produced and directed by R. Ramamurthy, starring Rajkumar. The supporting cast includes Rajasree, Premalatha, Dinesh, Ranga, Dwarakish and K.S. Ashwath.",1.0
Hosa Belaku,Kannada,"Romance, Drama",7.0,0.1342,1982-03-05,"Dr. Rajkumar, Saritha, Srinivasa Murthy, Mamatha Rao, K. S. Ashwath","Ravi loves Vatsala, his sister's step-daughter. However, his sister wants him to marry her own daughter, Nagaveni, and fixes Vatsala's marriage to another man against her wish.",1.0
Godfather,Kannada,Drama,6.643,0.1341,2012-07-27,"Upendra, Soundarya Jayamala, Catherine Tresa, Ramesh Bhat, Bhumika Chawla",A 2012 Kannada film,14.0
Sanaadi Appanna,Kannada,"Music, Drama, Family",10.0,0.1338,1977-08-19,"Dr. Rajkumar, Jaya Prada, Ashok, T. N. Balakrishna, Thoogudeepa Srinivas","Based on a novel of same name by K Puranik, which is loosely based on real life events of Appanna, a rural shehnai artist from Karnataka. Appanna,  falls in love with a dancer, Basanti. But when Basanti dies, things changes a lot for Appanna.",1.0
Pallavi Anu Pallavi,Kannada,"Romance, Drama",0.0,0.1335,1983-01-14,"Anil Kapoor, Lakshmi, Kiran Vairale, M. V. Vasudeva Rao, Shivaram",,0.0
Bangarada Gudi,Kannada,"Thriller, Family, Drama",9.0,0.1333,1976-08-13,"Vishnuvardhan, Manjula, Vajramuni, K. S. Ashwath, Ambareesh","Bangarada Gudi is a 1976 Indian Kannada film, directed by K. S. R. Das and produced by C. H. Prakash Rao. The film stars Vishnuvardhan, Manjula, Ambareesh and Padmapriya in the lead roles. The film has musical score by G. K. Venkatesh. The director remade the movie in Telugu in 1979 as Bangaru Gudi.",1.0
Bangarada Kalla,Kannada,"Family, Drama",6.0,0.1333,1973-02-27,"Sangram Singh, Sampath, M.N. Lakshmi Devi, Ambareesh, Ranga","A corrupt landlord secretly smuggles gold as the police get desperate to find the culprit. However, the landlord is unaware that someone close to him is planning to expose his criminal activities.",1.0
Rahasya Rathri,Kannada,Horror,1.0,0.1333,1980-08-03,"Jaya B., T.N. Balakrishna, Bharathi, Dinesh, Halam",Indian horror movie from 1980.,1.0
Belliyappa Bangarappa,Kannada,"Comedy, Drama",0.0,0.1321,1992-08-27,"Kumar Bangarappa, Amala Akkineni, K. S. Ashwath, T. N. Balakrishna, Loknath",,0.0
Bytwo Love,Kannada,"Romance, Drama",6.0,0.132,2022-02-18,"Dhanveer Gowda, Sreeleela, Pavitra Lokesh, Achyuth Kumar, Sadhu Kokila",,1.0
Detective Teekshanaa,Kannada,"Crime, Thriller, Action",0.0,0.1318,2024-09-20,"Priyanka Upendra, Manjunath Hegde",,0.0
Ravike Prasanga,Kannada,"Comedy, Drama",0.0,0.131,2024-02-16,"Geetha Bharathi Bhat, Suman Ranganathan, Rakesh Maiya, Sampath Maitreya, Padmaja Rao","Set in a village in Dhakshina Kannada, Sanvi, a beautiful 28-year-old fat girl wants to impress an NRI boy by wearing a saree with a fancy designer blouse. Will the blouse be stitched as per her choice? Will Sanvi get justice in the court?",0.0
One Cut Two Cut,Kannada,Comedy,4.5,0.1308,2022-02-03,"Danish Sait, Samyukta Hornad, Prakash Belawadi, Sampath Maitreya, Vineeth 'Beep' Kumar","Gopi, an arts and crafts professor, on his first day at work faces the task of saving the school which has been taken hostage by four radical social media activists.",2.0
Window Seat,Kannada,"Mystery, Crime",0.0,0.1307,2022-07-01,"Nirup Bhandari, Sanjana Anand, Amrutha Iyengar, P. Ravi Shankar, Madhusudhan Rao","Enamoured by a woman he sees from his window seat, a young musician inadvertently witnesses her murder. However, his love for the victim leads him down a maze of mystery and confusion.",0.0
O Mallige,Kannada,Drama,0.0,0.13,1997-04-07,"Ramesh Aravind, Charulatha, V. Manohar, Umesh, Jayamma","O Mallige movie in this Mallige (Charulata) lives in a small village with her uncle played by V.Manohar himself. A heart patient, Manohar has an ambitious wannabe model in his son Nacchi (Amar Mayur) who is lost in the bliss of the big city. When he suffers another nearly fatal stroke, Nacchi reluctantly returns to be by his dying fathers side. Seizing the opportunity, the dying man manages to knot the innocent village belle Mallige to our dear city chap. As much as Nacchi hates the decision, he goes along considering his fathers health.",0.0
Jana Mecchida Maga,Kannada,Drama,0.0,0.1299,1993-03-10,"Sridhar, Chandrika, Anjali, Vajramuni, Jayanthi",,0.0
Jai Lalitha,Kannada,Drama,0.0,0.1296,2014-06-27,"Sharan, Disha Pandey, Ravishanker Gowda, Harish Raju, Aishwarya Devan",,0.0
Nammura Huduga,Kannada,Drama,0.0,0.1292,1998-09-01,"Shivaraj Kumar, Sihi Kahi Chandru, Shruti, Karibasavaiah, Rajeev","Despite her brother Chirte Gowda's warning, Rupa, a city-bred woman, falls in love with a young villager, Gopal and leaves home for him. Soon, Chirte Gowda decides to ruin Gopal's life.",0.0
Srinivasa Kalyana,Kannada,"Romance, Comedy",0.0,0.1292,2017-02-21,"M.G. Srinivas, Kavitha Gowda, Nikhila Suman, Sujay Shastri, Achyuth Kumar","A regular guy finds himself through his journey of finding love, lust and heartbreak and his real purpose in life through encounters.",0.0
Mathe Hadithu Kogile,Kannada,Drama,0.0,0.1292,1990-09-20,"Vishnuvardhan, Anant Nag, Bhavya, Rupini, Shamili","Sangeeta, who loves singer Anand, is forced to marry Kumar, her father's business partner. Post marriage, Sangeeta dies during childbirth, leaving behind a child that biologically belongs to Anand.",0.0
Marigold,Kannada,Drama,0.0,0.1292,2024-04-05,"Diganth Manchale, Sangeetha Sringeri, Sampath Mythria, Cockroach Sudhir, Yash Shetty",Krishna and his friends plan to steal a stash of gold from police officers. But their plan gets messed up. Will he solve the mystery and set things right?,0.0
Boothayyana Maga Ayyu,Kannada,"Drama, Family",9.5,0.1288,1974-02-02,"Vishnuvardhan, Bhavani, Lokesh, L. V. Sharada Rao, Rushyendramani","Following the death of his ruthless landlord father, Ayyu earns the wrath of his villagers. But his biggest enemy is Gulla, who tries to stand against him in order to protect the locals.",2.0
Karmika Kallanalla,Kannada,Drama,0.0,0.1285,1982-01-01,"Vishnuvardhan, Shankar Nag, Aarathi, Vajramuni, Prabhakar","Mohan, a factory worker, tries to give his brother good education with his minimal wages. When he is falsely accused of a crime and dismissed from work, he resorts to illegal means to earn money.",0.0
Happy New Year,Kannada,Drama,0.0,0.1285,2017-05-05,"B. C. Patil, Sai Kumar, Vijay Raghavendra, Diganth Manchale, Dhananjay",It is an anthology film based on of five different life stories. A slice of lives of a few people all culminating on new year's eve.,0.0
Chaduranga,Kannada,"Drama, Action",0.0,0.128,1985-05-24,"Ambika, Ambareesh, Vajramuni, Mukhyamantri Chandru, Shivaram",,0.0
Dattha,Kannada,"Action, Drama, Comedy",0.0,0.1279,2006-06-08,"Darshan Thoogudeepa Srinivas, Divya Spandana, Keerthi Chawla, Komal Kumar, Srinath",Rowdy Datta mends his ways after falling in love. Deception comes in the form of a man who asks him to pretend to be his son for the sake of his sick wife. Datta realises that his life is at stake.,0.0
Nodidavaru Enanthare,Kannada,Drama,10.0,0.1277,2025-01-31,"Naveen Shankar, Apoorva Bharadwaj, Padmavati Rao",Siddharth is an existentialist who leaves his home in pursuit of the unknown and his quest to find himself.,1.0
Vanilla,Kannada,"Mystery, Thriller, Romance",0.0,0.1276,2018-06-01,"Avinash J, Swathi Konde, Ravishanker Gowda, Pavana","A mystery ingredient that a lot of people seem to be consuming unknowingly is resulting in serious addiction, and in many cases, untimely deaths. Caught right in the midst of this undercover scam is a young couple.",0.0
Santha Shishunala Sharif,Kannada,Drama,0.0,0.1275,1990-07-19,"Sridhar, Girish Karnad, Suman Ranganathan, Hema Chaudhary, H. G. Dattatreya","The story is based on the life of acclaimed saint poet Shishunala Sharif who wrote several moral poems striving towards social reformation. A collection of Sharif's poems are set to tunes by C. Ashwath, who also did the major playback singing.",0.0
Guddada Bhootha,Kannada,"Mystery, Thriller",0.0,0.1273,1990-01-01,"Prakash Raj, Kanaka, Udyavara Madhava Acharya, Balakrishna Bhat","When a retired father and his daughter from Mumbai moves into a house in a village rumored to be haunted faces paranormal activities. They must uncover the secret with the help of Sreenivas, a friend of the daughter.",0.0
Kaddi Pudi,Kannada,Drama,8.0,0.1273,2013-06-07,"Shivaraj Kumar, Radhika Pandit, Rangayana Raghu, Aindrita Ray, Sharath Lohitashwa",,2.0
Kakana Kote,Kannada,"Drama, History",0.0,0.1271,1977-01-01,"Lokesh, Srinath, Loknath, Krishnaraj, Lavanya","When the people of the Kuruba tribe in Kakana Kote are imposed by the higher authorities with an unjust tax, Kaka Nayak, the leader of the tribe, gets angry and decides to fight back.",0.0
Bharjari,Kannada,"Comedy, Action, Drama, Romance",9.0,0.127,2017-09-15,"Dhruva Sarja, Rachita Ram, Hariprriya, Vaishali Deepak, Avinash","Romantic action drama about the life of an easygoing youngster named Surya, whose life take some unexpected turns thanks to the three women he meets along the way.",2.0
Vasantha Lakshmi,Kannada,"Family, Drama",7.0,0.1269,1978-10-06,"Vishnuvardhan, Srinath, Aarathi, Manjula, M. P. Shankar","Vasantha Lakshmi is a 1978 Indian Kannada-language film, directed by A. V. Seshagiri Rao and produced by K. Vittala Kumar, K. V. Honnappa and K. V. Gurunath. The film stars Srinath, Vishnuvardhan, Aarathi, and Manjula. The film has musical score by Vijaya Bhaskar. The movie is a remake of the 1974 Tamil movie Engamma Sapatham.",1.0
Antha,Kannada,Drama,6.0,0.1267,1981-01-01,"Ambareesh, Jayamala, Musuri Krishnamurthy, Lakshmi, Pandari Bai","Antha is a Indian Kannada-language action thriller film directed by S. V. Rajendra Singh Babu. The film stars Ambareesh, Lakshmi, Jayamala and Latha in lead roles. The story is based on H. K. Ananth Rao's serial of the same name published in the Kannada weekly magazine Sudha. It was remade in Tamil as Thyagi, in Telugu as Antham Kadidi Aarambam, and in Hindi as Meri Aawaz Suno.",1.0
Aadi Lakshmi Puraana,Kannada,"Romance, Action, Comedy",8.5,0.1267,2019-07-19,"Nirup Bhandari, Radhika Pandit, Tara, Suchendra Prasad, Sowmya Jaganmurthy","Aaditya is an investigation officer, who is pursuing the drug mafia in the country. Lakshmi is a happy-go-lucky girl, working in a travel agency and living life through pranks and innocent lies. When Aadi and Lakshmis paths cross, there is a love story waiting to happen.",1.0
Khandavideko Mamsavideko,Kannada,Drama,0.0,0.1266,1979-01-19,"Jayamala, Suresh Heblikar","Movie starring Roopa, Jayamala, Suresh Heblikar, B S Achar and is directed by P Lankesh.",0.0
Kindari Jogi,Kannada,"Fantasy, Romance, Drama",0.0,0.1266,1989-08-10,"V. Ravichandran, Juhi Chawla Mehta, Lokesh, Doddanna","Kindari Jogi, a magical entity, goes to Hanumapura using Ravi's guise to help him with his sister's marriage. However, while he tries to unite two quarrelling factions, he falls in love with Ganga.",0.0
Mundina Nildana,Kannada,"Drama, Romance, Comedy",6.0,0.1261,2019-11-29,"Praveen Tej, Radhika Narayan, Ananya Kashyap, Ajay Raj","As three young professionals chase their wildly different dreams, their relationships with each other indelibly impact their journeys of self-discovery.",2.0
Chapala Chennigaraya,Kannada,Drama,0.0,0.126,1990-01-18,"Kashinath, Kalpana, Vanitha Vasu, Sundar Krishna Urs, Shankanada Aravind","Chapala Chennigaraya is a 1990 Indian Kannada film, directed by H. R. Bhargava and produced by M Rajagopal and Suresh Kumar. The film stars Kashinath, Kalpana, Vanitha Vasu and Sundar Krishna Urs in lead roles. Music of the film was composed by Rajan-Nagendra.",0.0
Mummy Save Me,Kannada,"Thriller, Horror",4.0,0.126,2016-12-02,"Priyanka Upendra, Yuvina Parthavi, Madhusudhan Rao, Aishwarya Shindogi, Vatsala Mohan","A pregnant widow moves into a seaside villa along with her daughter, mother and sister. Strange incidents happen in the house, which scare them. Will they be able to tackle this mess?",3.0
Ananthu v/s Nusrath,Kannada,"Drama, Family",6.2,0.1259,2018-12-28,"Vinay Rajkumar, Latha Hegde, P. Ravi Shankar, Prajwal Devaraj, B Suresha","Ananthu is advocate belonging to an orthodox Brahmin family, who falls in Love with Nusrath Fathima baig, a Muslim girl. How Ananthu wins his love is the plot. Whole love story revolves in Court and Narrated in a humorous way.",4.0
Yaarivanu,Kannada,Thriller,0.0,0.1259,1984-01-01,"Dr. Rajkumar, Srinath, Roopa, Puneeth Rajkumar, B. Saroja Devi","Shyam, younger brother of Sridhar dies while falling from a boat and S.P ( Superintendent of Police) Bhaskar is investigating the case. Sridhar and other of his family members receives a huge shock when Shyam appears home one day alive.",0.0
Asthitva,Kannada,Drama,0.0,0.1257,2016-08-19,"Yuvaraja, Prajwal Pooviah, Madhusudhan Rao, Shain Shetty","The plot revolves around Ram, an orphan (Hindu) who is convincted of murder. When he is released, he takes on the identity of Raheem (Muslim), a dead MBBS aspirant. He begins to live under a false identity, but will he be able to stay free from the web of lies he spins?",0.0
Kaatera,Kannada,"Action, Drama, Family, Comedy",6.7,0.1257,2023-12-29,"Darshan Thoogudeepa Srinivas, Aradhana Ram, Jagapati Babu, Kumar Govind, Vinod Kumar",,3.0
Trimurthy,Kannada,"Family, Drama, Mystery",10.0,0.1257,1975-12-26,"Dr. Rajkumar, Jayamala, M. V. Rajamma, Sampath, Vajramuni","The film stars Rajkumar, Jayamala, R. Sampath, Balakrishna and Vajramuni. Rajkumar plays 3 different roles in the film- A police inspector Vijay, a hippie vagabond Shekhar, Servant Sheshagiri and the main protagonist Sridhar. The movie was the debut movie of Tamil director C. V. Rajendran in Kannada. The film is divided into 3 stories  Thrimurthy, Undoo Hoda Kondoo Hoda and Aalaagaballava Arasaagaballa. The movie was Parvathamma's first production venture under Poornima Enterprises banner. It was also her maiden distribution venture.",1.0
Bangarada Jinke,Kannada,"Action, Adventure, Drama",0.0,0.1246,1980-10-07,"Vishnuvardhan, Bharathi Rao, Aarathi, Leelavathi, Loknath","A young man sets out on a treasure hunt to capture a golden deer with magical powers. However, he soon learns secrets from his past life which shock him.",0.0
Sathya Harishchandra,Kannada,"Drama, History",8.0,0.1239,1965-04-23,"Dr. Rajkumar, Pandari Bai, Udaykumar, T. R. Narasimharaju, M. P. Shankar",This movie is based on the great poet Raghavanka's 'Harishchandra Kavya'. Satya Harishchandra is an epic based on the mythological King Raja Harishchandra who was renowned for upholding truth under any circumstance. So much is his resolve that Harishchandra and his family are sold into bondage and separated.,0.0
Policena Hendthi,Kannada,Drama,0.0,0.1238,1990-01-01,"Malashri, Devaraj, Shashikumar","Vanaja, a young newsreader, struggles to provide for her unemployed brother and his wife while they leech off her. However, when she is married off to a timid policeman, she transforms him.",0.0
Magic Ajji,Kannada,"Drama, Horror",0.0,0.1237,2005-06-17,"Sudharani, Ramesh Bhat, Khushboo, thejas kesari, chi gurudatt",Queen Rajeshwari Devi dies on her 100th birthday. She comes back as a friendly ghost to help her disowned daughter-in-law and grandson claim their place in the palace.,0.0
Devara Maga,Kannada,"Family, Drama, Action",0.0,0.1236,2000-06-15,"Shivaraj Kumar, Ambareesh, Bhanupriya, Laila, Srinath","On learning that he is an orphan, Bharath leaves his home heartbroken. Though he is brought back home by his foster father, Rajegowda, some people in the family resent it.",0.0
Nanne Preethse: I Love You,Kannada,Drama,3.667,0.1236,2019-06-14,"Upendra, Rachita Ram, Sonu Gowda, Sayaji Shinde, Brahmanandam",,3.0
Naa Ninna Mareyalare,Kannada,"Family, Romance, Drama",10.0,0.1235,1976-09-17,"Dr. Rajkumar, Lakshmi, Leelavathi, T. N. Balakrishna, Loknath","Due to her mother's disapproval, Usha has to leave her lover and get married to a man she does not love. However, fate brings the estranged lovers face to face again. The film is based on the short story Naanu Neenu Jodi by A. R. Anand.",0.0
Udgharsha,Kannada,Thriller,1.0,0.1235,2019-03-22,"Sai Dhanshika, Tanya Hope, Thakur Anoop Singh, Kishore, Gym Ravi",,1.0
Chellata,Kannada,"Comedy, Drama",0.0,0.1232,2006-04-21,"Ganesh, Rekha Vedavyas, Avinash, Rangayana Raghu, Tennis Krishna",A poor orphan falls in love with a wealthy industrialist.,0.0
Auto Raja,Kannada,"Romance, Drama",0.0,0.123,2013-06-21,"Ganesh, Bhama, Deepika Kamaiah, Dharma, Sadhu Kokila","Raja, an auto-driver, is in awe of the successful actor Shankar Nag. His life changes when he meets Rani, a village girl, who comes to the city to become an actress",0.0
Aparichitha,Kannada,"Thriller, Mystery",9.0,0.123,1978-06-30,"Suresh Heblikar, Shoba, M. V. Vasudeva Rao, Mohan, Sundar Krishna Urs","Prakash, a story writer, goes to a mysterious village to find his missing business partner. However, things take a turn for the worse after he learns that his partner has been murdered.",1.0
Eddelu Manjunatha,Kannada,"Comedy, Drama",0.0,0.1228,2009-07-17,"Jaggesh, Tabla Nani, Yagna Shetty, Guruprasad",Manjunatha is a lazy man who does not want to struggle to earn a living. He gets married to a hard working woman who works in a garment factory and decides to change his attitude towards life.,0.0
Upasane,Kannada,"Drama, Music",0.0,0.1227,1974-01-01,"Upasane Seetharam, Aarathi, K. S. Ashwath, Leelavathi, Advani Lakshmi Devi",Shraddha is a music enthusiast. She is determined to pursue a career in classical music but faces several obstacles.,0.0
Raambo 2,Kannada,Comedy,5.3,0.1225,2018-05-16,"Sharan, Ashika Ranganath, Chikkanna, Tabla Nani, Kuri Prathap","Mayuri gets kidnapped when she is on a road trip with Krishna and DJ. However, the kidnapper releases her with a message for Krishna.",3.0
Baanadariyalli,Kannada,Drama,0.0,0.1223,2023-09-15,"Ganesh, Rukmini Vasanth, Rangayana Raghu, Reeshma Nanaiah","Bound only by their love for Leela, two strangers find themselves in the beautiful wilderness of Kenya traversing new landscapes, fighting danger and each other.",0.0
Thithi,Kannada,"Comedy, Drama",7.6,0.1223,2015-08-10,"Singri Gowda, Channe Gowda, Thamme Gowda, Abhishek H N, Pooja S M","In a remote village in South India, three generations of sons react to the death of Century Gowda, their grandfather, a 101-year-old man. The three story lines intertwine before converging at Century Gowda's ""Thithi"", the final funeral celebration eleven days after a death.",21.0
Kubera,Kannada,"Comedy, Drama",0.0,0.1222,1999-01-15,"Jaggesh, Ravali, Doddanna, Sihi Kahi Chandru, Girija Lokesh",,0.0
Old Monk,Kannada,"Comedy, Romance",8.5,0.1222,2022-02-25,"M.G. Srinivas, Aditi Prabhudeva",,2.0
Sanju Weds Geetha,Kannada,"Romance, Comedy",0.0,0.1222,2011-04-01,"Srinagar Kitty, Divya Spandana, Suhasini Maniratnam, Rangayana Raghu, Sadhu Kokila","Sanju and Geeta are all set to get married. Unfortunately, the day before their wedding Geeta is kidnapped, and Sanju kills the kidnappers, and is sent to the jail. Can Sanju and Geetha ever meet?",0.0
Once Upon a Time in Jamaligudda,Kannada,Drama,8.0,0.1221,2022-12-30,"Dhananjay, Aditi Prabhudeva, Prakash Belawadi, Yash Shetty, Bhavana Ramanna",,2.0
Sakath,Kannada,"Romance, Comedy",9.0,0.1221,2021-11-26,"Ganesh, Nishvika Naidu, Rangayana Raghu, Surbhi, Ravishanker Gowda","A man participates in a reality show singing competition while pretending to be visually impaired. However, he witnesses a murder and then wonders how to reveal the truth without exposing his lie.",1.0
Tarle Nan Maga,Kannada,Drama,0.0,0.122,1992-01-01,"Jaggesh, Bank Janardhan, Tennis Krishna, Anjali",A 1992 Kannada movie,0.0
Satya In Love,Kannada,Drama,0.0,0.122,2008-03-29,"Shivaraj Kumar, Genelia D'Souza, Srinath, Bullet Prakash, Vinaya Prasad","Satya In Love is a 2008 Kannada film directed by Raghava Loki and produced by Ramesh. The film stars Shivaraj Kumar, Genelia Dsouza, Srinath and Bullet Prakash in lead roles. Music was composed by Gurukiran.",0.0
Mufti,Kannada,"Action, Thriller",8.3,0.1219,2017-12-01,"Sriimurali, Shivaraj Kumar, Shanvi Shrivastava, Chaya Singh, Vasishta N. Simha",,6.0
Katthegalu Saar Katthegalu,Kannada,Comedy,0.0,0.1219,2003-03-27,"Ramesh Aravind, Ruthika, Jai Jagadish, Komal Kumar, Meghna Naidu",Katthegalu Saar Katthegalu is a 2003 Kannada film directed by S. V Rajendra Singh Babu and produced by . The film stars Ramesh Aravind and Ruthika in lead roles. Music was composed by Hamsalekha.,0.0
My Autograph,Kannada,"Romance, Drama, Music, Comedy",6.5,0.1219,2006-02-17,"Sudeep, Meena, Sridevika, Deepa, Rashmi Kulkarni","The story revolves around Shankar, working in an advertising agency who comes to his village to invite his friends to his marriage. He remembers the good old days and also sees how his friends are faring now. All this is told in flashback.",7.0
Love Birds,Kannada,"Drama, Romance",1.0,0.1218,2023-02-17,"Darling Krishna, Milana Nagaraj, Samyukta Hornad, Avinash, Sadhu Kokila","Couples today come from different backgrounds and have independent lifestyles. But their independence leads to friction between them, what will keep them together?",1.0
Sri Krishna Rukmini Sathyabhama,Kannada,Drama,8.0,0.1216,1971-12-31,"Dr. Rajkumar, B. Saroja Devi, Bharathi Rao, Aarathi, Srinath","Sri Krishna Rukmini Satyabhama is a 1971 Kannada-language Hindu mythological film written and directed by K. S. L. Swamy under his home banner Raghunandan movies. The film stars Rajkumar, B. Saroja Devi, Aarathi and Bharathi. The music was composed by R. Sudarshanam.",1.0
Bharath Stores,Kannada,Drama,0.0,0.1216,2013-04-05,"H. G. Dattatreya, Sudharani, Chi. Guru Dutt, V. Manohar",Govinda Shetty doesn't accept globalization which brought the countries nearer. Because even he was a part when India also accepted these which resulting in the gradual change in the lifestyle by popping up Malls and Marts.,0.0
Kanasugara,Kannada,"Music, Romance, Drama",0.0,0.1215,2001-08-03,"V. Ravichandran, Prema, Mandya Ramesh, Srinath, Doddanna","An illegitimate girl lives with her father and his family. However, the situation gets twisted when she develops feelings for her father's brother-in-law.",0.0
Rudhra Garuda Purana,Kannada,Drama,0.0,0.1215,2025-01-24,"Rishi, Priyanka Kumar M, Vinod Kumar, Avinash, K.S. Sridhar",,
Drona,Kannada,"Action, Drama",4.0,0.1214,2020-03-06,"Shivaraj Kumar, Rangayana Raghu, Iniya, Ravi Kishan","Drona revolves around a school teacher who is transferred to a government school where the conditions are pathetic and the teachers indifferent towards the students. Step by step, he tries to make the school a better place but is constantly opposed by people including the Assistant Head Master. Will he succeed?",1.0
Mumbai,Kannada,Drama,6.0,0.121,2017-01-26,"Teju, Ashish Vidhyarthi, Rangayana Raghu, Darling Krishna","Mumbai is a mass action entertainer produced by Ramu films and directed by AK47 script writer S R Ramesh. Krishna the protagonist works in a bar as cashier who eventually meets a girl beside his house and starting with small fights and humour he falls in love with her. Alongside he is constantly helping an orphanage and has a special bondage with blind kids. Later on due to some problem which occurs in the orphanage, the situation forces him to move to Mumbai which leads him to the underworld. Rest of the story revolves around the thrilling action with the underworld, the orphanage and his love interest.",1.0
Gulabi Talkies,Kannada,Drama,4.0,0.121,2008-07-14,"Umashree, M. D. Pallavi","Gulabi is a discarded fifty something woman, an outcast living on an island with the fisher folk. Her obsession for films is fulled with the introduction of a television in her life and her village hut becomes a hub.  Gulabi Talkies is a 2008 Kannada film by acclaimed Indian director Girish Kasaravalli. It is based on a short story by the same name by Kannada writer Vaidehi.[1]  The film premiered at the Osian's Cinefan Festival of Asian and Arab Cinema in New Delhi on 14 July 2008, where it won the Best Film and Best Actress awards in the Indian Competition section. Umashree won the National Award for Best Actress for her performance in the film.",1.0
Addhuri,Kannada,"Romance, Drama",3.0,0.1209,2012-06-15,"Dhruva Sarja, Radhika Pandit, Tarun Chandra, Nagathihalli Chandrashekar, Tabla Nani","After an unpleasant experience, Poorna decides to leave Arjun. However, Arjun asks for a second chance and requests that she give him six days, within which he will prove that he truly loves her.",3.0
Pathala Mohini,Kannada,Horror,0.0,0.1208,1965-11-26,"Vanisri, M.N. Lakshmi Devi, Pratima Devi, B.K. Eshwarappa, T. R. Narasimharaju","Pathala Mohini is a 1965 Indian Kannada film, directed by ""S N Singh"" and Produced by ""S N Singh.The film Stars ""Vanishree, Prathimadevi, B M Venkatesh, Narasimharaju, Balakrishna, Eshwarappa, M N Lakshmidevi"", in lead roles. The film had musical score by ""Rajan-Nagendra"".",0.0
S. P. Sangliyana Part 2,Kannada,"Action, Drama",0.0,0.1208,1990-01-11,"Shankar Nag, Bhavya, Devaraj, Sudheer, Shivaranjani","An upright police officer is determined to wipe out corruption in society. Putting his life at risk, he has to fend off several obstacles that come his way.",0.0
Baare Nanna Muddina Rani,Kannada,"Romance, Drama, Comedy",0.0,0.1206,1990-10-15,"Shashikumar, Mahalakshmi, K. S. Ashwath, Vinaya Prasad, Umashree","Though a young man marries the woman of his choice, and he is happy for a while, he soon starts facing marital issues. He realises the true meaning of marriage only after his wife leaves him.",0.0
I'm In This City,Kannada,Drama,9.0,0.1204,2023-10-28,"N Swaroop, Srinivas V, Naveen TS, Venugopal Mankani, Indu","When we think of a city, we think of its people, its food and its monuments. But then, how often do we think of its animals?",2.0
Amrithadhare,Kannada,Drama,0.0,0.1201,2005-10-07,"Divya Spandana, Amitabh Bachchan, Bhavya, Avinash, Raju Ananthaswamy","Puru (Dhyan) and Amritha (Ramya) are a couple deeply in love with each other. It is a case of opposite poles attracting. Puru is everything that Amritha is not! The boy is religious and tight-fisted in money matters. His only ambition in life: to construct a house. Amritha likes to splurge and is an atheist. In the course of time, Puru realizes his ambition, and names the dream house as Amrithadhare - a birthday gift to his beloved wife. Everything is hunky dory in their small world. But fate springs an unpleasant surprise on them. Amritha is diagnosed as having brain cancer, and the doctor tells Puru that her days are numbered! A shocked Puru decides to make her remaining days as happy as possible. He takes her on a Bharat darshan. In the process, Amritha realizes a long-standing wish of hers too: to meet her favourite actor Amitabh Bachchan in Mumbai, who makes an appearance in the climax.",0.0
Arakshaka,Kannada,Drama,3.0,0.1198,2012-01-26,"Upendra, Ragini Dwivedi, Sayaji Shinde","Arakshaka is a Kannada thriller, starring Upendra, Sada and Ragini Dwivedi and directed by P. Vasu. The film explores the strange and inexplicable workings of the human mind and deals with fear, darkness and misunderstandings.",1.0
H2O,Kannada,Drama,7.0,0.1198,2002-03-29,"Upendra, Priyanka Upendra, Prabhu Deva, Bank Janardhan, Sadhu Kokila",A 2002 Kannada film.,1.0
C.B.I Shankar,Kannada,Drama,0.0,0.1196,1989-01-01,"Shankar Nag, Suman Ranganathan, Shashikumar, Devaraj, Vajramuni","When Shankar, a CBI officer, and his team reopen the murder case of Santosh, their investigation into the events surrounding his death reveal interesting facts about the murderer.",0.0
Dharma,Kannada,"Action, Drama",0.0,0.1195,2004-03-05,"Darshan Thoogudeepa Srinivas, Sindhu Menon, Manisha, Doddanna, Rangayana Raghu","Dharma, a gangster, is challenged by Sindhu to write a poem in exchange for her house, which he forcibly wants to extort. As he continues to write, he experiences a life transformation.",0.0
Vrithra,Kannada,"Drama, Thriller",7.0,0.1195,2019-10-11,"Nithya Shri, Girish Jatti, Jaya Hegde, Kantha Mani, Prakash Belawadi","While investigating a seemingly open-and-shut case, sub-inspector Indra Rao uncovers a trail that leads her way beyond the obvious and simple answers. As she follows the evidence, she is posed with a choice that could change her life as a police officer forever.",3.0
Physics Teacher,Kannada,Thriller,0.0,0.1189,2022-07-22,"Prerana Kambam, Mandya Ramesh, Rajesh Nataranga, Sumukha","The film chronicles the journey of a_young Physics teacher who believes that nothing in this world exists without a scientific reason. Superstitions do not hold any importance in his life, until there arises a situation that challenges his ideologies. Will he lose faith in his ideologies? Or Will he fight harder?",0.0
Golmal Part 2,Kannada,"Comedy, Drama",0.0,0.1188,1991-01-01,"Anant Nag, Tara, Chandrika, Mukhyamantri Chandru, Leelavathi","Krishna (played by Ananth Nag), who agrees to act as the husband of a rich girl, Meera (played by Thara), for money. This creates complications when his own wife, Radha (also played by Thara), finds out about the arrangement. The story takes a turn when Meera's father reveals the tragic circumstances behind her life, leading to a resolution where Krishna and Radha reunite.",0.0
Modalasala,Kannada,"Romance, Drama, Comedy",0.0,0.1186,2010-10-08,"Yash, Bhama, Rangayana Raghu, Tara, Avinash",,0.0
Maasthi Gudi,Kannada,"Action, Thriller",10.0,0.1186,2017-05-17,"Amulya, Raghav Uday, Kriti Kharbanda, Duniya Vijay, Srinivasa Murthy",,1.0
Vaastu Prakaara,Kannada,Comedy,4.0,0.1186,2015-05-01,"Jaggesh, Rakshit Shetty, Aishani Shetty, Parul Yadav, Anant Nag","Vaastu Prakaara (Kannada:  ) is a 2015 Indian Kannada language satirical comedy film directed by Yogaraj Bhat starring Rakshit Shetty, Jaggesh, Aishani Shetty and Parul Yadav in lead roles. The supporting cast features Anant Nag, Sudha Rani, T. N. Seetharam and Sudha Belawadi. The film deals in the belief of Indians in astrology and superstition and how it is being blindly followed and overlooked over science.",3.0
Dhoomakethu,Kannada,"Family, Thriller",9.0,0.1185,1968-08-30,"Dr. Rajkumar, Udaykumar, Udaya Chandrika, Nagappa, K. S. Ashwath","Dhoomakethu is a 1968 Indian Kannada-language film, directed by R. N. Jayagopal. The film stars Rajkumar, Udaya Chandrika, Udaykumar and Narasimharaju. The film has musical score by T. G. Lingappa. This is the debut movie of R. N. Jayagopal as a director.V.Ravichandran had revealed that he had made his first on screen appearance in this movie.",1.0
Ragini IPS,Kannada,Drama,7.5,0.1185,2014-03-28,"Ragini Dwivedi, Avinash, Achyuth, Ramesh Bhat, Upendra",A female IPS officer is fighting against corruption and corrupt people.,2.0
Accident,Kannada,"Crime, Drama, Thriller",7.5,0.1183,1985-01-01,"Anant Nag, Shankar Nag, Arundathi Nag, T. S. Nagabharana, Ashok Mandanna",,2.0
Varada,Kannada,"Action, Drama",0.0,0.1182,2022-02-18,"Vinod Prabhakar, Charan Raj, Ashwini Gowda, Amitha Ranganath",Varada grows up with his mother as his father is getting married to another woman. Hence he develops hatred towards his father and starts punishing the people who go for a second marriage and extra-marital affair.,0.0
Anubhava,Kannada,Drama,0.0,0.1182,1984-03-30,"Kashinath, Abhinaya, Umashree","The movie starts with Ramesh doing his routine job in Bangalore City. In his native city, his aunt lives with her children Gauri and Gunda. When Gauri attains puberty, her mother thinks of getting her married to Ramesh and writes a letter communicating the same though the village Sheregar. On hearing this, Ramesh starts daydreaming about his cousin and soon to be wife Gauri. He also tries to educate himself by trying to buy some adult books. Gauri however is still very immature and continues her playful acts like a little village belle.",0.0
Kiladi Kittu,Kannada,Drama,0.0,0.118,1978-03-03,"Rajinikanth, Vishnuvardhan, Leelavathi, Pandari Bai, Kavitha",A 1978 Kannada movie.,0.0
Sidlingu 2,Kannada,"Comedy, Family, Drama",0.0,0.1178,2025-02-14,"Yogesh, Sonu Gowda, Suman Ranganathan, Manjunath Hegde, B Suresha","Sidlingu 2 continues the journey of its beloved characters, starring Loose Madha Yogi and Sonugowda. Directed by Vijayaprasad, this sequel promises more drama, humour, and adventure.",0.0
Huduga Hudugi,Kannada,"Comedy, Family",0.0,0.1178,2010-11-12,"Sammir Dattani, Lekha Washington, Sadha, Sanjjanaa Galrani, Anita Hassanandani Reddy","When Sonia is asked to work with Sachin, a television anchor, she is reluctant. However, things take a turn when he decides to help her with her problems and she starts developing feelings for him.",0.0
Family Drama,Kannada,Comedy,0.0,0.1176,2024-07-26,"Sindhu Sreenivasa Murthy, Poornachandra Mysuru, Rekha Kudligi, Ananya Amar, Abhay","Welcome to the Family of Liars... Cheaters...Murderers? Here's the Sneak Peek of Family Drama, a Dark Comedy Kannada film.",0.0
Aham Premasmi,Kannada,Romance,0.0,0.1175,2005-05-27,"V. Ravichandran, Aarti Chabria, Ramakrishna, Chitra Shenoy, Ganesh","A poor slum boy, detests love and meets Arati in college. She wants to find out, whether his love for her is not mere infatuation, but he overcomes all obstacles and his love breeds forever",0.0
Durgada Huli,Kannada,Drama,0.0,0.1175,2000-02-24,"Sai Kumar, Vinita, Shobaraj, Hema Chaudhary, B. V. Radha",An archaeologist races against time to find a buried treasure after someone kidnaps his family and holds them hostage to make a trade.,0.0
Srikanta,Kannada,Drama,0.0,0.1174,2017-01-06,"Shivaraj Kumar, Chandini Sreedharan","Srikanta, who indulges in petty illegal activities, gives a lift to a journalist en-route to Agumbe. The duo talk about their life and experiences throughout their journey.",0.0
Made In Bengaluru,Kannada,Drama,0.0,0.1173,2022-12-30,"Anant Nag, Sai Kumar, Prakash Belawadi, Madhusudan Govind, Sudha Belawadi",Bengaluru Start-up Story mixed with Emotions,0.0
Bhavachitra,Kannada,"Mystery, Thriller",9.0,0.1171,2022-02-18,"Ganavi Laxman, Girish Kumar B","Protagonist Vishnu photographer by hobby, takes his camera and goes for a long drive, takes photos of locations and people he meets, from there on story continues and the plot remains in suspense as why is he travelling.",1.0
Doorada Betta,Kannada,"Family, Drama",8.0,0.117,1973-08-10,"Dr. Rajkumar, Bharathi Rao, T. N. Balakrishna, K. S. Ashwath, Sampath","The film starred Rajkumar and Bharathi Vishnuvardhan. It had Balakrishna, K. S. Ashwath and Sampath playing supporting roles. The film, along with Mooruvare Vajragalu (1973), was Rajkumar's last movie in black-and-white. However, this movie had a few sequences shot in colour. This was also the last film where Rajkumar and Bharathi were seen together. This was also Rajkumar's last collaboration with Siddalingaiah. The film is seen as a landmark in the career of Siddalingaiah.The movie saw a theatrical run of 25 weeks.",1.0
Ambi Ning Vayassaytho,Kannada,Drama,5.0,0.117,2018-09-27,"Ambareesh, Suhasini Maniratnam, Sudeep, Sruthi Hariharan, Lasya Nagaraj",A 65 years old man starting a journey to find his first love who broke up 40 years ago.,2.0
Soojidaara,Kannada,"Drama, Mystery, Thriller",0.0,0.1168,2019-05-10,"Hariprriya, Shreya Anchan, Suchendra Prasad, Prabhakar Kunder","Falsely accused of a crime, a man flees and takes refuge in the house of a woman whose past is strangely related to his own.",0.0
Love 360,Kannada,Drama,0.0,0.1167,2022-08-19,"Rachana Inder, H Praveen Kumar, Gopalkrishna Deshpande, Kavya Shastri","The plot of Love 360 revolves around the couple Ram and Janaki, who face countless obstacles in the path of their true love.",0.0
Shwethaa,Kannada,"Horror, Comedy",0.0,0.1167,2017-07-21,"Yashwanth Bijur, Vishnu Prasad, Praveen Laksh, Kiran Vati, Hridaya Shiva","Shwethaa and three of her friends, who are para psychology students, go to an old, haunted bungalow to shoot for their project report about the existence of evil spirits. Shwethaa finds a dybbuk box, which has ancient satanic symbols etched on it, in the bungalow and brings it back to her place, unaware that it has a malicious demon living in side it. She fails to open the box on various occasions but, one night, the box opens on its own.",0.0
Alidu Ulidavaru,Kannada,"Thriller, Mystery",5.5,0.1165,2019-12-06,"Ashu Bedra, Atul Kulkarni, Sangeetha Bhat, Pawan Kumar","The film follows a popular TV host and a Bonafide myth buster of superstition, through his journey of making the 100th episode for his show.",4.0
Amarnath,Kannada,"Family, Drama",6.0,0.1163,1978-10-27,"Ambareesh, Leelavathi, K. S. Ashwath, Dheerendra Gopal, Sundar Krishna Urs","Amarnath is a 1978 Indian Kannada film, directed by K. Mani Murugan and produced by N. K. Narayan, V. K. Ramesh and P. B. Walke. The film stars Ambareesh, Sundar Krishna Urs, Dheerendra Gopal and K. S. Ashwath in lead roles. The film had musical score by Vijaya Bhaskar.",1.0
Boxer,Kannada,"Action, Drama",0.0,0.1163,2015-11-20,"Dhananjay, Kruthika Jayakumar, Rangayana Raghu, Charandeep, Sumithra","Raja, a street boxer, falls in love with a blind girl Lakshmi, who shows him love and compassion. Raja, who has a few enemies, dreams of living happily ever after with her. Is this possible?",0.0
Paramesha Panwala,Kannada,Drama,0.0,0.1162,2008-12-05,"Shivaraj Kumar, Surveen Chawla, Srinivasa Murthy, Ashish Vidhyarthi, Chitra Shenoy","Paramesha Panwala is a 2008 Kannada film directed by Mahesh Babu and produced by Aditya Babu. The film stars Shivaraj Kumar, Surveen Chawla, Srinivasa Murthy and Ashish Vidhyarthi in lead roles. Music was composed by V Harikrishna.",0.0
Janumada Jodi,Kannada,"Drama, Romance",0.0,0.1161,1996-11-15,"Shivaraj Kumar, Chippy, Pavitra Lokesh, Mukhyamantri Chandru, Honnavalli Krishna",A lovelorn village boy and girl cross all barriers of caste and tradition to unite in a meaningful manner.,0.0
Beautiful Manasugalu,Kannada,"Drama, Romance",5.5,0.1161,2017-01-20,"Sathish Ninasam, Sruthi Hariharan, Achyuth Kumar, Prashanth Siddi, Tabla Nani","A romance-comedy film directed by Jayatheertha, starring Sathish Ninasam and Sruthi Hariharan in the lead roles.",2.0
SURA,Kannada,"Drama, Fantasy",0.0,0.1157,2023-08-12,"Deepak Rai Panaje, Udaya Kumar Adyanadka, Roopashree Varkady, Varsha Acharya, Shabareesh Kabbinale","A once famous, obliviously religious Hindu Yakshagana artist loses the highly coveted role of a Hindu deity to a Catholic priest, forcing him to confront his alter ego and grapple with his dogmatic faith in a surreal and enigmatic world.",0.0
Drishya 2,Kannada,"Crime, Drama, Thriller",0.0,0.1154,2021-12-10,"V. Ravichandran, Anant Nag, Asha Sarath, Prabhu, Navya Nair","Rajendra Ponnappa, a cinema hall owner, thrives in life but is a changed man. However, when his family gets entangled in a criminal investigation, he must protect them from the legal institution yet again.",0.0
C.B.I Shiva,Kannada,Action,0.0,0.1154,1991-07-18,"Prabhakar, Ramesh Aravind, Jaggesh, Tara, Shruti","Three educated but unemployed youths campaign for a politician and help him win an election. When the politician does not give them a job as promised, they hatch a plan to make him toe the line.",0.0
Junglee,Kannada,Drama,0.0,0.1153,2009-02-06,"Duniya Vijay, Rangayana Raghu, Aindrita Ray, Suresh Chandra, Adi Lokesh","Junglee, a small-time actor, joins the world of crime. Soon, he meets Padma and they fall in love, but things turn upside down when he unknowingly kills Padma's father in a fight.",0.0
Simple Agi Ondh Love Story,Kannada,"Comedy, Romance",6.5,0.1152,2013-09-28,"Rakshit Shetty, Shwetha Srivatsav, Srinagar Kitty, RJ Rachana","Rachana persuades her brother to meet her boyfriend's sister, Ithihasini, hoping that cupid would strike them. However, things take a turn when another girl tricks him into falling in love with her.",9.0
Cyanide,Kannada,"Crime, Drama, Thriller",5.0,0.1151,2006-01-08,"Avinash, Malavika Avinash, Usha Bhandary, Suresh Heblikar, Bank Janardhan","""Cyanide"" is about the incidents that occurred in the peripheries of Bangalore after the assassins of former Prime Minister Rajiv Gandhi stepped into the city. The story revolves around a helpless couple who fall into the clutches of the gang and are taken hostage.",1.0
Nanna Preethiya Hudugi,Kannada,Drama,0.0,0.115,2001-04-06,"Sammir Dattani, Deepali, Lokesh",,0.0
Hudugaata,Kannada,"Drama, Comedy",0.0,0.1149,2007-06-08,"Ganesh, Karibasavaiah, Avinash, Tumkur Mohan, Satyajith","On a journey to Kanyakumari to interview a sports personality, reporter Balu Mahendar meets a wealthy girl who's in dire need of some help.",0.0
Pedro,Kannada,Drama,0.0,0.1149,2021-10-09,"Gopal Hegde, Ramakrishna Bhat Dundi, Raj B Shetty","In a village in Southern India, Pedro, an outcast and a drunk, accidentally kills a cow and sets off a revelatory chain of events that pit him against the entire community.",0.0
A,Kannada,"Romance, Thriller",5.709,0.1148,1998-02-12,"Upendra, Chandini, Kote Prabhakar, Michael Madhu, Archana","A film director fades away from the industry after the failed love with the heroine of his movie. After being rehabilitated, he learns that some people conspired his fall and decides to take revenge.",110.0
Agni I.P.S.,Kannada,"Crime, Action",10.0,0.1146,1996-06-08,"Sai Kumar, Thriller Manju, Sharath Lohitashwa, Satya Prakash","Agni, a volatile cop, quits but returns to hunt ""Black Tiger,"" uncovering corruption and vengeance. But a shocking truth threatens to shatter everything he knows.",1.0
Pataki,Kannada,"Drama, Action, Comedy",4.0,0.1145,2017-05-26,"Ganesh, Ranya Rao, Sai Kumar, Priyanka Thimmesh, Ashish Vidhyarthi",Surya is a corrupt IPS officer and he misuses his power to gain monetary benefits in unorthodox methods. During this process he also encourages a local MP named Rudra Pratap who has become a huge headache to Agni.,2.0
Baalu Belagithu,Kannada,"Family, Drama",9.0,0.1141,1970-11-06,"Dr. Rajkumar, Jayanthi, Bharathi Rao, Nagappa, Dwarakish","Baalu Belagithu is a 1970 Indian Kannada language drama film written and directed by Siddalingaiah. It stars Rajkumar, Jayanthi and Bharathi.[1] The film was released under Chitrashree International banner and produced by K S Prasad, B V Srinivas and A S Bhakthavathsalam. It was remade in Telugu as Manchivadu, in Hindi as Humshakal and in Tamil as Oorukku Uzhaippavan.",1.0
Ade Kannu,Kannada,Drama,0.0,0.1141,1985-01-01,Dr. Rajkumar,,0.0
Ouija,Kannada,Horror,3.0,0.1138,2015-11-06,"Gayathri Iyer, Avinash, Sayaji Shinde, Kadambari Jethwani, Madhuri Itagi",The happy go lucky girls working as software professionals start a short film to pursue their dreams of film making. Everything goes well apart from the theme of the film they chosen.,2.0
Ganda Bherunda,Kannada,"Adventure, Drama",6.0,0.1138,1984-03-30,"Shankar Nag, Ambareesh, Lakshmi, Srinath, Amrish Puri",A young explorer and linguist stumbles upon ancient scrolls that contain information about precious treasure of the Bherunda kingdom. He sets out to find the wealth with a trusted few.,1.0
Hrudayavantha,Kannada,"Drama, Family",0.0,0.1137,2003-10-02,"Vishnuvardhan, Nagma, Anu Prabhakar, Ashalatha, Pragathi Mahavadi","Vishnu, a poor man, loves his sister and helps her become a doctor. However, Anu is suspicious about her brother's source of income and decides to investigate.",0.0
Mahasadhvi Mallamma,Kannada,Drama,0.0,0.1137,2005-01-14,"Meena, Rajendra Prasad, Sridhar, Tharika","Mallamma, a Shiva devotee, marries Dharanna. She is excited to start a new life with her husband, however her in-laws treat her horribly and she loses faith in Lord Shiva.",0.0
Maurya,Kannada,"Drama, Romance",0.0,0.1136,2004-10-22,"Puneeth Rajkumar, Meera Jasmine, Roja Selvamani, Komal Kumar, Doddanna","Manu, a professional kick-boxer can do anything to fulfill his mothers wish. Through all the ups and downs, he struggles hard to become the Ultimate Champion.",0.0
Run Antony,Kannada,"Action, Drama, Thriller",0.0,0.1134,2016-07-08,"Vinay Rajkumar, Sushmita Joshi, Devaraj, Bullet Prakash, H. G. Dattatreya","Life seems to be perfect for a young lad who has good values in life, his career going well, good friends and a girl he is about to propose to. At this point he is forced to run. While on the run, he meets a lovely damsel, which takes him from one mystery to another! He is drawn to her, but another unforeseen event puts him on the run again. While the others run to catch him, he runs to find out what went wrong. Clues point to bigger things that threaten the world, but he has to unravel the past to piece together what the future holds.  Watch to find out if he is able to run to the solution or is out run by fate!",0.0
Raghavendra Stores,Kannada,"Comedy, Drama",3.2,0.1129,2023-04-28,"Jaggesh, Shwetha Srivatsav, Achyuth Kumar, H. G. Dattatreya, Ravishanker Gowda","A cook who cooks special dishes opens a shop (Raghavendra Stores) and becomes widely popular.With his incredible tasty dishes,he gets more and more new orders.An unexpected event changes everything in his life.",5.0
Majestic,Kannada,"Action, Drama, Romance",0.0,0.1126,2002-02-08,"Darshan Thoogudeepa Srinivas, Sparsha Rekha, Jai Jagadish, Vanitha Vasu, Malathi Sardeshpande","Daasa is an orphan, raised by a corrupt policeman, Ranadheera. who becomes a gangster when he grows up. His life changes when he falls in love with Kiran, his enemy's daughter, who aids him after her father's truth comes to light and rest of the story forms the plot.",0.0
Mr 420,Kannada,Comedy,0.0,0.1126,2012-10-19,"Pranitha Subhash, Sadhu Kokila, Rangayana Raghu, Ganesh","An easy go lucky guy and attempts pickpocketing for livelihood. After falling in love with the lady, the hero gets into trouble and how he wins over the circumstances is the story.",0.0
Aaram Aravind Swamy,Kannada,"Comedy, Romance",0.0,0.1121,2024-11-22,"Anissh, Milana Nagaraj, Hrithika Srinivas, Gowrav Shetty, RJ Vikki","This feel-good tale follows Arvind, a city recovery agent with a perfect girlfriend. When she urges him to confront their parents about marriage, he avoids the issue, triggering a series of comedic events that change his life. It`s a light-hearted exploration of love and commitment amidst his escapist tendencies",0.0
Vaasu Naan Pakka Commercial,Kannada,"Action, Drama, Romance",3.0,0.1121,2018-08-03,"Anissh, Nishvika Naidu, Avinash, Manjunath Hegde, Aruna Balaraj","Vaasu, a young man who falls head over heels in love with Mahalakshmi, however, little does he know that his actions would have adverse repercussions on his family.",3.0
Aake,Kannada,"Horror, Mystery, Thriller",6.0,0.1121,2017-06-30,"Chiranjeevi Sarja, Sharmiela Mandre, Achyuth Kumar, Prakash Belawadi","A ghost named Maya becomes the common link between Arjun, an artist in London, and Sharmila, a single mom and struggling actress from Bengaluru.",2.0
Anjada Gandu,Kannada,"Comedy, Drama, Romance, Action",0.0,0.112,1988-07-13,"Ravichandran v, Khushboo, Thoogudeepa Srinivas, Doddanna, Mukhyamantri Chandru","A spoilt brat never listens to his father and spends all the money carelessly. To teach him a lesson, his father decides to send him to his old friend who is in the army.",0.0
Photo,Kannada,Drama,9.0,0.1119,2024-03-15,"Sandhya Arakere, Veeresh Gonwar, Mahadev Hadapad, Jahangir MS","The Indian government announces a nationwide lockdown without proper notice, in the wake of the pandemic. A father who is a daily wager in Bengaluru, and his 10 year-old son, decide to go back to their hometown Raichur, which is 450kms from Bengaluru. And they have to walk all the way due to the lack of transportation. The scorching heat and bad weather shakes their journey as well as both of their lives.",1.0
Krishna Talkies,Kannada,Horror,5.8,0.1119,2021-04-16,"Ajai Rao, Sindhu Lokanath, Chikkanna, Yash Shetty, Pramod Shetty",A group of friends go to a village for festivities and later hear stories of some deaths in the area. They soon realize one of them is missing. Will they find her before she is killed?,2.0
Crazy Kutumba,Kannada,"Comedy, Drama",0.0,0.1118,2010-02-11,"Ramesh Aravind, Sana, Karibasavaiah, Bank Janardhan, Anant Nag","Crazy Kutumba is the story of a dysfunctional family bonding during a journey from Bijapur to Bangalore to participate in a TV reality show. A drunkard angry-old man, an aspiring inventor, a fitness freak-fatso, an ideal wife, a cute little dancer girl and a kleptomaniac guy all from the same family fight, scream, laugh, tease, sing, dance and generally have a fun-filled yet highly emotional journey from their small rural hometown to big city in a hope of making all their dreams come true.Its the journey of discovery of all their strengths and weaknesses. With every new obstacle on the way, the family becomes stronger and realizes the potential of their unity. The film is about dreams of everyone and giving hope that dreams, however big, do come true.",0.0
Suryodaya,Kannada,Drama,0.0,0.1109,1993-01-01,"Ambareesh, Sridhar, Vinaya Prasad, Srinath, Keerthiraj",,0.0
Bidugade,Kannada,"Family, Drama, Mystery",9.0,0.1107,1973-04-13,"Dr. Rajkumar, Bharathi Rao, K. S. Ashwath, Kalpana, Rajesh","The movie is about a reporter who concocts a false case so as to get himself convicted for first degree murder so that he can prove that the death sentence can be given based on circumstantial evidence and that it be done away with. However, by the time he is out of the prison proving his innocence, his father is falsely arrested in another murder case and is awarded a death penalty!",1.0
Mane Devru,Kannada,"Romance, Drama",0.0,0.1106,1993-01-01,"V. Ravichandran, Sudharani, K. S. Ashwath, Disco Shanti, Tennis Krishna",,0.0
Gentleman,Kannada,"Action, Action, Thriller",5.0,0.1105,2020-02-07,"Prajwal Devaraj, Nishvika Naidu, Sanchari Vijay, Vijay Chendoor, Raghu Ramankoopa",,1.0
Kaviratna Kalidasa,Kannada,"Drama, History, Music",10.0,0.1105,1983-02-18,"Dr. Rajkumar, Srinivasa Murthy, Jaya Prada","Sanskrit and upper-caste poet, Kalidas, faces many challenges after falling in love with a low-caste woman, and being entered into a competition against a learned princess.",1.0
"Karki Nanu BA, LLB",Kannada,"Action, Drama",0.0,0.1103,2024-09-20,"Jai Prakash Reddy, Meenakshi Dinesh, Sadhu Kokila, Bala Rajwadi, Mimicry Gopi",The film portrays the struggles faced by Muthuraj who gets caught in caste-based discrimination and how his resilience and courage help him challenge deep-rooted societal norms.,0.0
The Dusk,Kannada,Drama,0.0,0.1101,2001-07-25,"H. G. Dattatreya, Pavitra Lokesh, Bhargavi Narayan, Srinivasa Prabhu, Master Hirannayya",The story revolves around the struggles faced by old people to cope with the changing times and values.,0.0
Ranadheera Kanteerava,Kannada,History,8.0,0.1098,1960-02-14,"Dr. Rajkumar, Leelavathi, Udaykumar, K. S. Ashwath, T. R. Narasimharaju","Ranadheera Kanteerava is a 1960 Indian Kannada-language historical drama biographical film directed by the editor-turned-director N. C. Rajan and written by G. V. Iyer. It is one of the most popular films of acclaimed Kannada actor Rajkumar, who plays the role of an emperor Kanthirava Narasaraja I of the Wodeyar dynasty, Mysore, who was fondly named as Ranadheera Kantheerava. The film depicts the life of Kanteerava, who is known for his immense physical strength through wrestling. The film was credited to be one of the most authentic historical films made, since it was entirely based on the documents found in the Mysore Palace. The film also stars Udaykumar, Leelavathi, K. S. Ashwath and Sandhya in prominent roles.",1.0
Phaniyamma,Kannada,Drama,0.0,0.1096,1983-09-12,"L. V. Sharada Rao, Prathibha Kasaravalli, Archana Rao, Vishwanath Rao, Kasaragod Chinna","Based on a true story, the film depicts the life story of a child widow who grows up facing the unkind treatment that society metes out to such women. Yet, she shows exceptional kindness to others.",0.0
Endendigu,Kannada,Romance,0.0,0.1095,2015-05-01,"Ajai Rao, Radhika Pandit, H. G. Dattatreya, Tabla Nani, Pavitra Lokesh","Jyothi experiences nightmares of the impending death of her husband, Krishna. She believes that this is a premonition and decides to change his fate.",0.0
Shhh!,Kannada,"Horror, Mystery, Thriller",7.6,0.1089,1993-12-03,"Kumar Govind, Kashinath, Upendra, Thriller Manju, Sadhu Kokila","When a movie crew arrives to shoot their film at an estate, they are haunted by the supernatural elements of the lonely house on the estate. Things get worse when the people of the estate and crew start disappearing.",8.0
Buckasura,Kannada,Thriller,4.0,0.1085,2018-04-06,"Sihi Kahi Chandru, Makrand Deshpande, Sadhu Kokila, Suchendra Prasad, V. Ravichandran","Arya, aka Money, is a lawyer who will do anything for money. When he gets an offer that he cannot refuse, he has to make a lot of choices to lead the live he wants. Will Arya get to lead a happily ever after with a wealthy future?",4.0
Vamshi,Kannada,"Action, Crime, Drama",6.0,0.1082,2008-10-02,"Puneeth Rajkumar, Nikita Thukral, Lakshmi, Komal Kumar, Sundar Raj","An aspiring police officer and trainee Vamshi (Puneeth Rajkumar) is impulsive and aggressive in his ways, with even a little thing unleashing gruesome anger in him. This attitude costs him his dream, as he fails his interview when the panel realizes that he is too compulsive. However, there is a past that warrants for this behavior of his. When he is rejected by the Police academy, he joins his late father`s gang and becomes a goon. This, he doesn`t realize until later, distance him from his mother and lady love. Understanding their importance, when he tries to walk back from the path of violence and immorality, his henchmen do not let him. Will he be able to reform his life for his, and his family`s sake?",2.0
Ranachandi,Kannada,Drama,0.0,0.1081,1991-11-15,"Radha, Sarath Babu, Mukhyamantri Chandru, Avinash, Mysore Lokesh",,0.0
Padde Huli,Kannada,"Action, Drama",5.0,0.1081,2019-04-19,"Shreyas Manju, Nishvika Naidu, V. Ravichandran, Sudharani, Chikkanna","Padde Huli tells one such story of a college guy who is torn between his true love and passion for music. Sampath is a happy-go-lucky guy from a middle-class family. His parents are very encouraging. For Sampath, music is his life and his parents always push him to pursue his passion. After school, Sampath joins engineering with his best friend. Incidentally, his sweetheart from school Sangeetha also joins the same college. Sampath confesses his love and Sangeetha reciprocates. The story trudges along the familiar campus life arc - with ragging scenes, clashes with seniors and colourful college events.",1.0
Raktha Kanneeru,Kannada,"Comedy, Drama",8.0,0.108,2003-09-18,"Upendra, Ramya Krishnan, Kumar Bangarappa, Abhirami, Jyothi Lakshmi","A young Indian man becomes westernised and starts hating the Indian rituals and culture. He falls in love with a sex worker, but marries a girl from his village to fulfil his parents' wish.",7.0
Hari Bhakta,Kannada,Drama,0.0,0.108,1956-02-06,"Dr. Rajkumar, Pandari Bai, Mynavathi, T. R. Narasimharaju, G. V. Iyer","Hari Bhakta is a 1956 Kannada-language film directed by T. V. Singh Thakur. The film stars Rajkumar and Pandari Bai. It had Mynavathi, Narasimharaju, G. V. Iyer, H. R. Shastry playing supporting roles.[1] The movie is based on the life of Pundarika",0.0
Gadibidi Ganda,Kannada,Drama,0.0,0.1079,1993-01-01,"V. Ravichandran, Ramya Krishnan, Roja Selvamani, Nagesh, Jaggesh","Gopal, a village boy, is forced to marry Mohana, a vibrant city girl. Later, he marries Nilambari, his childhood love from his village, and has to juggle between them both.",0.0
Omkara,Kannada,Drama,0.0,0.1075,2004-09-18,"Upendra, Preeti Jhangiani, Rahul Dev, Rangayana Raghu, Shweta Menon",A 2004 Kannada movie.,0.0
Kodagana Koli Nungitha,Kannada,"Comedy, Drama",0.0,0.1074,2008-08-22,"Jaggesh, Pooja Gandhi, Rangayana Raghu, Sharan, Sadhu Kokila","Balu postpones his marriage plans to fulfil various family responsibilities. But things change when he accidentally meets Lakshmi, who is actually a royal heiress pretending to be a poor girl.",0.0
Putaani Agents 123,Kannada,"Family, Drama",7.5,0.1073,1979-08-03,"Srinath, Manjula, Master Ramakrishna Hegde, Master Bhanupraksh, Master James","Murali, an honest police officer, is falsely charged in a murder case and sentenced to death. However, things take a turn when three students race against time to prove his innocence.",2.0
Sankranthi,Kannada,Drama,0.0,0.1068,1989-01-01,"Lokesh, Saritha, C. R. Simha, Sundar Raj, Loknath",Filmfare South winner for Best Kannada film 1989.,0.0
Ramarjuna,Kannada,"Romance, Action",0.0,0.1068,2021-01-29,"Anissh, Nishvika Naidu",A smart insurance agent realises the value of life after losing his dear ones. How he transforms and seeks justice after the incident forms the rest of the story.,0.0
Krishnan Love Story,Kannada,Drama,7.0,0.1066,2010-06-18,"Radhika Pandit, Umashree, Achyuth Kumar, Sharan, Pradeep","The story revolves around Geetha (Radhika Pandit), a middle-class girl, who suppresses her ambitions due to poverty. She had to fear the society and also her drunkard brother (Chandru) who always ill-treats her. Though she likes Krishna (Ajai Rao), she elopes with Narendra (Pradeep), son of a rich man, for money. A ghastly incident makes her lead a miserable life unable to face society, but her lover Krishna comes to her help.",1.0
Fourwalls,Kannada,Drama,4.5,0.1063,2022-02-11,"Achyuth Kumar, Bhasker Ninasam, Janvi Jyothi, H. G. Dattatreya, Sujay Shastri","Shankaranna, who raises his children (three daughters and a son) very diligently, with Parvathi succumbing to complications in childbirth after the fourth. He is hesitant to get his daughters married. His son, Bhaskar, is at odds with his father due to this, but his daughters are ready to toe the line.",2.0
Karva,Kannada,"Thriller, Horror",5.5,0.1062,2016-05-27,"Tilak Shekar, Devaraj, Anisha Ambrose, Rockstar Rohith, Anu Poovamma","It is a two dimensional story, one trying to unveil an age old unknown mystery, and another experiencing the existence of the unknown. Do these stories meet? What happens to the fate of those involved with the unknown ?",8.0
Lakshadheeshwara,Kannada,"Family, Drama",8.0,0.1061,1968-10-31,"Dinesh, Rajanand, Dikki Madhava Rao, Dwarakish, Shylashri","One illiterate villager forcibly purchases a lottery ticket which fetches him one lakh rupees. By the time results announced, he loses His ticket somewhere in the house. Story revolves around finding the ticket, getting the money and spending of that huge money.",1.0
Baala Naagamma,Kannada,Drama,0.0,0.1061,1966-03-05,"Dr. Rajkumar, T. R. Narasimharaju, Udaykumar, T. N. Balakrishna, Chi Sadashivaiah","Bala Nagamma is a 1966 Indian Kannada-language film, directed by P. R. Kaundinya and produced by Vikram Srinivas. The film stars Rajkumar, Udaykumar, Narasimharaju and Master Babu. The film has musical score by S. Rajeshwara Rao. The movie is based on one of the popular stories of the traditional folklore Burra katha.",0.0
Mass Leader,Kannada,Drama,3.0,0.1061,2017-08-11,"Pranitha Subhash, Vijay Raghavendra, Gururaj Jaggesh, Yogesh, Shivaraj Kumar","Captain Shivaraj, an honest army officer, and his associates Guru and Viji kill terrorists to protect India. They learn that a corrupt politician is helping illegal immigrants settle in the country.",2.0
Chandramuki Pranasaki,Kannada,Romance,0.0,0.1059,1999-03-31,"Ramesh Aravind, Prema, Bhavana Ramanna",Chandramuki Pranasaki movie is based on triangle love story. In which ramesh loves prema but bhavana loves ramesh. She is replying for his letters instead prema. Finally they both will unite.,0.0
Malashree Mamashree,Kannada,"Comedy, Drama, Family",0.0,0.1058,1992-04-08,"Malashri, Sunil, Tara, Balaraj, Mukhyamantri Chandru","A man goes against his father's wish and gets married to the woman he loves, Malashree. However, when his father tries to separate them, Malashree decides to teach him a lesson.",0.0
Amma Nagamma,Kannada,Drama,0.0,0.1057,2001-09-18,"Charan Raj, Damini, Ragasudha, Shobaraj, Gurudath Musuri",,0.0
Vijayanand,Kannada,Drama,0.0,0.1056,2022-12-09,"Prakash Belawadi, Anish Kuruvilla","Vijay, a 19-year-old boy, starts his transport business at a very young age from Gadag, a small city in the heart of North Karnataka. Although he faced many difficulties in the beginning, he bravely faced all of them and started his business with just one truck and till now he became the owner of 4300 vehicles. In this story, a father worries that his son may get into trouble by venturing into a new business that he doesn't know about. But the same son will one day grow up in the same industry and become a big businessman. Vijayanand Road Lines (VRL) has now grown into one of the largest transport companies in India. Vijay also ventures into media business.",0.0
Gimmick,Kannada,"Horror, Comedy",1.5,0.1056,2019-08-15,"Ganesh, Ronica Singh, Ravishanker Gowda, Shobaraj, Mandya Ramesh","A happy-go-lucky poor guy Gani falls in love with wrestler Raani, who hails from a rich family. Raani's father tries every trick in the book to separate Raani and Gani. When nothing works, he comes up with a plan that he is sure will not let him down.",2.0
Paddayi,Kannada,Crime,6.0,0.1056,2017-11-25,"Mohan Sheni, Bindu Raxidi, Chandrahas Ullal, Gopinath Bhat, Srinidhi Achar","Based on Macbeth, PADDAYI is the story of Madhava and Sugandhi. They are newlyweds from the fishing community in Karnataka, Southern India. Driven by a Tulu deitys prophecy coupled with Sugandhis ambition, Madhava murders Dinesh, illegally inherits Dinesh property and bring upon himself an eponymous tragedy.",1.0
Kasidre Kailasa,Kannada,"Family, Drama",7.0,0.1054,1971-07-02,"Dr. Rajkumar, Udaykumar, Vanisri, Pandari Bai, T. R. Narasimharaju",,1.0
Brahmachari,Kannada,"Comedy, Romance",1.0,0.1053,2019-11-29,"Sathish Ninasam, Achyuth Kumar, Ashok Sharma, H. G. Dattatreya, Padmaja Rao","A comedy romance film directed by Chandra Mohan, starring Aditi Prabhudeva and Sathish Ninasam in the lead roles.",1.0
Rama Rama Re,Kannada,"Thriller, Comedy, Drama",7.1,0.1053,2016-10-21,"Dharmanna Kadur, Bimbashri Ninasam, Nataraj S Bhat, K Jayaram, Radha Ramachandra","Story of a convict on death row, who escapes from prison and accidentally ends up with a veteran who is called upon by the authorities to teach the process of hanging a convict to the new staff.",15.0
Bedara Kannappa,Kannada,Drama,9.0,0.1049,1954-05-07,"Dr. Rajkumar, Pandari Bai, G. V. Iyer, T. R. Narasimharaju",A hunter tries to prove his extreme devotion to Lord Shiva by removing both of his eyes.,2.0
Thurthu Nirgamana,Kannada,"Comedy, Thriller, Science Fiction, Fantasy",1.0,0.1038,2022-06-24,"Sunil Raoh, Samyuktha Hegde, Sudharani, Achyuth Kumar, Aruna Balaraj",,1.0
Neuron,Kannada,"Drama, Thriller",4.0,0.1034,2019-11-22,"Jai Jagadish, Vaishnavi Chandran Menon, Neha Patil, Kabir Duhan Singh, Shilpa Shetty Kundra",A researcher from London who returns to India to search for his missing girlfriend gets caught in a conspiracy much bigger than he realized.,1.0
Jog 101,Kannada,Drama,0.0,0.1032,2024-03-07,"Vijay Raghavendra, Tejaswini Shekar","Vikram comes to Jog in search of his extended family Sushma and Rakesh who have been missing for months. While looking for answers, he unravels a sinister plot.",0.0
Ranganayaka,Kannada,Comedy,0.0,0.1032,2024-03-08,"Jaggesh, Guruprasad, Yogaraj Bhat, Rachitha Mahalakshmi","Filmmaker learns about his past life, in which he attempted to make the first ever Kannada movie.",0.0
Chirru,Kannada,Drama,6.0,0.1024,2009-11-19,"Chiranjeevi Sarja, Kriti Kharbanda",,2.0
Power,Kannada,"Action, Comedy",4.0,0.1024,2014-08-28,"Puneeth Rajkumar, Trisha Krishnan, Prabhu, Kelly Dorji, Rangayana Raghu","A politician slips into coma after being attacked by criminals. He wakes up several years later to find his son having taken up his responsibilities. However, things are not what they seem to be.",3.0
Bengaluru Mail,Kannada,"Mystery, Thriller",8.0,0.1023,1968-04-26,"Dr. Rajkumar, T. R. Narasimharaju, S. K. Bhagavan, Jayanthi, B. V. Radha","Bengaluru Mail is a 1968 Indian Kannada-language mystery thriller film directed by L. S. Narayana and produced by Y. V. Rao. The film stars Rajkumar, Narasimharaju and Jayanthi. The movie is a remake of the 1967 Malayalam movie Cochin Express, which was also subsequently remade in Telugu as Circar Express, in Tamil as Neelagiri Express and in Hindi as The Train.",1.0
Amma Ninna Tolinalli,Kannada,Drama,0.0,0.1023,2001-09-14,"Ramesh Aravind, Shruti",Amma Ninna Tolinalli movie tells about the relation between mother and child.,0.0
Rudri,Kannada,"Crime, Drama",0.0,0.1021,2023-11-10,Paavana Gowda,upcoming kannada movie,0.0
Hello Sister,Kannada,"Action, Comedy",0.0,0.1018,1995-10-27,"Malashri, Shashikumar, Mukhyamantri Chandru, Sudheer, Dwarakish","Mala, a tomboy, sets out to get married to her lover. But everything turns upside down when her enemies spread rumours that she is pregnant, resulting in her expulsion from the village.",0.0
Ninna Sanihake,Kannada,Romance,0.0,0.1018,2021-08-20,"Suraj Gowda, Dhanya Ramkumar, Aruna Balaraj, Manjunath Hegde","Ninna Sanihake chronicles the intimate journey of two young souls - Aditya and Amruta - through relatable and often humorous scenarios, while capturing the nuances of new age romance. A feast for the seekers of entertainment, the film is garnished with the right amount of romance, humor and drama.",0.0
Madhura Bandhavya,Kannada,Drama,0.0,0.1017,1986-01-01,"Ambareesh, Geetha, Jai Jagadish, Sudheer, Tara",,0.0
Naani,Kannada,"Horror, Science Fiction, Thriller",6.0,0.1017,2016-07-01,"Manish Arya, Priyanka Rao, Baby Suhasini, Suhasini, Jai Jagadish","A couple moves into a palatial house. Supernatural occurrences follow, which lead to the couple unearthing a story of the house's previous inhabitants, which is a tale about a family comprising a little girl called Naani, whose spirit guards the house.",1.0
Gandondu Hennaru,Kannada,Drama,0.0,0.1013,1969-01-01,"Dr. Rajkumar, Bharathi Rao, T. R. Narasimharaju, T. N. Balakrishna","On the advice of a happily married elderly couple, a young man sets out in pursuit of a woman who possesses six integral qualities.",0.0
Lacchi,Kannada,Drama,0.0,0.1012,2025-01-16,"Krishne Gowda, Greeshma Sridhar, Thejashwini Ramesh, Mahadev Hadapad","Lacchi who is marginalized by her family, endures hardship and marital abuse while striving to secure a brighter future for her daughter, Sita. Tragedy strikes when Sita unexpectedly disappears, leaving Lacchi shattered.",0.0
Murphy,Kannada,"Science Fiction, Mystery, Romance",9.0,0.1012,2024-10-18,"Roshini Prakash, Prabhu Mundkur, Ila Veermalla, H. G. Dattatreya","MURPHY, starring Prabhu Mundkur, Roshini Prakash and Ila Veermalla,It is an  ode to the beauty and the struggle of bringing in the essence of familial bonds, friendship and  above all love in the era of dispassion.",1.0
Koli Taal,Kannada,"Comedy, Drama, Mystery, Family",10.0,0.1012,2021-10-30,"Radha Ramachandra, Prabhakar Kunder, Abhilash Shetty, Ganesh Mogaveera, Guruprasad Nairy","Excited about their grandson's visit, an elderly couple plan to cook chicken curry for dinner. But, things begin to fall apart when the chicken goes missing.",2.0
Sharapanjara,Kannada,"Drama, Family",8.5,0.1008,1971-03-02,"Kalpana, Gangadhar, Leelavathi, Shivaram, Chindodi Leela","Kaveri and Sathish fall in love and get married and have a perfect life. However, Sathish's behaviour towards Kaveri changes when he finds out she was molested as a kid. The film revolves around the issues of a woman's chastity, the acceptance of mentally ill by society and unfaithful spouses.",2.0
Sowbhagya Lakshmi,Kannada,"Romance, Drama",0.0,0.1006,1987-01-28,"Radha, Vishnuvardhan, Lakshmi, Aruna Mucherla, Ramesh Bhat","On Chandru's wedding day, he learns a shocking truth that Sowbhagya is not his biological mother. Later, his father, recalls his past to reveal the truth about his birth mother, Lakshmi.",0.0
Manasa Sarovara,Kannada,Drama,8.5,0.1005,1982-01-01,"Srinath, Padma Vasanthi, Ramakrishna, Vaishali Kasaravalli, Jai Jagadish","A middle-aged psychiatrist decides to marry Vasanthi, his recovering patient. Trouble ensues when his nephew also falls in love with her, which drives him insane. Influenced by George Bernard Shaw's 1913 play Pygmalion.",2.0
Prarambha,Kannada,Drama,0.0,0.1003,2007-09-08,"Prabhu Deva, Skandha, Anu Prabhakar, Jayanthi, B. Saroja Devi","A truck driver helps a boy in his quest for finding his mother, and then helps get him reinstated in school, from which he had been dismissed for being HIV-positive.",0.0
Auto Shankar,Kannada,Drama,2.0,0.1002,2005-09-09,"Upendra, Shilpa Shetty Kundra, Sudharani",Auto Shankar is a 2005 Kannada film.,4.0
Point Parimala,Kannada,"Family, Drama",8.0,0.0998,1980-01-11,"Srinath, Manjula, Dwarakish, Vajramuni, Sundar Krishna Urs","A gangster agrees to pay Rajesh and his friends INR one crore in exchange for a bicycle that contains diamonds. However, things take a turn when Rajesh's sister gets kidnapped.",1.0
Dil Rangeela,Kannada,"Comedy, Romance",4.0,0.0996,2014-03-07,"Ganesh, Rachita Ram, Priyanka Rao, Rangayana Raghu, Achyuth Kumar","Preetham, a chef and a compulsive liar goes on a secretive, fun trip to Goa after getting engaged to his rich employer's only daughter.",1.0
Belli Moda,Kannada,Drama,7.0,0.0994,1966-01-01,"Kalpana, Kalyan Kumar, K. S. Ashwath, Pandari Bai","The movie examines the tumults in the lives of the people residing in the Belli Moda estate. Indira is the heiress of her father's estate, named Belli Moda. A young man, Mohan, is engaged to her and is desirous of owning the Belli Moda, once Indira's father passes away. Mohan returns from the US, only to discover that his fiancee's mother has died in labor, leaving behind a son - the new inheritor of Belli Moda. This shatters Mohan's dreams of the estate and he bitterly refuses to marry Indira. One day, Mohan meets with a car accident and is severely injured. He is nursed by Indira, and presently, Mohan falls truly in love with her and proposes for marriage. However, this time, Indira refuses to marry him and breaks his heart, for he only cared about her money.",2.0
Muyyige Muyyi,Kannada,"Family, Drama",8.0,0.0993,1978-04-21,"Vishnuvardhan, Srinath, Chandrashekhar, Aarathi, Manjula","Muyyige Muyyi is a 1978 Indian Kannada-language film, directed by Y. R. Swamy and produced by P. Krishna Raj. The multi-starrer is led by Srinath, Vishnuvardhan, Aarathi, Manjula, Roja Ramani and Chandrashekhar.",1.0
Lagnapathrike,Kannada,"Family, Drama",8.0,0.0991,1967-06-30,"Dr. Rajkumar, Jayanthi, Dwarakish, T. R. Narasimharaju, Chi. Udayashankar","Lagnapathrike is a 1967 Indian Kannada-language film, directed by K. S. L. Swamy and produced by A. M. Sameevulla. The film stars Rajkumar and Jayanthi. The film has musical score by Vijaya Bhaskar. This is the only movie in entire career of Rajkumar whose title starts with the letter ""L"".",1.0
Shivaji Surathkal: The Case of Ranagiri Rahasya,Kannada,"Crime, Thriller, Mystery",6.2,0.099,2020-02-21,"Ramesh Aravind, Radhika Narayan, Avinash, Ramesh Pandit, Rohith Bhanuprakash","Shivaji Surathkal, who is the Sherlock Holmes of the Karnataka Police Department, is handed over a high-profile case  the murder of the Home Minister's son. This brings him to an eerie resort in Ranagiri, near Madikeri, which seems to throw Shivaji off his game.",4.0
Brihaspathi,Kannada,"Family, Drama, Action",0.0,0.0988,2018-01-05,"Manoranjan Ravichandran, Mishti Chakravarty, Sai Kumar, Kanika Mann, Sithara",,0.0
Sushant,Kannada,Drama,0.0,0.0986,2021-01-01,"Deepak Rajput, Kavya Manjunath, Samrudh Shetty, Anusha, Saanu Reddy",Kannada movie,0.0
Daksha,Kannada,"Action, Thriller",0.0,0.0985,2015-04-24,"Pankaj, Neha Patil, Duniya Vijay, Suchendra Prasad, Shobaraj",Daksha is an action thriller starring Duniya Vijay in the role of a commando. The whole movie has been shot in a single take of 2 hours 22 minutes and is about a terrorist attack.,0.0
Ullasa Uthsaha,Kannada,"Comedy, Romance",7.5,0.0985,2010-04-30,"Ganesh, Yami Gautam, Sadhu Kokila, Vithika Sheru, Tulasi",The protagonist (Ganesh) who is in love with a girl (Yami) tries to help her to meet her childhood love whom she wants to marry.,2.0
Hendthighelbedi,Kannada,"Drama, Comedy, Mystery",0.0,0.0984,1989-07-27,"Anant Nag, Mahalakshmi, Sundar Krishna Urs, Devraj, Bangalore Nagesh","When a meek businessman is wrongfully accused of a double murder by his friend, who is also the real culprit, he tries to look for evidence to prove his innocence.",0.0
Ayushman Bhava,Kannada,"Action, Drama",6.0,0.0984,2019-11-15,"Shivaraj Kumar, Rachita Ram, Anant Nag, Prabhu, Suhasini Maniratnam","Krishna enters a big household as the caretaker of the patriarch. He finds out that the granddaughter of the house, Lakshmi, has been kept locked in the household because of her mentally unstable condition and as a caretaker he decides to explore.",1.0
Zoom,Kannada,"Romance, Comedy, Drama",8.5,0.0984,2016-07-01,"Ganesh, Radhika Pandit, Kashinath, Sadhu Kokila, Ravishanker Gowda","Santhosh and Nayana are both creative directors at an advertising agency.Nayana is straight forward and believes in hard work,Santhosh is just the opposite.What happens if these two contradicting personalities fall in love with each other?",2.0
Gopi Krishna,Kannada,"Romance, Comedy",0.0,0.0983,1992-01-01,"V. Ravichandran, Rupini, Sumithra, Lokesh, Avinash",,0.0
Sundara Swapnagalu,Kannada,"Romance, Family, Drama",0.0,0.0983,1986-08-25,"Ramesh Aravind, Sridhar, Devilalitha, Kuyili, Janani",,0.0
Tarak,Kannada,"Action, Romance",6.4,0.0982,2017-09-29,"Darshan Thoogudeepa Srinivas, Sruthi Hariharan, Shanvi Shrivastava, Devaraj, Kuri Prathap",,5.0
Namma Preethiya Ramu,Kannada,Drama,0.0,0.0981,2003-11-14,"Darshan Thoogudeepa Srinivas, Navya Natarajan, Hamsavijetha, Doddanna, Pavitra Lokesh","Ramu, a singer with visual impairment, tries to earn a living for his family through his meagre income. However, his life changes when an evil man with hidden motives promises him his eyesight.",0.0
Bhoomi Thayiya Chochhala Maga,Kannada,Drama,0.0,0.098,1998-07-18,"Shivaraj Kumar, Ramesh Aravind, Srinath, Vijayalakshmi","Bhoomi Thayiya Chochhala Maga is a 1998 Kannada film directed by S. V Rajendra Singh Babu and produced by Jai Jagadish. The film stars Shivaraj Kumar, Ramesh Aravind, Srinath and Vijayalakshmi in lead roles. Music was composed by V Manohar.",0.0
Simhada Guri,Kannada,"Action, Drama",0.0,0.0979,1998-05-14,"Vishnuvardhan, Charulatha, Amulya, Shobaraj, Lakshman","Movie starring Vishnuvardhan, Amulya, Charulatha and is directed by U Narayan Rao.",0.0
Chanaksha,Kannada,"Action, Drama",0.0,0.0975,2020-03-21,"Dharma Keerthiraj, Vinod Alva, Archana Rao, Prabhakar, Shobaraj","Shiva Rudraiah's son decides to avenge his father's death and fulfill his dream with wit, intelligence, and wisdom.",0.0
Sri Bharatha Baahubali,Kannada,"Comedy, Romance",3.0,0.0975,2020-01-17,"Chikkanna, Achyuth Kumar, Manju Mandavya, Sarah Harish, Amrutha Yadav","Bharatha and Baahubali lead a happy-go-lucky existence in a small town. Fate makes them meet Sri, an NRI girl, who is in India on a mission. What follows is a series of adventures and misadventures in the pursuit of Sri's goal.",2.0
Ramachari,Kannada,Romance,0.0,0.0972,1991-07-17,"V. Ravichandran, Malashri, Prakash Raj",Remake of Tamil Movie Chinna Thambi. The film deals with a conflict in love story between the only girl in the family with 3 brothers against house labor Ramachari,0.0
Sakutumba Sametha,Kannada,Drama,0.0,0.0971,2022-05-20,"Achyuth Kumar, Krishna Hebbale, Bharath G B, Siri Ravikumar, Pushpa Belawadi","Suresh and Shraddha, who have matched through an online matrimonial site, are set to get married. But, with less than a fortnight for their wedding, Shraddha has cold feet and the family meets to discuss whether or not they should go ahead with the preparations.",0.0
Mangalyam Tantunanena,Kannada,"Romance, Drama",0.0,0.0968,1998-08-12,"V. Ravichandran, Ramya Krishnan, S. P. Balasubramaniam, Sumithra, Bhavyashree Rai","A man decides to have a contract marriage as his father pressurises him. He puts up the condition that if he doesn't fall in love with the girl within a year, he will call off the marriage.",0.0
Bayaludaari,Kannada,"Romance, Family, Drama",9.0,0.0966,1976-06-10,"Anant Nag, Kalpana, Ashok, K. S. Ashwath, T. N. Balakrishna","Bayaludaari is a 1976 Indian Kannada-language film directed and produced by the DoraiBhagavan duo. It is based on the novel of the same name by Bharathi Sutha. This was the first movie of the director duo without Dr. Rajkumar in the lead. The film starred Anant Nag, Kalpana, and K. S. Ashwath. It was a musical blockbuster with all the songs composed by RajanNagendra considered evergreen hits. Bayalu Daari was the first commercial success for Anant Nag who had earlier done art films and established himself as a leading star in the Kannada cinema with a chocolate hero image. This film was one the last big hits of Kalpana. The helicopter scenes formed a major highlight of the movie.",1.0
Akasmika,Kannada,"Action, Crime, Thriller",1.0,0.0966,1993-04-16,"Dr. Rajkumar, Geetha, Madhavi, Vajramuni",A police officer investigates a prostitution racket.,1.0
Kaddu Mucchi,Kannada,Drama,0.0,0.0966,2021-02-03,"Vijay Suriya, Megashree, Doddanna, Chikkanna, Suchendra Prasad","Bengaluru boy Siddharth, aka Siddu (Vijay Suriya), is a happy-go-lucky guy brought up in a nuclear family. He wants to enjoy his life amid nature, but his father wants him to become the managing director of a prestigious construction company. Promising his father that he would take up the role after a year, Siddu decides to go to Theerthahalli, where he meets his dream girl, Aishwarya (Megha Shree). Siddu, who hails from a rich family, wants to marry an orthodox Aishwarya, but she is reluctant to accept his proposal. He tries every trick to win over Aishwarya, even ending up at her house as a marriage broker. Will he be able to win over Aishwarya and her family?",0.0
Utkarsha,Kannada,"Crime, Thriller, Mystery",0.0,0.0965,1990-01-01,"Devaraj, Ambareesh, Vanitha Vasu, Avinash, Ramakrishna",A woman's body naked and her throat slit is found in a vegetable truck. Inspector Naveen is spearheading the investigation and he believes it is the doings of a psychopathic killer.,0.0
Kshetrapathi,Kannada,Drama,0.0,0.0965,2023-08-18,"Naveen Shankar, Achyuth Kumar, Archana Jois, Rahul Ainapur, Shailashree Urs","Following his father's tragic suicide due to the unfair pricing of his crops, Basava, the protagonist, abandons his studies and embraces agriculture. He embarks on a revolutionary quest to secure the right prices for agricultural goods. However, he soon confronts a giant nexus comprising corporations, politicians, and traders. Basava grapples with immense challenges and setbacks throughout his journey.",0.0
Fan,Kannada,Drama,0.0,0.0963,2019-08-23,"Ravi Bhatia, Sangeetha Bhat, Aryan Gowra, Adhvithi Shetty, Mandya Ramesh","Protagonist Drushya (Aryan Gowda) is a popular TV actor. The small screen heartthrob stays in touch with fans through social media. When his team goes looking for a new location in and around coastal Karnataka, a fan of the actor from the region Shayari (Adhvithi Shetty) helps them find the ideal one. Turns out that this fan adores her idol so much that she wants to take this relationship to the next level.",0.0
Jedara Bale,Kannada,Mystery,8.0,0.0963,1968-01-12,"Dr. Rajkumar, T. R. Narasimharaju, Jayanthi, Udaykumar, K. S. Ashwath","CID officer Prakash who operates by the code name 999, is assigned the task of safeguarding a chemical formula. Prakash's struggles begin when a gang of outlaws aim to steal the formula.",1.0
Kiccha Huccha,Kannada,"Action, Romance",4.0,0.0963,2010-10-15,"Sudeep, Divya Spandana, Rangayana Raghu, Srinath, Girish Shivanna",,2.0
Shubhamangala,Kannada,"Drama, Family",9.0,0.0959,1975-04-09,"Aarathi, Srinath, Ambareesh, Shivaram, Loknath","Hema and her friends lead a happy life with her father in a small town. Unfortunately, Hema's father passes away and she is forced to live with her cousin in a city.",1.0
Marichi,Kannada,Mystery,3.0,0.0959,2023-12-08,"Aruna Balaraj, Gopalkrishna Deshpande, Sonu Gowda, Shruti Patil, Vijay Raghavendra","A serial killer targets doctors, leaving clues about his next victim. Officer Bhairav Naik is assigned to stop him before more are killed, but the killer's motive remains unclear.",1.0
Bisile,Kannada,Drama,0.0,0.0958,2010-11-26,"Diganth Manchale, Jennifer Kotwal, Jai Jagadish, Chitra Shenoy, Shivaram","Vicky, a careless and disrespectful youth, goes out on a picnic with his family to Bisile ghat. There, he falls in love with Anu after they both get lost in the forest and spend three days together.",0.0
Gowramma,Kannada,"Family, Drama, Comedy, Romance",0.0,0.0958,2005-06-03,"Upendra, Divya Spandana, Srinivasa Murthy, Chitra Shenoy, Ramesh Bhat","Venky, a boy from a small town, comes to the city in pursuit of computer education. His father wants him to do some productive job and sends him to the city to get a job at a friends place.",0.0
Police Matthu Dada,Kannada,"Action, Drama",0.0,0.0957,1991-12-20,"Vishnuvardhan, Sangeeta Bijlani, Roopa Ganguly, Srinath, Vajramuni","An inspector uses the lookalike of a police officer named Dhanush, who was brutally murdered, to catch a dangerous drug lord.",0.0
Ninagoskara,Kannada,"Romance, Comedy",0.0,0.0956,2002-09-27,"Darshan Thoogudeepa Srinivas, Naveen Mayur, Bhavna Pani, Ruchita Prasad, Bullet Prakash","Manoj and Apoorva are two individuals betrayed by their respective lovers Varsha and Jay. After several years, Jay and Varsha are married and live in a posh locality. Coincidentally, Manoj and Apurva meet up and plan to shift next to the married couple. Somehow, they bug the couple's room with cameras to spy on them. In this process, Manoj starts developing a soft corner for Apurva.",0.0
Bhoopathi Ranga,Kannada,"Family, Drama",8.0,0.0956,1970-05-08,"Dr. Rajkumar, T. R. Narasimharaju, Dinesh, Udaya Chandrika","Bhoopathi Ranga is a 1970 Indian Kannada language drama film written and directed by Geethapriya. It stars Rajkumar, Udaya Chandrika and Renuka. The film's story was written and produced by Bhaskar Movies. The future director H. R. Bhargava worked as an associate director in this film.",1.0
O2,Kannada,"Thriller, Science Fiction",0.0,0.0956,2024-04-19,"Ashika Ranganath, Praveen Tej, Raaghav Nayak, Prakash Belawadi, Siri Ravikumar","A brilliant doctor battles her childhood trauma, to revive the dead with an illegal intravenous oxygen drug. Her quest challenges the boundaries of science, spirituality, and love. Will she succeed or lose everything!",0.0
Sarvajanikarige Suvarnavakaasha,Kannada,Comedy,4.0,0.0956,2019-12-20,"Rishi, Dhanya Balakrishna, Rangayana Raghu, Shalini, H. G. Dattatreya","In a bid to keep a promise he made to his girlfriend, Vedu teams up with his best buddy and indulges in some dubious schemes to make quick money. Things go awry when he ends up losing everything in a game night. Can Vedu redeem himself and all that he lost?",2.0
Maga Mommaga,Kannada,"Family, Drama",7.0,0.0955,1974-12-02,"Vajramuni, Shylashri, Dwarakish, K. S. Ashwath, Leelavathi","Maga Mommaga is a 1974 Indian Kannada-language film, directed by Y. R. Swamy and produced by R. Panduranga Naidu and D. R. Raghavendra Naidu. The film stars Dwarakish, K. S. Ashwath, Vajramuni and Balakrishna in the lead roles. The film has musical score by M. Ranga Rao.",1.0
Chandu,Kannada,Drama,2.0,0.0953,2002-05-10,"Sudeep, Sonia Agarwal, Sadhu Kokila",A 2002 Kannada film,1.0
Eradu Nakshatragalu,Kannada,Drama,0.0,0.0952,1983-01-01,"Dr. Rajkumar, Ambika, Puneeth Rajkumar, Thoogudeepa Srinivas, Shivaram",The plot of the movie is based on the popular novel The Prince and the Pauper by Mark Twain. Puneeth Rajkumar played a double role in the movie and till 2020 remains his only double-role movie in which both the characters appear together on-screen.,0.0
Grey Games,Kannada,"Drama, Thriller",9.5,0.0948,2024-05-10,"Vijay Raghavendra, Shruti Prakash, Rramprasad Banavara, Bhavana Rao, Ravi Bhat","Between right and wrong, black and white, lies the truth. Step into the captivating world of Grey Games, a family suspense thriller drama, that will challenge your perception of reality.",1.0
Banallu Neene Buviyallu Neene,Kannada,"Romance, Drama",0.0,0.0947,2001-10-29,"Divyaa Unni, S. Narayan, Shashikumar, Rekha Vedavyas, Shobaraj","Gopala Krishna is forced into rehabilitating Lalitha, an amnesiac. He pretends to be her husband in order to help her recover but problems arise when her real husband shows up.",0.0
America America,Kannada,Drama,0.0,0.0941,1995-07-18,"Ramesh Aravind, Akshay Anand, Hema Panchamukhi, Vaishali Kasaravalli, C. R. Simha","America America movie is about three friends: Soorya (Ramesh Aravind), Shashank (Akshay Anand) and Bhoomi (Hema). After finishing their undergraduate studies, Shashank goes to US for higher studies. Soorya starts his business in his native. Bhoomi stays at home",0.0
Mahira,Kannada,"Action, Drama, Thriller",2.7,0.094,2019-07-26,"Chaithra J Achar, Raj B Shetty, Virginia Rodriguez, Apoorva Soma, Balaji Manohar","Maya and Adya, a mother-daughter duo, live a happy existence in a coastal Karnataka town, running their beach cafe. Though, this idyllic life is disrupted when both police and some criminals set out in the hunt of Maya. What is Maya's real identity? Why are these people after her?",3.0
Hoo Anthiya Uhoo Anthiya,Kannada,Drama,0.0,0.0939,2000-10-13,"Ramesh Aravind, Anu Prabhakar, Isha Koppikar",Hoo Anthiya Uhoo Anthiya is a 2000 Kannada film directed by Praveenkumar K and produced by Usha Sandeep and Kumar B. The film stars Ramesh Aravind and Anu Prabhakar in lead roles. Music was composed by Karthik Raja.,0.0
Gaaya,Kannada,Drama,0.0,0.0937,1996-08-27,"Ramkumar, Sarath Babu, Geetha, Ramesh Bhat, Sihi Kahi Chandru",,0.0
Gandhada Gudi: Part 2,Kannada,"Action, Drama",0.0,0.0935,1994-03-17,"Shivaraj Kumar, Dr. Rajkumar, Prabhakar, Charan Raj, Rajashree",Range Forest Officer Kumar's son is posted in the same forest and must carry on the work that was started by his father and protect the heritage site.,0.0
Mylari,Kannada,Action,3.5,0.0935,2010-12-23,"Shivaraj Kumar, Sadha, Sanjjanaa Galrani, Rangayana Raghu, Bullet Prakash",,2.0
Loudspeaker,Kannada,"Drama, Comedy",0.0,0.0932,2018-08-10,"Anusha Rodrigues, Rangayana Raghu, Abhishek Jain, Disha Dinakar",,0.0
Raju Kannada Medium,Kannada,"Comedy, Drama, Family",6.2,0.0932,2018-01-19,"Gurunandan, Avantika Shetty, Ashika Ranganath, Sudeep, Kuri Prathap","Raju, a village boy goes to Bangalore in search for a job and finds different meanings to life while dealing with hurdles that the city puts him through.",6.0
Ravi Bopanna,Kannada,"Thriller, Crime, Drama",6.0,0.0931,2022-08-12,"V. Ravichandran, Sudeep, Ramya Krishnan, Kavya Shetty, Radhika Kumaraswamy",,3.0
Mrugashira,Kannada,"Thriller, Action",7.0,0.0928,2015-05-15,"Manasa Himavarsha, Prajwal Devaraj, Sadhu Kokila, Manasa, Thriller Manju","Prajwal, a happy-go-lucky college-goer, accidentally lands into a forbidden land, along with two unexpected partners, a drunkard and an insurance agent. The story then turns into a quasi-fantasy tale, mixing action, romance, comedy and all other possible genres.",1.0
Kasthuri Mahal,Kannada,"Horror, Thriller",0.0,0.0927,2022-05-20,"Shanvi Shrivastava, Shruti Prakash, Rangayana Raghu, Skanda Ashok, Kaashima Rafi","Megha Shastry is an archaeologist whose hobby is to collect rare materials from historical sites. She stumbles on a 700-year-old book which fascinates her and she decides to keep it. As soon as she gets the book, strange things begin to happen to people around her.",0.0
Anukta,Kannada,"Drama, Thriller",5.0,0.0926,2019-02-01,"Sampath Raj, Anu Prabhakar, Sangeetha Bhat, Karthik Attaavar",,1.0
Bindaas,Kannada,"Action, Comedy, Romance, Thriller",4.0,0.0925,2008-02-15,"Puneeth Rajkumar, Hansika Motwani, Nasaar, Suman Talwar, Rahul Dev",,3.0
Abhinetri,Kannada,Drama,0.0,0.0923,2015-01-30,"Pooja Gandhi, Atul Kulkarni, Makrand Deshpande, P. Ravi Shankar, Neethu Shetty","A young girl rises to stardom, facing sexual harassment and struggling to remain grounded as she does so.",0.0
Edegarike,Kannada,"Crime, Drama",6.8,0.0923,2012-11-23,"Aditya, P. Ravi Shankar, Achyuth Kumar, Aakanksha Mansukhani, Sharath Lohitashwa","Sridhar, a hitman, wants to start his life afresh and decides to quit. However, his gang leader, unhappy with his decision, commands him to be murdered.",4.0
Karna,Kannada,"Drama, Family",0.0,0.092,1986-01-10,"Vishnuvardhan, Sumalatha, Sumithra, K. S. Ashwath, Gangadhar","Karna, an unemployed graduate, is always at fault for everything he does. Karna tries to win his father's heart, but circumstances turn against him.",0.0
Prathigne,Kannada,"Family, Drama",7.0,0.092,1964-10-05,"Dr. Rajkumar, K. S. Ashwath, Pandari Bai, Jayanthi, T. R. Narasimharaju","Shankar finds himself in a dilemma when he has to choose between his parents and his mother-in-law, who asks him to reside in her house after marriage.",1.0
Ricky,Kannada,"Thriller, Romance",4.7,0.0919,2016-01-22,"Rakshit Shetty, Hariprriya, Achyuth Kumar, Ravi Kale, Pramod Shetty","City-bred wildlife conservationist Ricky falls in love with a simple village girl Radha. Their love story takes an unexpected turn when Ricky leaves on an outdoor assignment. Set against, a naxal backdrop, it is a story that will have you experience many edge of the seat moments.",3.0
Lava Kusha,Kannada,Drama,0.0,0.0919,2007-12-13,"Upendra, Shivaraj Kumar, Charmy Kaur, Jennifer Kotwal, Sayaji Shinde","Lava Kusha is a 2007 Kannada film directed by Om Saiprakash. The film stars Upendra, Shivaraj Kumar, Charmi Kaur and Jennifer Kotwal in lead roles. Music was composed by Gurukiran.",0.0
19.20.21,Kannada,"Crime, Drama",9.0,0.0918,2023-03-03,"B. V. Shrunga, Rajesh Nataranga, Balaji Manohar, Avinash, Krishna Hebbale",The phase between the age of 20 to 30 is an important phase in everyone`s life. A phase which defines a person`s entire life. What if a person becomes a traitor in that phase? What if he/she gets arrested under stringent laws without a chance to get released? A story inspired by the true events of a student`s life.,3.0
Parasangada Gende Thimma,Kannada,Drama,0.0,0.0918,1978-07-01,"Lokesh, Reeta Anchan, Ramakrishna, B.R. Jayaram, Dingri Nagaraj","Thimanna is an innocent tribal youth who is excited about his wedding. A salesman in village who help villagers by getting their needy items from distant city, His wedding is arranged with Marakani (Reeta Anchan), a city girl.",0.0
Kannad Gothilla,Kannada,Thriller,1.0,0.0918,2019-11-22,"Hariprriya, Sudha Belawadi, Gopalkrishna Deshpande, Sudharani, Dharmanna Kadur",A mysterious tale of non-Kannadiga immigrants going missing in Bengaluru. What happened to them?,1.0
Prince,Kannada,"Action, Drama",0.0,0.0916,2011-03-31,"Darshan Thoogudeepa Srinivas, Nikita Thukral, Jennifer Kotwal, Adi Lokesh, Avinash","Vishnu falls in love with his colleague, Anjali, and they get married. However, trouble ensues when a policeman mistakes him for being a terrorist and Anjali gets killed in the process.",0.0
Adhyaksha In America,Kannada,Comedy,0.0,0.0916,2019-10-10,"Sharan, Ragini Dwivedi, Sadhu Kokila, Shivaraj KR Pate, Rangayana Raghu","Ullas is a scamster living in a small town, who'd do anything for good money. A confusion leads him to get married to a rich NRI girl, who has an alcohol problem. What will become of this marriage?",0.0
Muniyana Madari,Kannada,Drama,0.0,0.0916,1981-01-01,"Shankar Nag, Jai Jagadish, Mohan, Jayamala, Rajyalakshmi",Muniyana Madari is a 1981 Indian Kannada-language film.,0.0
Jagath Kiladi,Kannada,"Action, Comedy",0.0,0.0915,1998-01-01,"Jaggesh, Pavitra Lokesh, Charulatha, B. V. Radha, M.N. Lakshmi Devi","Despite being a police officer, Vijay is scared of goons, while Bhaskar, his lookalike, is a brave ex-convict. However, when their worlds collide, they discover a shocking truth.",0.0
Parashuram,Kannada,Action,0.0,0.0915,1989-06-22,"Dr. Rajkumar, Vani Viswanath, Puneeth Rajkumar, Mahalakshmi","Parashuram is a private detective who leads a content life with his family. However, everything changes when he encounters MD, a crime lord who gets impressed with him and wants to hire him.",0.0
Male,Kannada,"Romance, Comedy, Drama",0.0,0.0911,2015-08-07,"Prem Kumar, Amulya, Sadhu Kokila, Bullet Prakash, Padmaja Rao","Male is a simple story between two youngsters Varun and Varsha. After trying hard, Varun, a wealthy young man, succeeds in making Varsha accept his love. However, Varsha has a change of heart when she realizes that she cannot match his economic status. The movie name literally means rain in the Kannada language.",0.0
Vijay Vikram,Kannada,"Action, Drama",0.0,0.091,1979-09-06,"Vishnuvardhan, Jayanthi, Unni Mary, Leelavathi, Prabhakar",,0.0
Z,Kannada,Drama,6.0,0.0909,1999-02-19,"Prakash Raj, Prema, Ritu Shivpuri, Sundeep Malani, Tennis Krishna",A 1999 Kannada film,9.0
Hrudaya Geethe,Kannada,"Romance, Drama",0.0,0.0908,1989-02-09,"Vishnuvardhan, Bhavya, Khushboo, Sridhar, Umashree","After being found guilty of murder, Ashok, a man with a cognitive disability, is sent to a mental asylum, where his friend Aruna works. However, he reveals a dark secret to Aruna that changes things.",0.0
Uyyaale,Kannada,"Drama, Romance, Family",8.0,0.0906,1969-09-05,"Dr. Rajkumar, K. S. Ashwath, Kalpana, T. N. Balakrishna","Radha is the second wife of an extremely negligent Shesha. However, when Krishna, Shesha's cousin, enters her life, they form a unique bond with each other.",1.0
Parijatha,Kannada,"Romance, Comedy",0.0,0.0905,2012-02-10,"Diganth Manchale, Aindrita Ray, Sharan, Mukhyamantri Chandru, Shakeela","Bhaskar, a lazy youngster, in order to begin his career and marry his love Chandrika, decides to start coaching students. Even after finding success, Chandrika's father does not accept their match.",0.0
Yarigu Helbedi,Kannada,Comedy,0.0,0.0903,1994-05-20,"Anant Nag, Vinaya Prasad","Yarigu Helbedi is a 1994 Kannada comedy-drama film directed by Kodlu Ramakrishna. It stars Anant Nag, Vinaya Prasad, Mukhyamantri Chandru and Vaishali Kasaravalli among others. The movie has become a cult film among Kannada film viewers.",0.0
Manasu Malligey,Kannada,"Romance, Drama",0.0,0.0902,2017-03-31,"Rinku Rajguru, Nishanth Russo, Tanaji Galgunde, Sourabh Kulakarni",A love-story between a girl of an upper caste and a boy from a lower caste.,0.0
Hope,Kannada,Drama,1.0,0.0901,2022-07-08,Sindhu Sreenivasa Murthy,Hope is a film that tries to showcase the rampant corruption that's seeded through various layers of the system.,1.0
Kanyarathna,Kannada,"Family, Drama",7.0,0.09,1963-04-05,"Dr. Rajkumar, Leelavathi, Sowcar Janaki, Rajashankar, T. N. Balakrishna","Kanyarathna is a 1963 Indian Kannada language film directed by J. D. Thotan in his directorial debut. It stars Dr. Rajkumar and Leelavathi. The supporting cast features Rajashankar, Balakrishna, Dikki Madhava Rao, Rathnakar and Sowcar Janaki.",1.0
Gaali Maathu,Kannada,Drama,0.0,0.0898,1981-01-29,"Lakshmi, Jai Jagadish, Mohan, K. S. Ashwath, Leelavathi","While Gopi is set to marry Kanaka, a lawyer's daughter, he falls for Kanaka's classmate Gowri. So, he must strive to choose between his family and his love.",0.0
Ondagona Baa,Kannada,Drama,0.0,0.0898,2003-10-23,"V. Ravichandran, Shilpa Shetty Kundra",A Kannada language remake of Telugu blockbuster film Kalisundam Raa (2000).,0.0
Trikona,Kannada,"Mystery, Thriller",10.0,0.0898,2022-04-08,"Suresh Heblikar, Lakshmi, Achyuth Kumar, Sudharani, Sadhu Kokila","In the midst of a happy relationship, a couple encounters a bad turn in their lives. Will they be able to overcome the obstacles or will the worst times await them?",1.0
Lion Jagapathi Rao,Kannada,"Action, Drama",7.0,0.0898,1991-01-14,"Vishnuvardhan, Lakshmi, Bhavya, Sadashiva Saliyan, Mukhyamantri Chandru","A renowned and respected advocate joins forces with his son, an upright police officer, to investigate a corrupt politician and expose his crimes to the public.",1.0
Ondu Muttina Kathe,Kannada,Drama,7.5,0.0898,1987-01-01,"Dr. Rajkumar, Archana",,2.0
Mahabharatha,Kannada,"Action, Drama",0.0,0.0891,1997-08-11,"Vinod Raj, Charan Raj, Rajeev, Chaithali, Honnavalli Krishna","When police inspector Prakash learns that a corrupt and vicious politician, GK, is manipulating the young generation to turn against their own country, he decides to put an end to it.",0.0
Veera Ranachandi,Kannada,Drama,0.0,0.0889,2017-03-10,"Ragini Dwivedi, Sarath Babu",An underworld criminal is mistaken as the long-lost daughter of a village chief which changes her perception and develops her strength to tackle their problems.,0.0
Kataka,Kannada,"Drama, Horror, Thriller",4.0,0.0889,2017-10-13,"Ashok Raj, Spandana Prasad, Baby Shlagha Saligrama, Madhav Karkada","Kumar, a school teacher working in the city, comes back to his native to pursue his long-cherished dream of opening a school in his hometown that would provide quality education to the lesser fortunate children. He takes his uncle's and friend's help to build the school but soon faces many obstacles. How he tackles the problems, forms the crux.",4.0
Mugila Mallige,Kannada,"Romance, Family, Drama",0.0,0.0889,1985-01-28,"Srinath, Saritha, Ashok, Ramakrishna, Pavithra","Mugila Mallige (1985) starring Srinath, Saritha, Ashok, Ramakrishna, Pavithra, Shivaram, Rama Hariharan, Jayashree, Baby Lakshmi, Master Senthil, Baby Seetha and others. Directed by K Balachandar. Music by V S Narasimhan, Lyrics by R N Jayagopal. Saritha won Best Actress Filmfare South Awards in 1985 for this movie.",0.0
Dil Pasand,Kannada,Drama,0.0,0.0888,2022-11-11,"Nishvika Naidu, Darling Krishna, Megha Shetty, Sadhu Kokila, Rangayana Raghu",A Cute and Romantic Love story presented keeping in mind today's generation,0.0
Govindaya Namaha,Kannada,Drama,6.0,0.0884,2012-03-29,"Komal Kumar, Parul Yadav, Madhulika, Rekha Vedavyas, Anna Georgia","The film is about Govinda, played by Komal, saving a software engineer who wants to attempt suicide. The software engineer tells Govinda why he tried to end his life and asks Govinda, who is also on the top of a building intending to jump off, for his story. Govinda tells his story in flashback about how he cheated on three girls and how he was cheated by the fourth one.",1.0
Aparadhi,Kannada,"Family, Mystery, Thriller, Drama",8.0,0.0883,1976-12-09,"Srinath, Aarathi, Thoogudeepa Srinivas, Vajramuni, Prabhakar","Aparadhi is a 1976 Indian Kannada-language film, directed by Y. R. Swamy and produced by S. Heerabai. The film stars Srinath, Aarathi, Balakrishna and Narasimharaju. The film has musical score by Satyam. This film was the 500th Kannada film to be released.",1.0
Anatharu,Kannada,"Drama, Action",0.0,0.0882,2007-09-14,"Upendra, Sanghavi, Rambha, Darshan Thoogudeepa Srinivas, Radhika Kumaraswamy","Abandoned at birth, Rudra lives and works in a graveyard and is socially challenged. When he lands in prison, he meets Sathya, who truly cares for him, but Sathya's death unleashes the demon in Rudra.",0.0
Swayamvara,Kannada,"Family, Drama",8.0,0.0879,1973-05-25,"Dr. Rajkumar, Bharathi Rao, Dinesh, T. N. Balakrishna, Sampath","Vasantha, a feminist, is promised her ancestral inheritance only if she gets married. In order to secure her riches so that she can help women in distress, she hatches a plan.",1.0
Sangliyana,Kannada,"Action, Drama",0.0,0.0879,1988-07-22,"Shankar Nag, Bhavya, Tara, Ambareesh, Srinath","An upright police officer is determined to wipe out corruption in the society. Putting his life at risk, he has to fend off several obstacles that come his way.",0.0
Lucky,Kannada,"Comedy, Romance",6.6,0.0879,2012-02-23,"Divya Spandana, Yash, Sharan, Sadhu Kokila, Shankar Bhat","A man falls head over heels in love with a woman and takes on a new identity in an attempt to impress her. Along the way, he also seeks the help of her dog to try and win her over.",5.0
Vamsha Vriksha,Kannada,Drama,0.0,0.0877,1971-04-01,Vishnuvardhan,Through the story of a young widow who is devoted to her father-in-law but also desires to remarry the film portrays evolving Indian attitudes towards women's roles in society.,0.0
Kenda,Kannada,Drama,0.0,0.0875,2024-07-26,"Pranav Sridhar, Vinod Susheela, Gopalkrishna Deshpande, Sachin Sreenath, Bindu Raxidi",,0.0
Swaathi Mutthu,Kannada,"Drama, Family",6.0,0.0875,2003-12-26,"Sudeep, Meena, Leelavathi, Kishan Shrikanth, Kashi","Shivayya, who suffers from autism,  impulsively marries Lalitha, a young widow, against the customs of his village. They move to the city to escape from the wrath of the societal judgement.",1.0
Rudraprayag,Kannada,"Action, Drama",0.0,0.0873,2020-04-09,"Anant Nag, Shraddha Srinath, Rishab Shetty, Gulshan Devaiah",,0.0
Dhairyam,Kannada,"Action, Family, Thriller",6.0,0.0873,2017-12-21,"Aditi Prabhudeva, P. Ravi Shankar, Sadhu Kokila, Jai Jagadish, Ajai Rao",Dhairyam movie is about Ajay (Ajay Rao) a state level rank student who comes from a lower middle-class background is always in a financial crunch.,1.0
Edakallu Guddada Mele,Kannada,"Family, Drama",9.0,0.0872,1973-10-08,"Jayanthi, Aarathi, Chandrashekhar, Shivaram, Ranga","Based on the novel of same name by Bharathi Suta which was an adaptation of the English novel Lady Chatterley's Lover by D. H. Lawrence. Madhavi leads an unfulfilled married life with her husband, a former soldier. She ends up getting into a physical relationship with their friendly neighbour, a younger man.",1.0
Paru Parvathy,Kannada,"Comedy, Drama",0.0,0.0871,2025-01-31,"Poonam A. Sirnaik, Fawaz Ashraff, Deepika Das","Paru Parvathy is a Kannada road movie about a solo traveler named Payal. The film explores themes of self-discovery, relationships, and emotions. It was shot in multiple locations, including Bengaluru, Goa, Maharashtra, Rajasthan, and Uttarakhand.",0.0
Prathidhwani,Kannada,"Family, Drama",8.0,0.087,1971-10-15,"Dr. Rajkumar, T. R. Narasimharaju, T. N. Balakrishna, Pandari Bai, Dinesh","A man who works as a driver for Dinesh, a smuggler who likes helping the poor, abandons him upon learning his truth. However, he is soon killed by a group of criminals.",1.0
Harivu,Kannada,Drama,0.0,0.087,2014-12-04,Sanchari Vijay,"After his son suffers from severe illness, the farmer decides to take him to Bengaluru for treatment. Unfortunately, when the son dies, the farmer faces trouble taking the body back home.",0.0
Aasphota,Kannada,Drama,0.0,0.0865,1988-01-01,"H. G. Dattatreya, Sridhar, Triveni, Sudha Narasimharaju, Kasaragod Chinna","Aasphota (transl.Explosion) is 1988 Indian Kannada political drama film directed by T. S. Nagabharana, based on the novel Ayana by Manu (P. N. Rangan). The film stars Sridhar and H. G. Dattatreya, in his film debut, in the lead roles",0.0
Aishwarya,Kannada,"Romance, Drama",5.0,0.0865,2006-09-15,"Upendra, Deepika Padukone, Daisy Bopanna, Sadhu Kokila, Chitra Shenoy","Abhishek's been betrayed in love, and doesn't like girls. Aishwarya walks into his life and love starts to blossom, which is forever.",2.0
Naayi Neralu,Kannada,Drama,5.0,0.0864,2006-04-01,"Pavitra Lokesh, Rameshwari Varma, Sringeri Ramanna, Ananya Kasaravalli, Ashwin Bolar","A widow meets a young man who claims to be her husband, reincarnated.",1.0
Hrudaya Sangama,Kannada,Drama,0.0,0.0863,1972-01-01,"Dr. Rajkumar, Bharathi Rao, T. N. Balakrishna, K. S. Ashwath, Loknath",Rajanna is confined to a luxurious lifestyle and his routine of work is managed by his caretaker. But Rajanna wants to lead a normal life and tries to break free from his way of living.,0.0
Kannadada Kiran Bedi,Kannada,"Action, Drama",0.0,0.0862,2009-03-27,Malashri,"When an IPS officer is killed by a criminal gang, her father meets his late daughter's lookalike and then trains her to be just like his daughter in order to avenge her death. Kannadada Kiran Bedi is a 2009 Kannada action drama film starring Malashri in the lead role with Srinivasa Murthy, Rangayana Raghu and Ashish Vidyarthi in pivotal roles. The film released on 27 March, 2009 to mixed reviews. The film recorded as Hit at the box-office. The film has also been dubbed into Hindi as Mumbai Ki Kiran Bedi, in Telugu as Andhra Kiran Bedi, in Tamil as Tamil Kiran Bedi and in Malayalam as Kerala Kiran Bedi.",0.0
Dayavittu Gamanisi,Kannada,Drama,5.0,0.0862,2017-10-20,"Vasishta N. Simha, Raghu Mukherjee, Rajesh Nataranga, Shatamarshan Avinash, Samyukta Hornad","A middle-aged bachelor, A thief, A young spiritual guru and a frustrated techie wade through a journey of self discovery that aligns them together in it's penultimate phase.",2.0
Naanu Naane,Kannada,Drama,0.0,0.0861,2002-01-01,Upendra,A 2002 Kannada film.,0.0
Sandhya Raaga,Kannada,Drama,0.0,0.0859,1966-12-30,"Dr. Rajkumar, Udaykumar, K. S. Ashwath, T. R. Narasimharaju, Pandari Bai","Sandhya Raga, based on a popular Kannada novel, is about a young man Lakshmana, who dedicates his life to music. He belongs to a sophisticated family and his father is a much-respected cultured man of the village. While his brother chooses a secure job for the power and comforts it offers, Lakshmana is not after fame and money. He wants to master the art of music. The film captures the trials and tribulations Lakshmana undergoes before he succeeds in winning the hearts of music connoisseurs.",0.0
Olu Saar Bari Olu,Kannada,Drama,0.0,0.0859,2003-11-28,"Ramesh Aravind, Anu Prabhakar, Mohan Shankar, Balaraj",,0.0
Khakii,Kannada,"Action, Drama",1.0,0.0855,2020-01-24,"Chiranjeevi Sarja, Tanya Hope, Chaya Singh, Dev Gill","Khakii is a romantic action drama film written and directed By Naviin Reddy B and produced by Manasa Tarun, Tarun Shivappa under Tarun Talkies banner. The movie cast includes Chirranjeevi Sarja and Tanya Hope are playing the main lead roles while Ritvik Muralidhar scored music.",1.0
Avala Hejje,Kannada,Thriller,0.0,0.0853,1981-02-24,"Vishnuvardhan, Lakshmi, Ambareesh, Dwarakish, Sundar Krishna Urs","A doctor's wife accidentally shoots a man who keeps stalking her. Assuming he is dead, she throws his body off a bridge but by a twist of fate, he survives and is treated by her husband.",0.0
Matsyagandha,Kannada,Drama,0.0,0.085,2024-02-23,"Pruthvi Ambaar, Saurav Lokesh, Sharath Lohitashwa, Prashanth Siddi, Nagaraj Byndoor","A portrayal of fishermen in Uttara Kannada, their language, lives and self-esteem. It examines the eroding relationship between police and the public, and the issues that arise when trust in authority declines.",0.0
Bill Gates,Kannada,"Comedy, Drama",2.0,0.085,2020-02-07,"Chikkanna, Priyanka Chincholi, Bank Janardhan, Girish Shivanna, Kuri Prathap",There lived two mischievous boys named 'Pandu' and 'Giri' somewhere in the countryside of Karnataka. While at 8th grade they get punished by their master and he also tells them about the business tycoon 'Bill Gates'. Then the boys decide to be the next 'Bill Gates' to the world and they move to Bengaluru to achieve it. What happens thereafter and how the story unfolds forms the plot.,1.0
Manasinata,Kannada,"Drama, Thriller",0.0,0.085,2019-08-16,"Manjunath Hegde, Yamuna, H. G. Dattatreya","Harshith is a youngster with ambitions of becoming a detective when he grows up. He's sharp and intelligent, but he has a big task at hand when he decides to take on the Blue Whale Challenge and find out what made his best friend give up his life because of it.",0.0
Ninagagi,Kannada,"Romance, Drama",0.0,0.0849,2002-05-03,"Vijay Raghavendra, Radhika Kumaraswamy, Ramakrishna, Tara, Avinash",Vijay and Radhika are best friends. Their lives take a new turn when their parents decide to take their friendship to the next level.,0.0
Mane,Kannada,"Drama, Mystery",0.0,0.0849,1989-12-28,"B.S. Achar, Mico Chandru, Rohini Hattangadi, Manjulamma, Deepti Naval","The couple moves into a poorly built, noisy house in a compound housing a motor-mechanic's shop, causing no sleep.",0.0
Aatakkuntu Lekkakkilla,Kannada,"Drama, Horror",0.0,0.0849,2019-09-27,"Mayuri Kyatari, Sanchari Vijay, Duniya Rashmi, Achyuth Kumar, Kaddipudi Chandru","This is a story of two couples, one of which is the newly-married Purushotham (Sanchari Vijay) and Meghana (Mayuri), both of whom are orphans, who lead a happy life, until a certain tragedy strikes and Purushotham's behaviour changes drastically. The other is also newly-wed couple, Sangeetha and Shyam, who happen to be in a haunted house and are then troubled by supernatural elements. As it turns out, Purushotham suffers from a paranoid schizophrenia and suspects that his wife has an extra-marital affair with the spirit of her former boyfriend, which, in turn, leaves their family in tatters.",0.0
Jarasandha,Kannada,"Action, Romance",0.0,0.0847,2011-11-25,"Duniya Vijay, Devaraj, Pranitha Subhash, Rangayana Raghu","Krishamurthy, a gym trainer, lives with his mother and aspires to win a prestigious title. However, his life changes when he finds himself in the middle of a brutal fight between two warring gangs.",0.0
Cheluva,Kannada,"Comedy, Drama",0.0,0.0845,1997-01-01,"V. Ravichandran, Meena, Gautami Tadimalla, Prabhakar, Kazan Khan","Twin brothers, Cheluva and Raja, are separated in their childhood by a dreaded gangster. While Cheluva becomes a criminal, Raja becomes an established engineer.",0.0
Mukunda Murari,Kannada,Drama,10.0,0.0843,2016-10-28,"Upendra, Sudeep, P. Ravi Shankar, Kavya Shah",A shopkeeper takes God to court when his shop is destroyed by an earthquake,1.0
Ayogya,Kannada,"Drama, Action, Romance",3.7,0.0841,2018-08-17,"Sathish Ninasam, Rachita Ram, P. Ravi Shankar, Tabla Nani, Sadhu Kokila","Sidda wants to provide basic amenities to his village in Mandya, by becoming a gram panchayat member, but he faces several ordeals to complete his mission.",3.0
Kulla Kulli,Kannada,"Family, Drama",0.0,0.084,1980-03-28,"Dwarakish, Jayachitra, Leelavathi, T. N. Balakrishna, Prabhakar","A man and woman, who always quarrel, open their driving schools, individually, and compete with one another. Eventually, they realise they have feelings for each other.",0.0
Veerakesari,Kannada,Action,9.0,0.084,1963-08-15,"Dr. Rajkumar, Leelavathi, R. Nagendra Rao, K. S. Ashwath, Udaykumar",,1.0
Kool,Kannada,Drama,0.0,0.084,2011-08-16,"Ganesh, Rangayana Raghu, H. G. Dattatreya, Sharan","Kool...Sakkath Hot Maga is a Kannada romance drama, starring Ganesh and Sana Khan. College student Rahul (Ganesh) falls for Kajal (Khan). When Rahul dies in an accident, Kajal moves to Hasiru Bettu, where she meets MJ, who looks like Rahul. MJ is attracted to her but she claims to be in love with Rahul.",0.0
Putnanja,Kannada,"Romance, Comedy",0.0,0.0839,1995-01-12,"V. Ravichandran, Meena, Umashree, Lokesh, Pooja Lokesh","Putnanja, a poor farmer, falls in love with Roja, a city-bred woman. They get married despite opposition from her mother, but differences soon crop up between them.",0.0
Kumkuma Rakshe,Kannada,Drama,4.0,0.0839,1977-10-13,"Rajinikanth, Ashok, Leelavathi, Manjula Vijayakumar",A 1977 Kannada movie.,1.0
Singaporenalli Raja Kulla,Kannada,"Family, Drama, Action",10.0,0.0838,1978-12-27,"Vishnuvardhan, Dwarakish, Manjula, Felina, Loknath",,1.0
Onthara Bannagalu,Kannada,"Comedy, Family, Drama",0.0,0.0837,2018-08-17,"Kiran Srinivas, Hitha Chandrashekar, Sonu Gowda, Praveen Pugalia, Lohithaswa",,0.0
Ghauttham,Kannada,Drama,0.0,0.0836,2009-04-03,"Prem Kumar, Sarah, Kausalya, Anant Nag, Mohan","Gowtham, a cheerful young lad, hails from a well-to-do family. Unfortunately, he is often misunderstood by his father but his life changes when he falls in love.",0.0
Karune Illada Kanoonu,Kannada,Drama,0.0,0.0834,1983-11-25,"Sripriya, Lokesh, Prabhakar","After Kavita's brother kills her ex-boyfriend, he takes shelter in Major Chandrakanth's house. Later, inspector Shiva, the older son of Chandrakanth, is assigned the case.",0.0
Urvi,Kannada,"Thriller, Drama",7.6,0.0834,2017-03-17,"Sruthi Hariharan, Shraddha Srinath, Achyuth Kumar, Shweta Pandit, Prabhu Mundkur",,8.0
Vishnuvardhana,Kannada,"Comedy, Thriller, Romance, Action, Drama",5.9,0.0833,2011-12-08,"Sudeep, Bhavana, Priyamani, Sonu Sood, Arun Sagar",No one has entered a biography for him.,8.0
Sharp Shooter,Kannada,"Action, Comedy",5.0,0.0828,2015-12-11,"Diganth Manchale, Sangeeta Chauhan, Chikkanna, Rangayana Raghu, Sudharani","Sharp Shooter is a cocktail story with mixture of various elements such as love, drama, action and romance. The story revolves around a boy named JK and a girl named Nandhini. They end up falling in love with each other. However, they end up having a hard time trying to accept each other.",1.0
Bhaagyada Baagilu,Kannada,"Family, Drama",7.0,0.0827,1968-05-31,"Dr. Rajkumar, T. N. Balakrishna, Dwarakish, K. S. Ashwath, B. V. Radha","Bhagyada Bagilu is a 1968 Indian Kannada-language film, directed by K. S. L. Swamy (Ravi) and produced by B. H. Jayanna. The film stars Rajkumar, Balakrishna, Dwarakish , with K. S. Ashwath in a guest appearance. The film has musical score by Vijaya Bhaskar. This was Rajkumar's 100th film as an actor",0.0
Badavara Bandhu,Kannada,"Family, Drama",9.0,0.0826,1976-11-12,"Dr. Rajkumar, Jayamala, K. S. Ashwath, T. N. Balakrishna, Vajramuni",,1.0
Puppy,Kannada,"Comedy, Drama",0.0,0.0823,2025-05-01,"Jagadeesh K, Aditya G, Durgappa Kambli, Renuka Desai",,0.0
Charminar,Kannada,Romance,5.0,0.0823,2013-02-08,"Prem Kumar, Meghana Gaonkar","The film deals with the life of a man in comparison with the famous monument Charminar in Hyderabad, that shows four important pillars including family, guru, friends and lover.",2.0
Laali Haadu,Kannada,"Family, Drama, Music, Romance",0.0,0.082,2003-01-24,"Darshan Thoogudeepa Srinivas, Abhirami, Umashree, Srinath, Ruthika","Sangeetha and Anand are madly in love with each other, but they plan to sacrifice their relationship for their parents' sake. However, circumstances try to bring them together.",0.0
Swasthik,Kannada,Drama,0.0,0.082,1998-10-03,Raghavendra Rajkumar,"The story revolves around an Indian police informant who is raised by a family of Pakistani descent. As the movie unravels, it is revealed that the informant's parents are terrorists.",0.0
Lanke,Kannada,Drama,0.0,0.0818,2021-08-13,"Ester Noronha, Kavya Shetty, Krishi Thapanda, Sanchari Vijay","Ram, a convict, steps out of jail to fall in love with the do-gooder Paavani.",0.0
Gokarna,Kannada,Drama,0.0,0.0818,2003-12-25,"Upendra, Rakshita, Madhu Bangarappa, Tennis Krishna",A 2003 Kannada film.,0.0
Amruthavarshini,Kannada,Drama,0.0,0.0816,1997-07-18,"Ramesh Aravind, Sarath Babu, Suhasini Maniratnam, Tara, Nivedita Jain","Grieving the death of his girlfriend, Ashok (Ramesh) visits his pal Hemanth (Sharath Babu). But the journey of healing takes a detour when Ashok begins to fall for Hemanth's devoted wife, Veena (Suhasini), who reminds Ashok of his lost love. The dramatic tension soon simmers to a boil in this moving drama set in the gorgeous resort town of Kodaikanal in the state of Tamil.",0.0
Vishnu Priya,Kannada,"Romance, Drama",0.0,0.0815,2023-07-21,"Priya Prakash Varrier, Shreyas Manju",,0.0
Ondanondu Kaladalli,Kannada,Drama,0.0,0.0815,1979-10-01,"Shankar Nag, Sundar Krishna Urs, Sundar Raj, Padmavati Rao","After Gandugali, a mercenary, rescues a band of soldiers, their chieftain asks him to train them in order to fight the chieftain's rival brother.",0.0
Thavarige Baa Thangi,Kannada,"Family, Drama",0.0,0.0815,2002-11-01,"Shivaraj Kumar, Radhika Kumaraswamy",,0.0
Nee Nanna Daiva,Kannada,"Drama, Action",0.0,0.0814,1988-09-30,"Prabhakar, Mahalakshmi, Jayanthi, Sangeetha, Vajramuni","Prabhakar, who is the owner of a private detective agency, finds himself and his colleague in danger when a criminal sets out to seek revenge against him.",0.0
Annavra Makkalu,Kannada,Drama,0.0,0.0811,1996-05-31,"Shivaraj Kumar, Maheshwari, Charan Raj, Srinath, Jai Jagadish",Triplets who were separated at the time of their birth learn about the loss of their beloved father and reunite to avenge his death.,0.0
Nakkare Ade Swarga,Kannada,"Family, Drama",6.0,0.0809,1967-03-10,"Jayanthi, T. R. Narasimharaju, Arunkumar, Dikki Madhava Rao, R. Nagendra Rao","Nakkare Ade Swarga is a 1967 Indian Kannada-language film, directed by M. R. Vittal and produced by Srikanth Nahatha and Srikanth Patel. The film stars Narasimharaju, along with Jayanthi, Shailashree, Jr. Revathi and Thara. The film has a musical score by M. Ranga Rao. This film introduced singer S. P. Balasubrahmanyam to the Kannada film industry.",1.0
Happy Birthday To Me,Kannada,Drama,0.0,0.0809,2024-06-28,"Chaithra J Achar, Siddharth Madyamika, Siddu Moolimani, Rachana Rai, Archana Kottige","The birthday plan goes haywire when Puneeth, the birthday boy finds his friend fallen dead on the apartment floor. The situation worsens when unexpected people arrive leading to chaos.",0.0
Male Barali Manju Irali,Kannada,"Romance, Drama",0.0,0.0809,2009-07-31,"Srinagar Kitty, Parvathy Thiruvothu, Naga Kiran, Jai Jagadish, Hariprriya","Male Barali Manju Irali is a 2009 Kannada drama film directed by Vijayalakshmi Singh. The movie draws inspiration from Sabrina (1995 film) starring Harrison Ford, Julia Ormond, and Greg Kinnear and was directed by Sydney Pollack.",0.0
Doora Teera Yaana,Kannada,"Drama, Music, Romance",0.0,0.0807,2025-07-11,"Vijay Krishna, Priyanka Kumar M, Sruthi Hariharan, Arun Sagar, Sudha Belawadi","Musicians and techies Akash and Bhoomi, bound by a five-year relationship, begin to question their future before their wedding. To find clarity, they embark on a soul-searching road trip together.",0.0
Namma Makkalu,Kannada,Drama,0.0,0.0807,1969-02-20,"K. S. Ashwath, T. N. Balakrishna, Chandrashekhar Vaidya, Advani Lakshmi Devi, B. Jaya","Namma Makkalu (which translates to ""Our Children"") is a film advocating the necessity of inculcating in the children  who hold the limelight in this film  a sense of responsibility, in the family and in society.",0.0
ACT-1978,Kannada,Drama,4.0,0.0807,2020-11-20,"Yagna Shetty, Achyuth Kumar, Pramod Shetty, B Suresha, Avinash","Geetha, a pregnant widow, goes to a government office as part of her long and continuous ordeal to get money from a government scheme that is hers. What seems to be a normal day of bureaucracy and corruption goes awry when she lands up with a bomb strapped to her stomach.",2.0
Yaaru Yenu Maduvaru,Kannada,"Drama, Action",0.0,0.0806,2025-03-25,"Davis, Sohan Shetty, Sagar M.S, Arjun, Varun Raj Nagraj",Upcoming short film,0.0
Chingari,Kannada,"Thriller, Action",4.0,0.0806,2012-02-12,"Darshan Thoogudeepa Srinivas, Deepika Kamaiah, Sumithra, Pradeep, Sujan Lokesh",Officer Parashuram travels to Switzerland to rescue his girlfriend. He only has five days to rescue his girlfriend from her kidnappers.,3.0
Dashamukha,Kannada,"Thriller, Drama",0.0,0.0805,2012-04-13,"V. Ravichandran, Anant Nag, Devaraj, Avinash, Ravi Kale","Agni is accused of killing his father. The court appoints a committee to look into the matter and Ravindranath, who is a part of the committee, takes it upon himself to prove Agni's innocence.Kannada remake of 12 angry men",0.0
Mandya Star,Kannada,Drama,0.0,0.0805,2016-06-17,"Muthappa Rai, Lokesh, Archana, Ranjitha, Om Prakash Sharma","Mandya Star is a Kannada movie released on 17 June, 2016. The movie is directed by Parva MRK and featured Lokesh, Archana and Ranjitha as lead characters. Other popular actors who were roped in for Mandya Star are Jai Jagadish, Om Prakash Rao, Padmaja Rao and Muthappa Rai.",0.0
Makkala Sainya,Kannada,Drama,0.0,0.0803,1980-05-09,"Vishnuvardhan, Shivaram, Sumithra, M.N. Lakshmi Devi","The love story of the hero, taking care of his now-orphaned brother's children and the heroine, taking care of her now-orphaned sister's children. The children, who are always at loggerheads, makes their marriage an impossibility until they are forced to join forces",0.0
Demo Piece,Kannada,Drama,0.0,0.0801,2020-02-14,"Sonal Monteiro, Bharath Bopanna, Rockline Sudhakar, Sparsha Rekha",A down-on-his-luck college student dreams of living a lavish life but is restricted by his family restrictions which leads him to make some bad choices and go through shortcuts to earn some fast money.,0.0
Samsaara Nouke,Kannada,Drama,0.0,0.0798,1989-03-29,"Ambareesh, T. N. Balakrishna, Pandari Bai, Geetha, Mahalakshmi","Samsaara Nouke (Ship of Life). A 1989 Kannada Drama, Family movie by D Rajendra Babu starring: Ambareesh, Mahalakshmi, T N Balakrishna",0.0
Mysore Jaana,Kannada,"Drama, Comedy",0.0,0.0798,1992-04-20,"Ambareesh, Vinaya Prasad, Vajramuni, Mukhyamantri Chandru, Doddanna","Anand grows up in a remand home after his parents are brutally killed by his uncle, Mohan Raj. He soon sets out to avenge the death of his parents and bring the culprit to justice.",0.0
Masanada Hoovu,Kannada,Drama,7.0,0.0798,1985-10-12,"Ambareesh, Jayanthi, Aparna Vastarey, Hema Chaudhary, Loknath","Singaru borrows money from Taradevi, who runs a brothel, and requites her by acquiring prospective clients. Smitten with Parvathy, who is forced into the flesh trade, Singaru tries to rescue her. Based on novel by TaRaSu.",1.0
Maryade Ramanna,Kannada,Drama,0.0,0.0797,2011-09-23,"Komal Kumar, Nisha Shah, Mukesh Rishi, Upendra, Doddanna",Kannada language remake of the 2010 Telugu film Maryada Ramanna.,0.0
Navakoti Narayana,Kannada,Drama,8.0,0.0793,1964-01-24,"Dr. Rajkumar, Sowcar Janaki, Dikki Madhava Rao, H. R. Shastry","Navakoti Narayana is a 1964 Indian Kannada-language film directed by S. K. Ananthachari starring Rajkumar and Sowcar Janaki. The film is based on the life of Purandara Dasa, a prominent composer of Carnatic music who lived from 1484 to 1564. In the film, Rajkumar plays the role of Purandara Dasa. The music of the film was composed by Shivaprasad. This was the second Kannada movie on the life of Purandara Dasa after 1937 movie Purandaradasa.",1.0
Kadamba,Kannada,Drama,0.0,0.0792,2004-01-16,"Vishnuvardhan, Bhanupriya, Naveen Krishna","Rajashekar overhears his police officer father's conversation with his abductor, Sharat Chandra, to kill him. This incident changes the course of his life and turns him into a criminal.",0.0
Deveeri,Kannada,Drama,0.0,0.0789,1999-07-25,"Nandita Das, Bhavana Ramanna, Kashi, Jayashree B.","A young spirited boy, Kyatha, lives in the slums along with his protective elder sister, who works as a prostitute but tries to shield him from her dark life.",0.0
Ramana Avatara,Kannada,"Comedy, Drama",0.0,0.0789,2024-05-10,"Rishi, Pranitha Subhash, Arun Sagar, Shubra Aaiyappa, Anirudh Acharya","A jovial guy named Rama Krishna who wants to be a political leader, goes through a series of uncontrollable situations that end up being lessons of life and help him become a true leader.",0.0
Darshan,Kannada,"Drama, Thriller",0.0,0.0788,2004-04-09,"Darshan Thoogudeepa Srinivas, Navaneet Kaur, Srinath, Sujan Lokesh, Renukamma Murgod","Rahul(Darshan)poses as a software engineer and meets Ramamurthys family and stays with them.They killed his parents. Nandini (Navneeth), Ramamurthys daughter loves him. She comes to know that Rahul is a terrorist. This leads to his arrest.",0.0
Ajagajantara,Kannada,Drama,0.0,0.0787,1991-01-24,"Kashinath, Upendra",A 1991 Kannada film,0.0
Guru Shishyaru,Kannada,Drama,0.0,0.0784,2022-09-23,"Sharan, Nishvika Naidu, Apoorva Kasaravalli, Suresh Heblikar, H. G. Dattatreya","Foreign, Foreign Comedies, India, Hindi Language, Bollywood, Foreign Musicals, Foreign Regions, Foreign Languages - The planet is forever changed when the bumbling disciples of a devarshi (Lokanath) and a beguiling nymph disguised as a parrot (Manjula) come down to earth for different reasons. But in order for them all to be liberated, the nymph must help reform a decadent king's (Vishnuvardhan) sinful ways. Well-known comedian Dwarkish produced this entertaining farce with music by K.V. Mahadevan.",0.0
Mahishasura Mardini,Kannada,Drama,8.0,0.0783,1959-10-18,"Dr. Rajkumar, Sowcar Janaki, T. R. Narasimharaju, Udaykumar, K. S. Ashwath","Mahishasura Mardini is a 1959 Indian Kannada-language film, directed and produced by B. S. Ranga. The film stars Rajkumar, V. Nagayya, Udaykumar and Narasimharaju. It was dubbed in seven other languages and is retrospectively identified as amongst the first major Pan-India films.",1.0
Kalasipalya,Kannada,Drama,0.0,0.0783,2004-10-15,"Darshan Thoogudeepa Srinivas, Rakshita, Raju Ananthaswamy, Sadhu Kokila, Bullet Prakash","Kencha, who is unable to pass his matriculation exam even after repeated attempts, decides to start a business. While his family supports him, the thugs in his locality oppose him at every turn.",0.0
Agni Sakshi,Kannada,"Thriller, Drama, Crime",0.0,0.0782,1998-04-24,"Devaraj, Malashri, Vinodini, Doddanna, Ramesh Bhat","A man is forced to fight society and the legal system in order to prove his fidelity to his beloved wife. However, he faces many challenges in his quest.",0.0
Ammachi Yemba Nenapu,Kannada,Drama,7.0,0.078,2018-11-02,"Vyjayanthi Adiga, Diya Palakkal, Raj B Shetty","Based on three short stories by the celebrated Kannada writer, Kendra Sahitya Academy awardee Dr. Vaidehi. With dialogue in the characteristic regional dialect of coastal Karnataka. Womans eternal striving for identity in a patriarchal society is told through the story of a young woman resisting being married off, an older woman gone mad after her husband left her and an older woman being indebted to a family who's matriarch took her in when she was left by her husband at a young age.",3.0
Monsoon Raaga,Kannada,Drama,0.0,0.0778,2022-09-16,"Dhananjay, Rachita Ram",A beautiful journey from a school boy's crush to a middle-aged bachelor's office romance. The story is filled with overwhelming nature and the fruity bits of romance at different life turning points.,0.0
Dana Kayonu,Kannada,"Romance, Comedy, Drama",7.5,0.0777,2016-10-07,"Duniya Vijay, Priyamani, Rangayana Raghu, Suchendra Prasad, Vaijanath Biradar","In a small village in Karnataka lives Docomo, a cowherd. He loves two things most, his bull and the village beauty Jummi. Coincidentally his bull loves Jummi' cow two. Ideal situation, don't you think? But what happens when greed and other human sins set in.",2.0
Grahana,Kannada,"Drama, History",0.0,0.0777,1978-04-01,"Ananad Pericharan, G.K. Govinda Rao, Malathi Rao, B.S. Achar",In an annual village ritual six untouchables are chosen to be high caste figures for two weeks and have to undergo intensive and vigorous purification and mortification processes.,0.0
Ksheera Sagara,Kannada,"Romance, Drama",0.0,0.0776,1992-03-19,"Kumar Bangarappa, Amala Akkineni, Shruti, C. R. Simha, Lokesh","When Urmila, an actress, is murdered in cold blood, her lookalike, Usha, and Raju, an assistant director, fall in love as they set out to find the culprit.",0.0
Yuvasakthi,Kannada,Drama,0.0,0.0773,1997-01-01,"Babu Antony, Anjum Sait, C. Arun Pandian, Mansoor Ali Khan, Srinivasa Murthy","After witnessing the youth around him addicted to drugs, Shakthi, a young man, takes the help of his friend, a police officer, to fight against drug peddlers.",0.0
Neenade Naa,Kannada,Drama,0.0,0.0773,2015-01-25,"Prajwal Devaraj, Priya Kandwal","Based on a true story, Dev (Prajwal Devraj), an assistant director, is struggling with his career and love life. Ankita (Ankita Maheshwari) is the girl with whom he falls in love. He spends time with her by dropping her to work, singing songs to her and watching movies with her. But when Ankita realizes it is not just friendship but love, she dumps him and asks him to move on. To get over his first love, he then falls in love with Pavi (Priyanka Kandwal). Will Pavi too dump Dev like Ankita? The movie also deals with the issue of womens empowerment and stresses the need of women being independent in today's world.",0.0
Jolly Days,Kannada,Drama,0.0,0.077,2009-01-23,"Pradeep, Kishori Balal, Hanumanthe Gowda, Sangeetha, Aishwarya Nag","A group of college students, who are close friends, face several challenging situations during their four years at an engineering college.",0.0
Dandam Dashagunam: The Police,Kannada,"Action, Crime, Drama, Romance, Thriller",6.0,0.077,2011-04-05,"Chiranjeevi Sarja, Divya Spandana, P. Ravi Shankar, Tilak Shekar, Ramesh","The conscientious policeman ACP Surya is a powerful and efficient officer who works for law and order and protects people. One day when he is chasing criminals, he meets Maya and falls in love with her. He had previously thought that no woman could ever touch his heart again. Therefore he behaves a little awkwardly and cannot find the right words. Maya, on the other hand, soon finds out that he is a police officer. When both find their happiness of love, however, fate wants Surya to kill an Underworld Don named Drug Manja. His angry and extremely dangerous brother Tamate Shiva seeks bloody revenge, and does not stop at the relatives or the lovers of the brave policemen who are involved in the case.",1.0
Double Engine,Kannada,Comedy,0.0,0.0768,2018-01-01,"Chikkanna, Sadhu Kokila, Prabhu Mundkur, Suman Ranganathan",,0.0
Sipaayi,Kannada,Action,0.0,0.0767,2016-09-23,"Siddharth Mahesh, Sruthi Hariharan, Sanchari Vijay, Achyuth Kumar, Gaurish Akki","The protagonist, a TV reporter fights to stop illegal activities around the city.",0.0
Raam,Kannada,"Romance, Comedy, Drama",5.5,0.0763,2009-12-25,"Puneeth Rajkumar, Priyamani, Rangayana Raghu, Doddanna, Sharath Lohitashwa","Pooja's rich uncles try to forcibly marry her off and Raam rescues her from this marriage. She falls in love with him, but her uncles don't approve of him. Now it is up to Raam to win their hearts.",4.0
Anuraga Sangama,Kannada,"Romance, Drama",0.0,0.0761,1995-08-31,"Kumar Govind, Sudharani, Ramesh Aravind, B. Saroja Devi, Lohithaswa","A man, who loves a blind woman, is put behind bars for a crime he has not committed. She gets her eyesight after an operation and gets engaged to a rich man.",0.0
Balagalittu Olage Baa,Kannada,Drama,0.0,0.0761,2002-01-01,"Ramesh Bhat, Mukhyamantri Chandru, Bank Janardhan, S. Narayan, Sathyapriya",,0.0
Arasu,Kannada,"Drama, Romance",5.0,0.0757,2007-01-25,"Puneeth Rajkumar, Divya Spandana, Meera Jasmine, Srinivasa Murthy, Komal Kumar",,3.0
Badmaash,Kannada,Romance,9.0,0.0754,2016-11-18,"Dhananjay, Sanchita Shetty, Ramesh Bhat, Achyuth Kumar","Set against an urban backdrop, ""Badmaash"" is a romantic thriller about Vijay, an intelligent, playful and witty lad and Priya, an RJ and a fiercely passionate Kannadiga who tries to teach ...",1.0
Jagadeka Veera,Kannada,"Action, Drama",0.0,0.0753,1991-11-12,"Vishnuvardhan, Ashok, Thriveni, Pandari Bai, K. S. Ashwath","Pratap, a car mechanic, and his sub-inspector brother get together and gather forces to defeat a corrupt and cruel businessman.",0.0
Somu Sound Engineer,Kannada,Drama,2.0,0.0752,2024-03-15,"Apoorva, Chandana Gowda, Girish Jatti, Nivishka Patil, Yash Shetty",Shankarannas (Girish Jatti) son Soma (Shrestha Basavraj) picks fights with everyone in the village. His anger ends up causing him the greatest grief of his life.,1.0
Rushya Shringa,Kannada,Horror,0.0,0.0752,1976-01-01,"Suresh Heblikar, G. V. Iyer, A.S. Murthy, G.V. Swarnamma, Ramakrishna",The local god prophesies that Balappa can solve the problem of a lack of rain in the village when a demon possesses the head-man.,0.0
Hostel Hudugaru Bekagiddare,Kannada,Comedy,7.0,0.0751,2023-07-21,"Prajwal B. P., Manjunath Nayaka, Rakesh Rajkumar, Srivatsa Shyam, Tejas Jayanna Urs","When the warden of their hostel takes his own life, a group of students conspire to make it look like an accident for fear that they will be blamed.",5.0
Bhookailasa,Kannada,Drama,8.0,0.075,1958-02-05,"Dr. Rajkumar, B. Saroja Devi, K. S. Ashwath, Kalyana Kumar, S. V. Ranga Rao","Ravana, the king of Lanka gets tricked by various people in the process of attaining ' Athmalinga ' from Shiva.",1.0
Godhi Banna Sadharana Mykattu,Kannada,"Family, Drama",8.3,0.075,2016-06-03,"Anant Nag, Rakshit Shetty, Sruthi Hariharan, Achyuth Kumar, Vasishta N. Simha","Venkob Rao, a widower suffering from Alzheimer's disease, is moved to an old-age home by his son. When he goes missing one day, he crosses swords with criminals.",12.0
Inspector Vikram,Kannada,"Action, Romance",5.0,0.0749,2021-02-05,"Prajwal Devaraj, Bhavana, Raghu Mukherjee, Darshan Thoogudeepa Srinivas, Ragini Chandran","Inspector Vikram is the typical do-gooder cop, who also entertains and ensures no crime is left unsolved. What happens when he gets to meet a villain who is smarter than the average criminal and heads a drug racket?",2.0
Purushothamana Prasanga,Kannada,"Comedy, Drama",0.0,0.0748,2024-03-01,"Ajaya Pruthvi, Rishika Naik, Devadas Kapikad, Naveen D. Padil, Aravind Bolar","Purushotham, a middle-class boy dreams of going to Dubai. However, he falls for Athmika. Will this middle-class local boy succeed in achieving his dream or risk losing everything he holds dear?",0.0
Churikatte,Kannada,"Crime, Drama",8.0,0.0747,2018-01-26,"Praveen Tej, Achyuth Kumar, Sharath Lohitashwa, Balaji Manohar, Aruna Balaraj","An aspiring policeman decides to take matters into his own hands and save the local policemen when criminal activities worsen in Churikatte, unaware of the repercussions that await him.",2.0
Mooruvare Vajragalu,Kannada,Drama,8.0,0.0745,1973-12-07,"Dr. Rajkumar, Aarathi, Leelavathi, K. S. Ashwath, Jayanthi",This story is based on the epic of Mahabharatha.,2.0
Kaadu,Kannada,Drama,9.5,0.0745,1973-01-04,"G.S. Nataraj, Amrish Puri, Lokesh, G.K. Govinda Rao, T. S. Nagabharana","A rural drama about the rivalry between two villages as seen through the eyes of a young boy, Kitti.",2.0
Seetharam Benoy,Kannada,"Drama, Mystery",6.0,0.0744,2021-08-16,"Vijay Raghavendra, Shreeharsha Ninasam, Devi Prakash, Sathwik Hebbar, Manju Rangayana","Seetharam, a cop, gets transferred to a remote village in Shimoga Dist Aanegadde finds himself in middle of a bunch of smart yet cruel thieves. The day he takes charge his house gets robbed. Matter of dignity and personal revenge, intense investigation then begins.",4.0
Kiladi Jodi,Kannada,"Action, Drama, Family",8.0,0.0743,1978-09-15,"Vishnuvardhan, Srinath, Lakshmi, M. P. Shankar, Leelavathi","Jaggu and George, two petty thieves, mend their ways to make George's lover, Jenny, and her father happy. However, they come across Jenny's lookalike who is in trouble and decide to help her.",1.0
Bhagyada Lakshmi Baaramma,Kannada,"Comedy, Drama",0.0,0.0743,1986-01-01,"Dr. Rajkumar, Madhavi, K. S. Ashwath, T. N. Balakrishna, Thoogudeepa Srinivas",Pandu and Parvathi pretend to be married in order to win a huge amount of money in a competition.,0.0
Nam Naani Madve Prasanga,Kannada,Drama,0.0,0.0742,2023-04-07,"Hemant Hegde, Madhu Hegde, Gitanjali Mangal, Shruthi Nandeesh, Rajesh Nataranga",Humorously addresses the challenges faced by men in the farming business when seeking suitable brides.,0.0
Hosa Neeru,Kannada,"Family, Drama",0.0,0.0741,1986-01-03,"Anant Nag, Suhasini Maniratnam, Loknath, Pandari Bai, Jaggesh","Hosa Neeru is a 1986 Kannada-language film, directed by K. V. Jayaram and written by K. V. Raju. The film stars Anant Nag and Suhasini. It is considered one of the best movies by the Anant Nag and K. V. Jayaram duo. It is also the first movie for Suhasini with Anant Nag.  After marriage, a woman who is an engineering graduate decides to take up a job. However, she faces strong opposition from her father-in-law who does not want her to work.",0.0
Asadhya Aliya,Kannada,"Family, Drama",8.0,0.074,1979-03-16,"Vishnuvardhan, Padmapriya, T. R. Narasimharaju, Dwarakish, T.N. Balakrishna","Aruna, a bride, finds her wedding to Vishwa interrupted by Ashok, a man who claims to be her husband. As the situation evolves, she discovers that Ashok is not all he seems.",1.0
Thimayya & Thimayya,Kannada,"Comedy, Drama, Family",0.0,0.0738,2022-12-02,"Diganth Manchale, Anant Nag, Shubra Aaiyappa, Aindrita Ray, Vineeth 'Beep' Kumar",,0.0
Jai Maruthi 800,Kannada,"Drama, Comedy",5.3,0.0738,2016-04-08,"Sharan, Sruthi Hariharan, Shuba Poonja, Sadhu Kokila, Arun Sagar","Jai Maruthi 800 is an action comedy that is set in two distinct time periods. The film begins with an incident that occurs in the 16th century, which reaches its logical conclusion in the present day.",3.0
Sakshathkara,Kannada,"Drama, Family",8.0,0.0738,1971-11-05,"Dr. Rajkumar, Jamuna, R. Nagendra Rao, T. R. Narasimharaju, T. N. Balakrishna","The story revolves around the dangers of superstition, particularly when it concerns marriage and how unscrupulous elements in society could manipulate these beliefs to their benefit and lead to tragic consequences.",2.0
Namma Basava,Kannada,"Romance, Drama",0.0,0.0737,2005-09-09,"Puneeth Rajkumar, Gowri Munjal, Avinash, Sudharani, Tharanga Vishwa","Basava (Puneet Rajkumar) runs a gym centre and lives with his brother Avinash and Sudharani (wife of Avinash), who treat him as their own son. When his brother start seeking a girl as his bride, he opines that he should select his future bride. He selects Gowri, daughter of an auditor who is working with Pampathy. Pampathys younger brother is Home Minister and Pampathys son is a vagabond womanizer. To gain her approval, Basava makes every effort, but before he can get her green signal, her engagement is fixed with the vagabond son of Pampathy. Supported by Gowris peppy and naughty grandmother (Lakshmidevi), Basava rises against the autocratic behaviour of Pampathy, challenges him in public, and wins, thereby also winning the heart and hand of Gowri.",0.0
Ganda Hendathi,Kannada,Drama,2.0,0.0735,2006-06-27,"Vishal Hegde, Sanjjanaa Galrani, Tilak Shekar, Praveen, Manju Bhashini",,1.0
Preethi Madu Thamashe Nodu,Kannada,"Family, Drama",8.0,0.0735,1979-08-24,"Shankar Nag, Srinath, Dwarakish, Manjula, Padmapriya",,1.0
Iruvudellava Bittu,Kannada,Drama,0.0,0.0734,2018-09-21,"Meghana Raj, Tilak Shekar, Achyuth Kumar, Shri Mahadev, Aruna Balaraj","Poorvi, an independent woman, leaves her family and boyfriend, Dev, due to ger ego and self-conceit. Despite making several imprudent decisions, her life comes back on track after meeting Akash.",0.0
Nammoora Raja,Kannada,"Action, Drama",0.0,0.0731,1988-04-19,"Vishnuvardhan, Ilavarasi, Jai Jagadish, Mukhyamantri Chandru, Satyajith",A corrupt politician's plan of constructing a chemical factory is foiled by Raja. Things take a turn when Raja falls in love with the politician's daughter.,0.0
Maduveya Mamatheya Kareyole,Kannada,"Romance, Drama",0.0,0.0731,2016-01-08,"Amulya, Anant Nag, Suraj Gowda, Achyuth Kumar, Sharath Lohitashwa",,0.0
Heart Beats,Kannada,"Romance, Drama",0.0,0.073,2003-01-31,"Vijay Raghavendra, Ashitha Chandrappa, Deepa, Ramakrishna, V. Nagendra Prasad","Though Vicky loves Vandana, her best friend, Sapna, is also in love with him. Vandana, being a true friend, decides to sacrifice her love for Sapna.",0.0
Dakota Express,Kannada,Comedy,0.0,0.0729,2002-04-11,"Rockline Venkatesh, Om Prakash Rao, Amrutha Anandamayi, Ashok, Mimicry Dayanand","Owners of a bus, Krishna and Sundar, face numerous problems due to poor conditions. However, their life takes a turn when the daughter of the minister takes refuge in their bus.",0.0
Gange Gowri,Kannada,Drama,0.0,0.0725,1967-04-13,"Dr. Rajkumar, K. S. Ashwath, Leelavathi, Leelavathi, T. R. Narasimharaju","The film encompasses the story of Daksha yajna. It depicts how the daksha yajna was desecrated following the jumping into the fire by Lord Shiva's wife Dakshayani. Following this, Lord Shiva marries Goddess Parvati.  Later, the Devatas Shiva, Ganga, Gowri all take birth as avatars on earth in the city of Kashi. Eventually, Shiva, Gowri and Ganga all get married in their earthly avatars.",0.0
Abba! Aa Hudugi,Kannada,"Music, Family",4.9,0.0725,1959-11-28,"Mynavathi, Rajashankar, Pandari Bai, T. R. Narasimharaju, Dr. Rajkumar","A trend-setting Kannada hit, loosely based on William Shakespeare's The Taming Of The Shrew",7.0
Navarathna,Kannada,"Action, Drama, Thriller",9.5,0.0725,2020-02-14,"Moksha Kushal, Sharath Lohitashwa, Amith Vishwanath, Prathap Raj",A construction worker happens to find an ancient box comprising of an attractive 'Navarathna' Necklace while digging at construction site. Strange things happen to people around this suspicious Navarathna necklace and thereby the story takes a sharp turn to a restricted Forest where 3 people travel deep into the forest. The story then unfolds in a suspicious thriller manner.,2.0
Ishtakamya,Kannada,"Drama, Romance",6.0,0.0725,2016-05-13,"Mayuri Kyatari, Vijay Suriya, Kavya Shetty, Suman Nagarkar, Prakash Belawadi","Rich Dr.Akarsh and young middle class girl Acchari meet by accident, and seem to have the perfect romance going for them. Just when you think there's a happily ever after, there enters the other woman, Aditi",2.0
Mungarina Minchu,Kannada,"Family, Drama, Romance, Comedy",0.0,0.0722,1997-10-24,"Ramesh Aravind, Chippy, Suman Nagarkar, Lokesh, B. Jayamma","Chetan, a married salesman, finds himself in a tricky situation when he offers to act as the husband of Indu, a stranger, who was left at the altar, to save her dignity in the society.",0.0
Orchestra Mysuru,Kannada,"Music, Drama, Comedy, Family",8.0,0.0722,2023-01-12,"Poornachandra Mysuru, Dileep Raj, Rajalakshmi Murthy, Sachidanda Sachu, Mahadev Prasad",The film follows a young man from Mysore with a dream to become a singer in the local orchestras. Can he triumphs over all difficulties to make his dream come true?,1.0
Nagu Naguta Nali,Kannada,"Comedy, Drama",0.0,0.0722,1991-01-01,"Shruti, Tara, Anjali, Sunil, Ramesh Bhat",,0.0
Vikram,Kannada,"Romance, Action, Drama",0.0,0.0718,2003-07-25,"Vijay Raghavendra, Sindhu Menon, Avinash, Bank Janardhan, Rekha Das","Vikram is a Kannada Romance Drama Directed by M.K.Maheshwaran, Starring Vijay Raghavendra and Sindhu Menon in lead roles.",0.0
Vijaya Dashami,Kannada,Drama,0.0,0.0717,2003-06-06,"Soundarya, Sai Kumar, Prema, Srinivasa Murthy, Jayachitra",,0.0
Avale Nanna Gelathi,Kannada,"Drama, Romance",0.0,0.0716,2004-03-05,"Vijay Raghavendra, Rakshita, Devaraj, Ashitha Chandrappa, Vishal Hegde","Amrita's love changes Aakash into a responsible and kind man. However, their families oppose their relationship and try to get them married to different people.",0.0
Huli Banthu Huli,Kannada,"Action, Adventure, Thriller",0.0,0.0716,1978-01-01,"M. V. Vasudeva Rao, Ramakrishna, Raji, Ananad Pericharan, Shantharam",Film starring M V Vasudeva Rao and Ramakrishna.,0.0
Trivikrama,Kannada,"Comedy, Drama, Romance",0.0,0.0715,2022-06-24,"Vikram Ravichandran, Akshara Gowda, Jayaprakash, Akanksha Sharma, Tulasi","Beaming with righteousness, a tough Vikram believes in fairness attained through any means necessary. Soon, his past haunts him as he falls in love with Trisha, a wide-eyed girl.",0.0
Life Jothe Ondu Selfie,Kannada,Romance,0.0,0.0713,2018-08-17,"Prem Kumar, Prajwal Devaraj, Hariprriya, Sudharani",The journey of the three friends who face different situations as they travel along.,0.0
Tulasi Dalam,Kannada,Horror,0.0,0.0712,1985-09-25,"Sarath Babu, Aarathi","Tulasi Dalam (Telugu: , English : Basil Leaf) is a Telugu thriller novel written by Yandamuri Veerendranath. It was published in Andhra Bhoomi weekly in 1980 as a serial and got tremendous popularity. It was republished many times as a paperback and sold approximately 50,000 copies. It was one of the initial novels of Yandamuri that became popular and he was appreciated widely for his narrating style. It was partially inspired by the 1971 bestselling novel The Exorcist. Tulasi Dalam was first adapted into a 1985 Kannada movie titled Thulasidala and later in Telugu as Tulasidalam (1989),in Hindi as Phoonk (2008) and its remake in Telugu as Raksha (2008).In 1986, a story based on this novel called Kashmora was filmed for which Yendamuri Verendranath has worked as writer.",0.0
Shastri,Kannada,"Action, Drama",0.0,0.0709,2005-06-10,"Darshan Thoogudeepa Srinivas, Manya, Chitra Shenoy, Bullet Prakash, Satyajith","Due to some unfortunate circumstances, a medical student follows the path of crime. Trouble ensues when he turns out to be a Good Samaritan, proving to be an enemy of the mafia.",0.0
Athiratha,Kannada,"Action, Thriller",4.0,0.0709,2017-11-24,"Chethan Kumar, Sadhu Kokila, Avinash, Achyuth Kumar, Sudha Belawadi",The story of Athiratha revolves around an aspiring journalist who helps the innocent and talented young students get a fair chance by uncovering the huge racket of question paper leaks and fake certification prevalent in the country.,2.0
Bhinna,Kannada,"Thriller, Drama",7.0,0.0707,2019-10-08,"Paayal Radhakrishna, Sidhaartha Maadhyamika, Shashank Purushotham, Sowmya Jaganmurthy","The Script of a Film, she is going to be a part of; begins to blur lines between reality and imagination, for an Aspiring Actress, obsessed about Method Acting.",3.0
Super Nanna Maga,Kannada,Drama,0.0,0.0705,1992-01-01,"Jaggesh, Swathi Ganguli, Bank Janardhan, Sundar Krishna Urs, Rockline Venkatesh","Sundar is a jolly young boy who is head-over-heals in love with Priya, a sophisticated girl. After several attempts he manges to impress Priya and win her over. But Priya's grandmother is against their relationship, will he be able to change the old woman",0.0
Tagaru Palya,Kannada,"Comedy, Drama",0.0,0.0704,2023-10-27,"amrutha prem, Rangayana Raghu, Nagabhushana N S, Tara",,0.0
Katari Veera Surasundarangi,Kannada,Drama,2.0,0.0704,2012-05-10,"Ambareesh, Upendra, Divya Spandana, Ajay, Doddanna","A man gets killed and finds himself in front of Yama, the god of death. In heaven, when he falls for Lord Indra's daughter, he is promptly sent back to Earth. Now, he sets out to avenge himself.",3.0
Ramakrishna,Kannada,"Comedy, Drama",0.0,0.0702,2004-05-28,"V. Ravichandran, Jaggesh, Laila, Kaveri, Doddanna","Rama's father wants him to marry his friend's daughter, Lakshmi. In a case of mistaken identity, he ends up meeting Seetha instead of Lakshmi and falls in love with her.",0.0
Rakshasa,Kannada,Drama,0.0,0.0702,2025-03-07,"Prajwal Devraj, Sonal Monteiro, Shobaraj",A tough police officer goes out of his way to bring down the underworld dons and is even ready to murder them in planned encounters to rid the society of evil.,0.0
Dhruva Taare,Kannada,Drama,0.0,0.0702,1985-01-01,"Dr. Rajkumar, Geetha","Sagar is a well known city lawyer who on the side of truth all the time. He falls in love with Sudha, a college student and marries her. He develops his inner talent of painting and goes commercial with it. A grave disaster strikes his family, which later becomes a legal case. Whether he remains a painter and lets go of the case or fights for the truth forms the rest of the story.",0.0
Sanju Weds Geetha 2,Kannada,"Romance, Comedy",10.0,0.07,2024-04-01,"Rachita Ram, Sadhu Kokila, Rangayana Raghu, Srinagar Kitty, Chethan Kumar",Sequel to Sanju Weds Geetha (2011).,1.0
Hatavadi,Kannada,"Drama, Music",0.0,0.0698,2006-03-24,"V. Ravichandran, Radhika Kumaraswamy, Sharan, K. S. L. Swamy, Ramesh Bhat","Balu, a passionate singer, is shattered when he is diagnosed with a brain tumour. However, he does not give up on his dreams and struggles to make a mark as a singer.",0.0
Mooru Guttu Ondu Sullu Ondu Nija,Kannada,"Drama, Comedy",0.0,0.0698,2009-11-06,"Ramesh Aravind, Sudha Belawadi, Komal Kumar, Mandya Ramesh, Sharan","When the parents of four boys and girls go on a pilgrimage, they call over their respective lovers for a fun day. But a villager soon arrives claiming to be a distant relative, causing much confusion.",0.0
Anveshane,Kannada,Drama,0.0,0.0698,1983-01-01,"Smita Patil, Anant Nag, Girish Karnad","In the mid-1980s, Shaam (Anant Nag) and Revati (Smita Patil) live in a Vatara (housing complex) with a host of other families and two little girls.",0.0
Seetharama Kalyana,Kannada,"Drama, Romance",4.7,0.0698,2019-01-25,"Rachita Ram, Joy Badlani, Chikkanna, Sadhu Kokila, Nayana","Arya, the son of an influential man in the city, falls in love with Geetha, an innocent girl from a small town. He thinks his life is set but fate has more than a little trouble in store for him.",3.0
Simhada Mari Sainya,Kannada,"Action, Drama",0.0,0.0695,1981-07-31,"Arjun Sarja, Indira, Amrish Puri, Jayanthi, Sundar Krishna Urs",A group of young students sets out into the jungle to rescue their teacher's daughters and goes through various obstacles.,0.0
Kabaddi,Kannada,Drama,0.0,0.0695,2009-07-03,"Avinash, Kishore, Escort Srinivas, Sriraksha, Dharma","It features real life Kabaddi players as important roles, while veteran actor Kishore played the role of a passionate sports coach. The directorial debut film, is a love story based around the sport of Kabaddi. Though it didn't perform well at the box office, critics named it one of the top Kannada films of 2009",0.0
Ganesha Subramanya,Kannada,Drama,0.0,0.0695,1992-06-01,"Anant Nag, Ramesh Bhat, Shivaram, Hema Chaudhary, Mukhyamantri Chandru","It is a story of two brothers who've been indoctrinated by their father into remaining bachelors until they achieve their professional goals. This film also tries to convey a message to both men and women, not to paint all members of the opposite gender with the same brush.",0.0
Rudra Tandava,Kannada,"Action, Drama, Romance",4.5,0.0693,2015-02-27,"Chiranjeevi Sarja, Radhika Kumaraswamy, Kumar Govind, Girish Karnad, P. Ravi Shankar","Rudra Tandava follows a timid young man who has a loving family. When his brother, a government official, is murdered, the protagonist and his father plans to take revenge in their own separate ways.",4.0
A 2nd Hand Lover,Kannada,"Romance, Drama",5.0,0.0693,2015-09-25,"Pranitha Subhash, Anisha Ambrose, Ajai Rao","Ajay Rao is an aspiring rockstar, who comes to Bengaluru to make it big in the rock music industry. He is also nursing a broken heart after losing his girlfriend Pranitha in an accident.",1.0
Sri Ram,Kannada,"Action, Drama",0.0,0.0691,2003-06-05,"Shivaraj Kumar, Ankitha, Abhirami, Srinivasa Murthy, Hema Choudary","Shivanna, a simple man from a village, falls for Aishwarya, the daughter of a commissioner. However, Aishwarya gets shocked when her friend reveals Shivanna's true identity on their wedding day.",0.0
Veera Madakari,Kannada,"Action, Comedy, Drama, Romance",5.8,0.0691,2009-03-20,"Sudeep, Ragini Dwivedi","Madakar is an honest police officer who is murdered by a local thug, Babji, and his son Munna. After his death, his daughter is mysteriously left at the door of Sathyaraju, Madakar's lookalike.",6.0
Krishna Rukmini,Kannada,"Romance, Drama",0.0,0.0687,1988-08-31,"Vishnuvardhan, Ramya Krishnan, Devaraj, Mukhyamantri Chandru, Vijay Kashi","Krishna, a travel guide, falls in love with Rukmini, a dancer. However, things take a turn when her family does not approve of their relationship.",0.0
Tatsama Tadbhava,Kannada,Drama,6.5,0.0687,2023-09-15,"Prajwal Devaraj, Meghana Raj, Aravinnd Iyer, Balaji Manohar",,2.0
Mane Maratakkide,Kannada,"Comedy, Drama, Horror",6.0,0.0687,2019-11-15,"Chikkanna, Ravishanker Gowda, Sruthi Hariharan, Karunya Ram, Sadhu Kokila","A Dubai-based Indian decides to sell his house after the death of his parents. But, the old mansion is haunted and selling it is an uphill task. Why is the house haunted?",1.0
Beladingala Baale,Kannada,"Drama, Fantasy, Romance",8.0,0.0687,1995-07-13,"Anant Nag, Ramesh Bhat, Loknath","An anonymous, mysterious caller who claims to be a huge fan of Revanth, the Chess Grandmaster from India, challenges him in many ways. It results in an inner quest for him as he literally sets out to track down the elusive caller.",2.0
Jigarthanda,Kannada,"Drama, Crime",6.5,0.0686,2016-06-24,"P. Ravi Shankar, Rahul, Samyukta Hornad, Chikkanna, K. Manju","An aspiring director targets a ruthless gangster for making a violent gangster film. His discreet attempts to research the gangster fail miserably. Finally when he gets caught snooping, the tables are turned on him.",2.0
Duniya,Kannada,Drama,7.0,0.0685,2007-02-23,"Duniya Vijay, Rangayana Raghu, Kishore, Yogesh, M. Chandru","A poor manual labourer, Shivu, hopelessly tries to arrange money to carry out a funeral for his mother and rescues a girl from thugs along the way.",2.0
Thayi Kotta Seere,Kannada,"Family, Drama",0.0,0.0684,1997-01-03,"Kumar Govind, Shruti, S. Narayan, Srinivasa Murthy, Doddanna",Girija's father marries her off to a rich man. Her life takes a turn for the worse when her in-laws start treating her unfairly.,0.0
Thai Saheba,Kannada,Drama,5.0,0.0683,1997-04-01,"Jayamala, Suresh Heblikar, Shivaram, Harish Raju, Bharath",The story of a Brahmin family during the pre independence and post independence periods of India. Based on the novel of same name written by Ranganath Shyamrao Lokapura.,3.0
Khushi,Kannada,"Comedy, Drama, Family",0.0,0.0682,2003-10-02,"Vijay Raghavendra, Tarun Chandra, Harish Prabhath, Sindhu Menon, Madhuri Bhattacharya","Ajay, Vijay and Shashank, the irresponsible sons of two wealthy industrialists, accept the challenge posed by their fathers of earning money on their own.",0.0
Haseena,Kannada,Drama,9.0,0.068,2004-04-01,"Tara, Chitra Shenoy","Hasina marries driver Yakub against his mother's wishes. The couple have three daughters, one of whom is disabled. Pregnant with their fourth child, the couple break social codes and do a pregnancy scan to ascertain the baby's gender. When Yakub realizes it is yet another girl, he becomes at turns abusive and neglectful, eventually leaving Hasina to fend for herself.",1.0
Bombat Hendthi,Kannada,"Comedy, Drama",0.0,0.0679,1992-01-01,"Sridhar, Shruti, Ramesh Bhat, Sihi Kahi Chandru, Tennis Krishna","In order to avoid having to marry his boss' daughter, Sridhar lies that he is married. It remains to be seen if his charade gets exposed.",0.0
Ivalentha Hendthi,Kannada,"Romance, Drama, Comedy",0.0,0.0676,1990-09-11,"Anant Nag, Mahalakshmi, Tara, Sadashiva Saliyan, Mysore Lokesh","Arun gets married to Rekha unwillingly. However, things take a turn when Suguna attempts to break their marriage by seducing Arun.",0.0
Snehitaru,Kannada,"Comedy, Drama",0.0,0.0673,2012-10-05,"Darshan Thoogudeepa Srinivas, Vijay Raghavendra, Tarun Chandra, Sujan Lokesh, Ravishanker Gowda","A group of four friends set out to rescue a young boy who has been kidnapped. However, soon their incompetence leads them in the wrong direction.",0.0
Kranthiveera,Kannada,"Action, Drama",0.0,0.0673,1972-06-16,"Dr. Rajkumar, Jayanthi, Rajesh, Dinesh, H. R. Shastry","Kranthiveera is a 1972 Indian Kannada-language action drama film directed and produced by R. Ramamurthy. It stars Rajkumar, Rajesh and Jayanthi. The film's story was written by R. Rangarajan and Satyam was the soundtrack and score composer. The dialogues and lyrics were written by Chi. Udaya Shankar. The song Elli harikatha prasangavo had P. B. Sreenivas and Rajkumar playback singing together for the first time.",0.0
Thayavva,Kannada,Drama,0.0,0.0673,1997-09-03,"Charan Raj, Sudeep, Umashree, Sindhu",No one has entered a biography for him.,0.0
Idolle Ramayana,Kannada,"Thriller, Drama",6.5,0.0672,2016-10-07,"Prakash Raj, Priyamani, Teju Belawadi, Sudha Belawadi, Bhargavi Narayan",,2.0
Gaja,Kannada,"Romance, Action",0.0,0.0671,2008-01-11,"Darshan Thoogudeepa Srinivas, Srinath, Pradeep Ram Singh Rawat, Shobaraj, Chitra Shenoy",,0.0
Randhawa,Kannada,"Action, Drama, Thriller",0.0,0.0671,2019-08-23,"Apoorva Srinivasan, Bhuvan Ponnanna, Arvind Rau, Lakshmi Hegde, Manjunath Hegde","Robert is troubled by nightmares. In his quest to know more about his condition, he takes a trip along with his friend Razzak. They visit a village named Odeyana Samudra where Robert meets Vasupradha, the daughter of the village's landlord and falls in love with her. Vasupradha and Robert, together, go on an expedition to find out the truth behind the mystery of loud screams that plague the village at night. In his search, Robert discovers that he has reincarnated and has lived his past life as Randhawa.",0.0
Janma Janmada Anubandha,Kannada,"Thriller, Drama",10.0,0.067,1980-11-14,"Anant Nag, Shankar Nag, Jayanthi, Jayamala, Prabhakar","Avinash, a young man, is troubled by the memories of his past life and decides to investigate the truth behind it.",1.0
Ashoka,Kannada,"Action, Drama",0.0,0.0669,2006-03-17,"Shivaraj Kumar, Sunitha Varma, Tejashree, Srinivasa Murthy, Ashok","Ashoka is about to join the police department as an IPS officer, but he gets involved with criminals. Later, he becomes their don with a secret intention to wipe out the entire mafia world.",0.0
Kousalya Supraja Rama,Kannada,"Drama, Family",1.0,0.0668,2023-07-28,"Darling Krishna, Milana Nagaraj, Brinda Acharya, Sudha Belawadi","KSR is a Romantic Comedy Drama which describes the definition of a real man. Directed by Shashank, starring Darling Krishna and Brinda Acharya in prominent roles",1.0
Mane Mane Kathe,Kannada,"Comedy, Drama, Family",0.0,0.0667,1981-01-01,"Dwarakish, Vishnuvardhan, Jayachitra, Leelavathi, Srinivasa Murthy","Mane Mane Kathe is a 1981 Indian Kannada film, directed by Rajachandra and produced by B S Dwarakish and H R Prabhakar Reddy. The film stars Vishnuvardhan, Jayachithra, Srinivasamurthy, K Vijaya, Lokanath, Leelavathi, Dwarakish, Seetharam and Uma Shivakumar in lead roles. The film had musical score by Sathyam. Watch the full movie, Mane Mane Kathe, online, only on Eros Now.",0.0
Chamundi,Kannada,"Action, Drama",0.0,0.0664,2000-05-04,"Malashri, Khushboo, Prakash Raj, Anant Nag, Suresh Heblikar","When Chamundi kills a criminal to put an end to his atrocities, the court acquits her due to lack of evidence. Notwithstanding, her sister, a lawyer, is determined to put her behind bars.",0.0
Halli Rambhe Belli Bombe,Kannada,"Romance, Drama",0.0,0.0664,1991-10-07,"Malashri, Chi. Guru Dutt, Chi. Udayashankar, Girija Lokesh, Ravikiran","In order to resolve her sister's marital problems, a young woman decides to marry her sister's brother-in-law. Things take a turn when she marries him under the guise of a village belle.",0.0
DK Bose,Kannada,Comedy,6.0,0.0664,2019-05-15,"Pruthvi Ambaar, Riaha Nijagun, Shobharaj Pavoor, Bhojaraj Vamanjuru","The story revolves around 2 Orphan friends surviving doing fraudulent and mischievous activities. When a big opportunity arises in the form of a Diamond deal they embark on a journey, well, A D K Bose fun filled Journey, where these friends encounter more ""DK Bose Characters"", ""DK Bose Moments"" and many other comical and emotional milestones which will not only transform their lives but others also.",1.0
Hombisilu,Kannada,"Romance, Drama, Family",7.0,0.0662,1978-01-27,"Aarathi, Vishnuvardhan, Annapoorna, B.K. Eshwarappa, B Hanumanthachar","Dr Roopa and Dr Nataraj get married and being both egoistic, and little arrogant, differences come up in their personal and Professional life where they run a Nursing home. Roopa suspects her husband of having an affair with another Doctor Vasanthi...Suspicions and neglect and duty conflict with each other and will their wedding stand this acid test?",1.0
Hendtheer Darbar,Kannada,Comedy,0.0,0.0662,2010-07-02,"Ramesh Aravind, Meena, Rangayana Raghu, Sadhu Kokila","Shivaramu is a married man who leads a miserly life. However, when he loses his government job, he is forced to join a politician's liquor company to fulfil his wife's greed for money.",0.0
Hebbuli Cut,Kannada,Drama,0.0,0.0661,2025-07-04,"Mounesh Nataranga, Mahadev Hadapad, Uma Yg, Punith Shetty Allama, Mahanthesh Hiremath","Hebbuli Cut is a tender and timely reflection on social injustice, childhood desires, and the immense strength required to claim one`s dignity in an unequal world. Told with warmth, humour, and heartache, it`s a poignant story for anyone who has ever dared to dream.",0.0
Emme Thammanna,Kannada,"Drama, Family",8.0,0.0661,1966-11-18,"Dr. Rajkumar, Bharathi Rao, G V Lathadevi, Dikki Madhava Rao, B. Ramakrishnaiah Panthulu","Thammanna, a cattleman, and Murali, a lawyer, are identical. Confusion arises when Thammanna falls in love with a rich and educated woman Meena, also a daughter of a lawyer, who mistakes him for Murali.",1.0
Sagutha Doora Doora,Kannada,"Action, Drama",0.0,0.0661,2020-02-14,"Apeksha Purohit, Mahesh Siddu, Master Ashik, Janvi Jyothi",Saagutha Doora Doora is a Kannada movie starring Mahesh Siddu and Apeksha Pavan Wadeyar in prominent roles. It is a drama directed by Ravi Teja.,0.0
Rasika,Kannada,"Romance, Drama",0.0,0.066,1994-06-03,"V. Ravichandran, Bhanupriya, Shruti, Jayanthi, Rockline Venkatesh","Rekha is in love with the village simpleton Krishna. However, the rivalry between Krishna's mother and Rekha's father poses a hurdle.",0.0
The Times We Live In,Kannada,Drama,0.0,0.0658,2020-08-13,"Tarak Ponnappa, Preetham Koppala, Saakshi Gururaj","A tale of two generations, dealing with the influence of the elder, on the actions, reactions and dreams of the younger.",0.0
Jwala Mohini,Kannada,Drama,0.0,0.0657,1973-01-01,"Rajasree, B. M. Venkatesh, B. V. Radha, Dikki Madhava Rao",,0.0
Jai Karnataka,Kannada,"Action, Science Fiction, Comedy, Drama",0.0,0.0656,1989-10-11,"Ambareesh, Rajani, Jr. Narasimharaju, Mukhyamantri Chandru, Shivaram",A good-hearted man looks after a few orphans. He faces several challenges when a gangster tries to evict them.,0.0
Mithya,Kannada,Drama,8.5,0.0655,2025-03-07,"Athish S Shetty, Prakash Thuminad, Roopa Varkady","'Mithya' is a journey alongside Mithun, an eleven-year-old, coming to terms with the sudden loss of his parents. Things turn gloomier as their families squabble over his custody, even as questions over the nature of his Father's death remain unanswered. We walk in step with Mithun/Mithya's tottering feet, as they search for solid ground. Can a new house be home, can friendships be forged again or is it all just a search for something long gone?",2.0
Abbabba,Kannada,"Comedy, Horror",0.0,0.0655,2024-02-16,"Likith Shetty, Amrutha Iyengar, Ajay Raj, Thandav Ram, Dhanraj Sukhram",Remake of the Malayalam film Adi Kapyare Kootamani,0.0
Striker,Kannada,Thriller,7.0,0.065,2019-02-22,"Praveen Tej, Saurav Lokesh, Dharmanna Kadur, Shilpa Manjunath",Striker is a Kannada movie starring Praveen Tej and Saurav Lokesh in prominent roles. The movie also stars Shilpa Manjunath. It is a crime thriller written and directed by Pawan Trivikram.,1.0
Sandpaper,Kannada,Drama,10.0,0.065,2017-09-01,"T. S. Nagabharana, Mandya Ramesh, Apoorva Bharadwaj, Murali Sringeri",A young girl goes in search of her father and meets a man on a river bank. That meets leaves her with lot of questions and also few solutions to live in a pluralistic society.,1.0
Fortuner,Kannada,"Drama, Romance, Comedy",0.0,0.0648,2019-11-01,"Diganth Manchale, Sonu Gowda, Swathi Sharma, Ratan Ram","Partha, a good-for-nothing man, falls for Anusha and lies to her about owning a restaurant. When they get married, his dishonesty is exposed which ruins their relationship.",0.0
Abachurina Post Office,Kannada,Drama,0.0,0.0647,1973-04-01,"B. S. Rama Rao, Girija Lokesh, Ramesh Bhat, Dasharathi Dixit, S. Seetharam","Bobanna, a postman, is tasked to read and write the letters of the naive and illiterate villagers. However, trouble is stirred up by his conniving mother-in-law.",0.0
Kanti,Kannada,"Romance, Drama",0.0,0.0646,2004-07-09,"Sriimurali, Divya Spandana, Govind Namdeo, Kishore, Avinash","The plot revolves around a Kannada college student who upon falling in love with a Marathi girl, gets embroiled politically.",0.0
Daredevil Musthafa,Kannada,"Comedy, Drama",7.3,0.0646,2023-05-19,"Aditya Ashree, Supreeth Bharadwaj, Mandya Ramesh, Veena Sundar, Nagabhushana N S","Ramanuja lyengari and his gang plan to get Musthafa expelled from the college. A series of fun-filled adventures lead to a riveting cricket match which will decide everybody's fate.It is based on K.P. Poornachandra Tejaswis short story of the same name. In a first of its kind attempt, 100+ fans of the writer have come forward to produce this film.",6.0
Critical Keertanegalu,Kannada,"Comedy, Drama",10.0,0.0646,2022-07-15,"Apoorva Bharadwaj, Suchendra Prasad, Tharanga Vishwa, Tabla Nani","A Lawyer called Kariyappa, he has been instrumental in filing the flaws in society, During IPL season, Gambling became a reality and millions became victims of the year. Realising that he comes to court to file an appeal against IPL for the of ban the IPL. He describes the four gambling events happened in Karnataka. All this as lawyer Kariyappa puts it infront of judge.",1.0
In The Wake Of Compunction,Kannada,"Drama, Science Fiction",0.0,0.0644,2025-06-11,Davis,Upcoming short film,0.0
Harikathe Alla Girikathe,Kannada,Comedy,5.0,0.0644,2022-06-23,"Rishab Shetty, Rachana Inder, Pramod Shetty, Honnavalli Krishna, Thapaswini",,1.0
Prema Khaidi,Kannada,"Romance, Drama",0.0,0.0642,2002-08-02,"Vijay Raghavendra, Radhika Kumaraswamy, Pragathi Mahavadi, Ashok Rao, Doddanna","A 2002 Kannada Drama, Romance movie by B Naganna starring: Vijay Raghavendra, Radhika Kumaraswam",0.0
Chilli Chicken,Kannada,"Drama, Comedy",4.0,0.0642,2024-06-21,"B. V. Shrunga, Bijou Thaangjam, Hirock Sonowal, Jimpa Sangpo Bhutia, Tomthin Thokchom","Chilli Chicken follows the lives of five Northeastern boys working at a Chinese restaurant. Based on true events, this film is written and directed by Prateek Prajosh. The cast includes BV Shrunga (known for ""19.20.21""), Manipur actor Bijou Thaangjam (from ""Mary Kom""), Jimpa Sangpo, alongside Harini Sundararajan, Victor Thoudam, Nityashree, Padmaja Rao, and others.  This movie promises to captivate audiences with its unique blend of social commentary, drama, and comedy.",1.0
Sheela,Kannada,Drama,0.0,0.0642,2023-07-28,"Sreepathy K A, Avinash, Ragini Dwivedi",A young woman who travels to Kerala in search of answers to a serious situation that occurs in Bengaluru.,0.0
Onti,Kannada,Action,3.0,0.0641,2019-07-05,"Arya, Meghana Raj, Sharath Lohitashwa, Devaraj, Girija Lokesh","Onti, a carefree young man, catches the eye of a gangster, Silk after he saves Paaru from him. In retaliation, Silk murders Onti's dear friend which sets Onti on the path of revenge.",1.0
Nanda Deepa,Kannada,"Drama, Romance",0.0,0.0639,1963-01-04,"Dr. Rajkumar, Harini, Leelavathi, Udaykumar, T. R. Narasimharaju","Nanda Deepa is a 1963 Indian Kannada-language romantic drama film, directed by M. R. Vittal, making his first venture in film direction.[1] The film was produced and written by actor Vadiraj and co-produced by Jawahar for Sri Bharathi Chitra studio house in its debut production. The film stars Rajkumar and Harini, along with Leelavathi and Udaykumar playing other pivotal roles.  The film, upon release garnered wide appreciation and recognition and won the prestigious National Film Award for Best Feature Film in Kannada at the 10th National Film Award. The movie was remade in Gujarati in 1964 as Ramat Ramade Ram - making this the first Kannada movie to be remade in that language. The movie starred Tarla Mehta and Mahesh Kumar in the lead role with popular actor Sanjeev Kumar reprising the role of Udaykumar. While the Kannada version won the National Award, the Gujarati version won eight State awards",0.0
Sugarless,Kannada,Drama,7.0,0.0635,2022-07-08,Pruthvi Ambaar,Upcoming Kannada Film starring Pruthvi Ambaar,1.0
Nammoora Mandara Hoove,Kannada,"Romance, Drama, Family",6.3,0.0635,1997-02-01,"Ramesh Aravind, Suman Nagarkar, Kashi, Pavitra Lokesh, Prema","Shivrajkumar comes to his close friend, Ramesh's home town and falls in love with the girl whom Ramesh loves (Prema).",3.0
Aa Karaala Ratri,Kannada,Thriller,5.6,0.0632,2018-07-13,"Karthik Jayaram, Anupama Gowda, Rangayana Raghu, Naveen Krishna, Veena Sundar","Muthanna and his family, who live in abject poverty, receive a prediction that says their fortune will change overnight. The same day, a mysterious man arrives and requests them to let him stay back.",11.0
Shravani Subramanya,Kannada,"Romance, Comedy",0.0,0.0631,2013-12-27,"Amulya, Ganesh, Parul Yadav",An aspiring singer dreams of making it big in the music industry.,0.0
Benkiyalli Aralidha Hoovu,Kannada,"Drama, Family",0.0,0.0623,1983-09-30,"Suhasini Maniratnam, Jai Jagadish, Ramakrishna, Sarath Babu, Rajeev",The eldest daughter takes the responsibility of supporting her mother and siblings after her father abandons them. She strives for the betterment of her family by living a selfless life.,0.0
Snehana Preethina,Kannada,"Romance, Comedy, Drama",0.0,0.0621,2007-07-20,"Darshan Thoogudeepa Srinivas, Auditya, Sindhu Tolani, Raai Laxmi, Rangayana Raghu","The rich fathers of Adi and Lakshmi hatch a plot to separate them from their poor respective lovers, Sindhu and Soorya. However, Adi soon realises the truth and decides to set things right.",0.0
Annavru,Kannada,"Action, Drama",0.0,0.0621,2003-12-19,"Darshan Thoogudeepa Srinivas, Ambareesh, Kaniha, Suhasini Maniratnam, Sumithra","Surya, who was abandoned by his 14-year-old unwed mother Nirmala after his birth, grows up in the slums and finds a friend in a local criminal leader, Anna.",0.0
Gandhinagara,Kannada,Drama,0.0,0.0621,1968-02-01,"Dr. Rajkumar, Kalpana, T. R. Narasimharaju, Dwarakish, K. S. Ashwath",A couple's life takes an unexpected turn when the man is suspected in a murder case and imprisoned for five years on a false charge.,0.0
Indira,Kannada,Thriller,0.0,0.0621,2021-09-16,"Anita Bhat, Shafi, Neethu Shetty, Chakravatrhy Chandrachuda, Rahman Hassan","While Indira survives a suicide attempt, her husband Sridhar is not so lucky. With a loss of memory and eyesight, Indira is shocked when she observes a pattern revolving around her caretaker and psychiatrist. Watch the psychological thriller, Indira.",0.0
Tabbaliyu Neenade Magane,Kannada,Drama,0.0,0.0621,1977-01-01,"Naseeruddin Shah, Om Puri, Lakshmi Krishnamurthy, T. S. Nagabharana","The movie explores the cultural problems experienced by an American woman, newly married to an Indian, adjusting to Indian norms and customs. It depicts a modern man who studies agriculture in the United States, returns to India with an American wife with their different views. The theme is one alienation from the fellow human beings.",0.0
Khaidi,Kannada,"Action, Drama",0.0,0.0618,1984-05-29,"Vishnuvardhan, Aarathi, Madhavi, Jayamalini, Anuradha",Surya and Madhu love each other but their relationship is unacceptable to Madhu's rich father. He resorts to unfair means to separate them and gets Surya implicated on false charges.,0.0
Gajanana And Gang,Kannada,"Comedy, Drama",0.0,0.0618,2022-06-03,"Aditi Prabhudeva, Shri Mahadev, Abhishek Shetty, Natya Ranga","Gaja, a youngster, is calm by nature but when things go out of hand, he fights for his rights. This behavior in return forms a gang of misfits who brush their shoulders with the seniors.",0.0
Aaru Mooru Ombhatthu,Kannada,"Mystery, Drama",6.0,0.0617,1970-11-23,"Ramesh, R. N. Sudarshan, B. V. Radha, Loknath, K. S. Ashwath","Aaru Mooru Ombhatthu is a 1970 Indian Kannada film, directed and produced by K. S. L. Swamy. The film stars Udaykumar, Srinath, Ramesh and Ravi in the lead roles. The film has musical score by Vijaya Bhaskar.",1.0
Kalavida,Kannada,Drama,0.0,0.0617,1997-01-01,"Heera Rajgopal, V. Ravichandran, Roja Selvamani, Raghuvaran, Dolly Minhas","Vishwa, a well-known artist, loses his mind after the death of his lover. Kamala, an admirer of his art, decides to help him recover.",0.0
Hangover,Kannada,"Drama, Thriller",0.0,0.0617,2019-06-14,"Bharat, Chirag, Mahati Bikshu, Nandhini Nataraj, Shahan Ponnamma","A crime thriller film directed by Vittal Bhatt, starring Bharath, Raj, Chirag, Mahati and Nandhini in the lead roles.",0.0
Yardo Duddu Yellammana Jathre,Kannada,"Comedy, Drama",0.0,0.0614,2003-04-04,"Jaggesh, Amrutha, Hema Choudary, Chitra Shenoy, Yathiraj Jaggesh","A house owner requests his tenants to vacate the house so that he can sell it and repay his loan. Soon, a hilarious chain of events follow when the tenants refuse to leave.",0.0
Beda Krishna Ranginata,Kannada,"Comedy, Romance",0.0,0.0614,1994-04-20,"Jaggesh, Payal Malhotra, Sindhuja, Srinath, Sundar Raj","Krishna makes his living by executing tough challenges proposed by his friend. Soon, he finds himself in a sticky situation when he is asked to make a rich man's daughter fall in love with him.",0.0
Puksatte Lifu Pursotte Illa,Kannada,"Drama, Comedy, Crime",7.0,0.0614,2021-09-24,"Sanchari Vijay, Achyuth Kumar, Rangayana Raghu","A key maker, Shahjahan living in one of the gullies of Bengaluru becomes an accomplice to a group of policemen in illegal activities. Life takes a turn for Shahjahan when he faces a complicated problem.",1.0
Police Story 3,Kannada,Action,0.0,0.0614,2011-07-08,"Thriller Manju, Sudeep, Sadhu Kokila, Shravanth, Neha Patil",,0.0
Monalisa,Kannada,Romance,2.0,0.0613,2004-05-07,"Sammir Dattani, Sadha, Ramakrishna, Bhavya, Sharan",,2.0
Yaare Neenu Cheluve,Kannada,"Romance, Drama",0.0,0.0613,1998-04-22,"V. Ravichandran, Heera Rajgopal, Sangita, Tara, Doddanna","When Kamli loses her bag at a railway station, Surya finds it and sends it to her house with a note. They soon start communicating with each other through their letters and fall in love.",0.0
Eradane Sala,Kannada,Drama,4.0,0.0607,2017-03-03,"Dhananjay, Sangeetha Bhat, Lakshmi, Avinash, Padmaja Rao","When a mother has taken an oath from her son that he won't fall in love or look 'differently' at their new female house guest, forbidden fruit seems sweeter.",1.0
Pilibail Yamunakka,Kannada,"Romance, Comedy, Mystery, Family",10.0,0.0603,2016-12-09,"Larry Fernandes, Harshika Poonacha, Vipin Lobo, Reena Dsouza, Sonal Monteiro","Pilibail Yamunakka is an Tulu language film directed by K Sooraj Shetty, starring Purav Ambar, Sonal Monteiro, Naveen D Padil in lead roles.  The movie has been produced by Rohan Shetty under the banner of Lakumi Cine Creations.  Audio launch of this film was held on 19 June 2016.  The movie released on 9 December 2016.  film successfully completed 50 days",1.0
Devatha Manushya,Kannada,Drama,0.0,0.0596,1988-06-23,Dr. Rajkumar,The story revolves around krishna who is falsely accused of stealing his boss s valuables. Accused of that and court sending him for long imprisonment.Krishna plans to avenge his boss Will he able to do so or forgives.?,0.0
Ondu Shikariya Kathe,Kannada,"Crime, Thriller",0.0,0.0596,2020-03-06,"Pramod Shetty, Siri Prahlad, Prasad Cherkadi, MK Mata, Abhimanyu Prajwal","A series of mysterious events befall when a famous novelist, an absolute follower of non-violence, takes up a gun and goes on the hunt.",0.0
Shivam,Kannada,Thriller,6.0,0.0596,2015-01-02,Upendra,,1.0
Ganapa,Kannada,"Romance, Crime, Drama",7.0,0.0596,2015-06-26,"Santhosh Balaraj, Priyanka Thimmesh, Tarun, Kalyan Kumar, Tumkur Mohan","Ganapa is based on an incident in Bengaluru's underworld. The film takes a realistic approach, not on rowdyism, but on people affected by it.",1.0
Dharmasere,Kannada,"Family, Drama",0.0,0.0596,1979-03-07,"Srinath, Aarathi, Sathyapriya, Musuri Krishnamurthy","Tunga, a young woman who has speech and hearing impairment, faces humiliation, neglect and other challenges in her life because of her limitations.",0.0
College Ranga,Kannada,Drama,0.0,0.0596,1976-01-01,"Kalyan Kumar, Leelavathi, Loknath, Musuri Krishnamurthy, G.K. Govinda Rao",Students from a private educational institution resort to college politics in order to fight the corrupt professors and non-teaching staff. Based on a novel by B. G. L. Swamy.,0.0
Naduve Antaravirali,Kannada,Comedy,0.0,0.0595,2018-08-31,"Aishani Shetty, Prakhyath Paramesh, Chikkanna, Tulasi, Manju Mandavya",,0.0
Phalitamsha,Kannada,"Drama, Romance, Family",0.0,0.0594,1976-12-01,"Jai Jagadish, Aarathi, Vaishali Kasaravalli, Leelavathi, Shubha",A young man chases love. He encounters three women. Infatuation. Fame. Friendship. He mistakes them for romantic love. And is disillusioned. Eventually his level-headed wife and some tenuous circumstances help him comprehend the meaning. The movie was predominantly shot in Bijapur. The movie paired newcomer Jai Jagadish with four heroines.,0.0
Thirupathi Express,Kannada,Comedy,2.0,0.0594,2014-09-05,"Kriti Kharbanda, Sumanth Shailendra, Ashok, Sadhu Kokila, Bullet Prakash",,3.0
Kalidasa Kannada Meshtru,Kannada,"Comedy, Drama",0.0,0.0593,2019-11-22,"Jaggesh, Meghana Gaonkar, Ambika, Jayathirtha, Tabla Nani","Kalidasa is a Kannada teacher who loves teaching the language. When the existence of his school is threatened, he raises his voice against the education system that leans towards private schools.",0.0
Bettada Jeeva,Kannada,Drama,8.0,0.0592,2011-06-17,"Suchendra Prasad, Rameshwari Varma, H. G. Dattatreya, Lakshmihegde, Prabhudev","The story happens in around early forties. A young freedom fighter Shivaramu, lost in jungle while he travels to a place near subramanya, meets two villagers called Deranna and Bhatya. They advice Shivaramu to stay in the house of Gopalayya, a Brahmin living with his wife Shankaramma in Kelabailu. The couple treats Shivaramu well and asks him to stay for couple of more days. They express that their son Shambhu had left them years back. They treat Shivaramu as their own son.  During the stay, Gopalayya narrates the story of his past. Recalls his hardworking days of making a beautiful crop field beside mountain. Shivaramu slowly gets clear introduction to the legendary personality of Gopalayya. Shivaramu gets more curious at his attitude of fighting against nature to build his dreams in a place called Katumule.",1.0
1888,Kannada,"Thriller, Crime, Action, Drama",5.0,0.0591,2023-04-09,"Neethu Shetty, Sourabh Shukla, Raghu Ramappa, Adhvithi Shetty, Prathap Kumar","When Demonetization (currency ban) is announced in India, 3 unlikely characters come face to face for a bag of cash. After that a car journey begins and some more characters come into picture. This results in a cat and mouse game with a very unexpected outcome.",1.0
Indrana Gedda Narendra,Kannada,"Comedy, Drama, Romance",0.0,0.0589,1994-07-15,"Jaggesh, Srishanthi, Sindhuja, Srinath, Jai Jagadish","Lord Indra requests the help of a common man, Narendra, to save his kingdom. Narendra, however, poses a challenge to Lord Indra, to spend a month as a mortal on the earth.",0.0
Huttu Habbada Shubhashayagalu,Kannada,Drama,0.0,0.0588,2021-12-31,"Diganth Manchale, Kavitha Gowda, Chethan Gandharva, Madenuru Manu, Sujay Shastri","At a birthday party, birthday boy Avinash was murdered by someone in the house. Who is the killer and what is the motive behind the crime?",0.0
Prachanda Kulla,Kannada,"Comedy, Drama, Action, Adventure",0.0,0.0588,1984-01-18,"Dwarakish, Radikaa Sarathkumar, Vishnuvardhan, Geetha, R. N. Sudarshan","King Pashupathy tries to fix his daughter's problem by making her talk. He meets a saint and a witch, who try to help him.",0.0
Namo Bhoothatma,Kannada,Drama,0.0,0.0585,2014-01-01,"Iswarya Menon, Ali Basha","Namo Bhootatma is a 2014 Kannada horror comedy film directed by ace choreographer Murali. A remake of the 2014 Tamil film Yaamirukka Bayamey (which itself was based on the Korean movie The Quiet Family), it stars Komal Kumar, Iswarya Menon, Anaswara Kumar, Gayathri Iyer, and Harish Raj in the lead roles. Telugu comedian Ali makes his Kannada debut with this film.",0.0
Charlie,Kannada,"Action, Comedy, Drama",6.0,0.0582,2015-09-17,"Milana Nagaraj, Vaishali Deepak, Gurunandan, Darling Krishna","The story of Charlie is about Cheluvanarayana Swamy, an orphan who rechristens himself as Charlie and does odd jobs. He is on an assignment to Hampi where he meets Gayathri (Vaishali Deepak) who is inhumanely treated by her father. Charlie, who falls in love with her, rescues and brings her to Bengaluru. While he makes up his mind to settle with her, Gayathri joins a college, where she meets Rishi and falls in love him.  Charlie is devastated on knowing their relationship. Meanwhile, Purvi (Milana Nagaraj) who studies in the same college falls in love with Charlie. The twisted love affairs get even more twisted when Gayathri reveals that she is pregnant and soon after Rishi is killed by some miscreants. What is Gayathris fate and does Charlie accept Purvis love is the crux of the film,",1.0
Kadala Theerada Bhargava,Kannada,Thriller,0.0,0.0579,2023-03-03,"Bharath Gowda, Ashwin Hassan, Nalin Kumar, Raghav Nag, Shruti Prakash","Bharath has lost everything since his childhood, including his family. Will his alter ego, Bhargava,  help him or destroy him?",0.0
Ghatashraddha,Kannada,Drama,6.8,0.0579,1977-01-01,"Ramaswamy Iyengar, Narayan Bhatt, Ajith Kumar, Shanta Kumari, Meena Kuttappa",A young brahmin boy studying in a village away from home and a young widow isolated by her condition form a bond.,5.0
Amruth Apartments,Kannada,Drama,0.0,0.0578,2021-11-26,"Tarak Ponnappa, Balaji Manohar, Urvashi Goverdhan","After a year-long marriage, a couple approaches a lawyer to file for divorce but encounter a life altering shock on the same day. Together, they must work out what they need more - a divorce or getting out of a police investigation?",0.0
Mantram,Kannada,Horror,0.0,0.0578,2017-12-01,"Pallavi Raju, Shamanth Shetty, Anil Kumar, Sthavana, Gaurish Akki",A group of friends go to a small town to help a friend's family that is experiencing mysterious troubles. They try to figure out the source of the problem and themselves become the targets.,0.0
Makkaliralavva Mane Thumba,Kannada,Drama,0.0,0.0577,1984-01-01,"Lakshmi, Anant Nag, Shankar Nag, T. N. Balakrishna","Raja and Rani are a childless married couple who go through many tough times together. However, owing to their perseverance, they finally see better days.",0.0
Mathe Udbhava,Kannada,"Drama, Comedy",5.0,0.0575,2020-02-07,"Milana Nagaraj, Avinash, Sudha Belawadi, Pramod Manju, Girish Bhat",The movie is a sequel to old Kannada movie udbhava starring Ananth Nag. The story tries to showcase the problems of blind belief in god.,1.0
Choori Chikkanna,Kannada,"Family, Drama",8.0,0.0574,1969-05-30,"Dr. Rajkumar, Vijayalalitha, Jayanthi, T. R. Narasimharaju, Nagappa","Choori Chikkanna is a 1969 Indian Kannada-language film, directed by R. Ramamurthy and produced by R. Ramamurthy. The film stars Rajkumar, Narasimharaju, Dinesh and K. S. Ashwath. The film has musical score by Satyam.",1.0
Tenali Rama,Kannada,Comedy,0.0,0.0574,2006-12-07,"Ramesh Aravind, Srinath, Jaggesh, Rangayana Raghu, Umashree",Tenali Rama is the comedy film with funny dialogs.Ramesh Arvind is a B.Com graduate and Jaggesh is an S.S.L.C holder and both of them are searching the job but a fake employment agent tells them that he will take them to Dubai.,0.0
Bhale Huchcha,Kannada,"Action, Family, Mystery, Thriller",8.0,0.057,1972-08-10,"Dr. Rajkumar, Aarathi, Srinath, Thoogudeepa Srinivas, Loknath",Bhale Huchcha is a 1972 Indian Kannada-language film directed by Y. R. Swamy and produced by Gopal Lakshman. It stars Rajkumar and Aarathi. This film was dubbed into Telugu as Dasara Picchodu and released in 1973. This was the only Kannada movie of actress Helen.,1.0
Darpana,Kannada,Drama,0.0,0.057,2017-09-08,"Sharanya Jit Kaur, Sundeep Malani, Prateeksha Nayak, Dubai Rafique",,0.0
Kashi from Village,Kannada,"Action, Drama",0.0,0.0569,2005-04-01,"Sudeep, Rakshita, A. Harsha, Shilpa, Pramila Joshai","In order to fulfil his ill mother's final wish, Kashi works at several places to provide education for his brother. Later, his brother falls in love with a dangerous criminal's sister.",0.0
D/O Parvathamma,Kannada,"Action, Thriller",2.0,0.0568,2019-05-24,"Hariprriya, Suraj Gowda, Tharanga Vishwa, Sumalatha, Prabhu Mundkur","An investigative officer investigates a sensational and challenging murder case, which has many layers.",2.0
Vidyapati,Kannada,Drama,0.0,0.0564,2025-04-10,Nagabhushana N S,Upcoming Kannada Comedy Film Starring Nagabhusan,0.0
Mana Mecchida Madadi,Kannada,Drama,8.0,0.0564,1963-08-23,"Dr. Rajkumar, Udaykumar, Leelavathi, T. R. Narasimharaju, K. S. Ashwath","Mana Mecchida Madadi is a 1963 Indian Kannada-language film, directed by K. R. Seetharama Sastry and produced by N. B. Vathsalan and N. Ramachandra. The film stars Rajkumar, Udaykumar, K. S. Ashwath and Balakrishna. The film has musical score by Vijaya Bhaskar. The movie was remade in Telugu in 1965 as Visala Hrudayalu.",1.0
Maduve Madi Nodu,Kannada,Drama,7.0,0.0563,1965-12-24,"Dr. Rajkumar, R. Nagendra Rao, K. S. Ashwath, Udaykumar, T. R. Narasimharaju","Maduve Madi Nodu is a 1965 Indian Kannada-language film, directed by Hunsur Krishnamurthy and produced by Nagi Reddi and Chakrapani. The film stars Rajkumar, R. Nagendra Rao, Udaykumar and Narasimharaju. The movie was a profitable venture and was declared a super hit.",1.0
Saramsha,Kannada,"Drama, Fantasy, Mystery",0.0,0.0563,2024-02-15,"Sruthi Hariharan, Surya Vasishta, Deepak Subramanya, Shweta Gupta, Asif Farooqi","Tejas, an aspiring writer's world bizarrely collides with Abhay's one evening. A drama begins to unfold as he comes face to face with a character of his story - asking whether a writer writes the story, or does the story choose its writer?",0.0
Rani Maharani,Kannada,Drama,0.0,0.0563,1990-01-01,"Malashri, Ambareesh, Shashikumar, Jaggesh","Twin sisters Rani and Maharani get separated at a young age. Maharani is shy, whereas Rani is brave. When they cross paths, Rani decides to take Maharani's place to punish her abusing family.",0.0
Mooru Kaasina Kudure,Kannada,Drama,0.0,0.0561,2024-10-23,"Poornachandra Mysuru, Rockline Sudhakar, Sanatani, Govinde Gowda, Arjun Palegar","Ganga is a city cab driver & Dhanu is an aspiring actor who wants to make a big name in film industry Both of these characters need money at any cost to pursue their dream life. Situation takes a new turn when Dhanu hops on Ganga's cab in search of money, and it becomes even more interesting when Baby catches same cab. The story narrates how these three prime characters face the challenges.",0.0
Behind The Scenes,Kannada,Drama,0.0,0.056,2024-11-08,"Vijay Krishna, Medini Kelamane","Behind The Scenes is a Kannada anthology film that tells five distinct stories, each directed by a different filmmaker: Prajwal MRs Baanigondu Elle Ellide, Sai Shrinidhis Coffee, Cigarettes and Lines, Kuldeep Cariappa NMs Hero, Rajesh N Shankadhs Blockbuster, and Apoorva S Bharadwajs SuMoha. Together, these narratives explore the deep influence of cinema on the lives of both creators and viewers, showing the sacrifices, dreams, and challenges filmmakers, actors, and crew members endure.",0.0
Rajasimha,Kannada,Action,0.0,0.0557,2018-02-02,"Ambareesh, Aniruddha, Vijay Chendur, Sharath Lohitashwa, Arun Sagar","Yuvaraja falls in love with Pallavi, and when pursuing her, he gets to know more about his past and his uncle who wronged him",0.0
Ee Hrudaya Ninagagi,Kannada,"Family, Drama, Romance",0.0,0.0553,1997-01-06,"Kumar Govind, Archana, Sangeetha Krish, Lokesh, Srinivasa Murthy","Ee Hrudaya Ninagaagi is a 1997 Indian Kannada film directed by Paras Jain and produced by Majji Krishna Prasad. The film stars Kumar Govind, Archana and Rashika in lead roles. Music of the film was composed by V Manohar.",0.0
10,Kannada,Drama,5.1,0.0553,2022-12-16,"Vinay Rajkumar, Anusha Ranganath, Gopalkrishna Deshpande, Akash, Srikanth Gandikota","Vijay Kumar, a successful boxer and a gold medallist, fails his drug test and suffers a setback in his career. To survive his failing career, he must get up and fight harder than before.",4.0
Ganesha Matthe Banda,Kannada,"Drama, Comedy",0.0,0.0552,2008-09-06,"Vijay Raghavendra, Ramesh Bhat, Doddanna, Anant Nag, Vinaya Prasad","Gayathri and Savithri, with differing outlooks on marriage, marry Shankar and Ganesha. However, Gayathri's reluctance to live with her in-laws and Savithri's obsession with Ganesha creates problems.",0.0
Kanneshwara Rama,Kannada,Drama,0.0,0.0552,1977-01-01,"Anant Nag, Amol Palekar, Shabana Azmi, B.V. Karanth","Set in 1920s India, the story follows Kanneshwara Rama, a defiant peasant who becomes a legendary outlaw after confronting local injustice. After a prison stint where he encounters Gandhis followers, he joins and eventually leads a group of bandits, becoming a Robin Hood-like figure who aids the poor and challenges feudal authority. His journey is complicated by his relationship with Malli, a former bandits mistress, and his growing ambition to establish his own principality.",0.0
"Love, Wrinkle-free",Kannada,Drama,0.0,0.055,2011-01-01,"Ash Chandler, Shernaz Patel, Sohrab Ardeshir, Seema Rahmani, Ashwin Mushran","""Love, Wrinkle-free"" is a slice of life romantic comedy about a dysfunctional family who live in the Calangute area of Goa. Set in the Roman Catholic world of Goa, ""Love, Wrinkle-free"" takes a light-hearted look at the obsession of today's society on 'looks' and 'youth' - a universally recognizable theme that should find resonance across the world.",0.0
Neenu Nakkare Haalu Sakkare,Kannada,"Comedy, Drama, Romance",0.0,0.0549,1991-04-16,"Vishnuvardhan, Rupini, Rajani, Chandrika, Vinaya Prasad","A man is on the hunt for a bride he is compatible with. However, he goes through various hilarious hurdles during the hunt before he manages to find a girl.",0.0
Vijaya Simha,Kannada,"Action, Drama",0.0,0.0546,2003-12-12,"Vijay Raghavendra, Rakshita, Ambika, Pavitra Lokesh, Bank Janardhan","""Vijayasimha"" revolves around a young man, played by Vijay Raghavendra, who attempts to reconcile with his mother-in-law, Mayor Meenakshi Devi, who is against his relationship. He ultimately succeeds in winning her over, leading to the reunion of the couple.",0.0
Tribble Riding,Kannada,Drama,1.0,0.0546,2022-11-25,"Ganesh, Nammavaru Ambarish, Aishwarya, Panne Doddi Anand","Kannada movie starring Ganesh, Aditi Prabhudeva, Rachana Inder and Megha Shetty in the lead roles directed by Mahesh Gowda",1.0
Dharmathma,Kannada,"Action, Drama",0.0,0.0546,1988-08-26,"Shankar Nag, Prabhakar, Ambika, Ramakrishna, Sundar Raj",,0.0
Surface Tension,Kannada,"Drama, Thriller, Horror",0.0,0.0545,2023-12-31,"Srikanth Richi, Davis",Rudra Residency seems to have an uncanny problem within its walls. Vivek and Sampath soon discover that their metal tools are of no use to fix the real issue hidden underneath.,0.0
Ziddhi,Kannada,"Action, Drama, Romance",0.0,0.0545,2013-03-22,"Prajwal Devaraj, Aindrita Ray, Aishwarya Nag","Sahana falls in love with her classmate, Krishna, who fights against injustice. But his actions catch Sudhir's eye, a local gangster's younger brother, who is trying to woo Sahana. The film is a remake of 2009 Malayalam film Puthiya Mukham.",0.0
Petromax,Kannada,"Comedy, Drama",3.5,0.0545,2022-07-15,"Sathish Ninasam, Hariprriya, Karunya Ram, Nagabhushana N S","Petromax is a brand name for a type of pressurised paraffin lamp that uses a mantle. Petromax symbolises light, which is essential in the lives of four orphans around whom the plot revolves",2.0
Nandhi,Kannada,"Action, Drama",0.0,0.0544,2002-12-27,"Sudeep, Sindhu Menon, Radhika Chaudhari, Ashish Vidhyarthi, Ambika","A young man is falsely imprisoned for a crime he did not commit which forces him to join hands with a gangster. However, he decides to leave his criminal activities to reunite with his family.",0.0
Aadi,Kannada,Drama,0.0,0.0544,2005-03-04,"Divya Spandana, Srinagar Kitty, Avinash, Srinivasa Murthy, Rangayana Raghu","Aadi transforms from being an unemployed young man to a responsible and kind businessman after a chance encounter with Aishwarya and her father, Uday Chandra.",0.0
Operation Diamond Racket,Kannada,Thriller,8.5,0.0543,1978-08-11,"Dr. Rajkumar, Padmapriya, Vajramuni, Thoogudeepa Srinivas, Rajanand",Prakash is called in to investigate the theft of diamonds and the kidnapping of scientists; a trail that takes him to distant Nepal.,2.0
Bara,Kannada,Drama,0.0,0.0542,1982-10-01,"Anant Nag, C. R. Simha, Pankaj Dheer, Shivaram, Uma Shivakumar","Based on the Kannada novel Bara by eminent writer U. R. Ananthamurthy, the story deals with the politics of famine in Karnataka. An idealistic officer eventually succumbs to bureaucratic apathy - famine relief arrives, but too late. Simultaneously shot in Hindi as Sookha; that version was released in 1983.",0.0
Ayana,Kannada,Drama,0.0,0.054,2017-09-08,"Deepak Subramanya, Apoorva Soma, Ramesh Bhat, Goutham Shashidhar, Vedashree Rao",An ambitious software entrepreneur puts everything he has in line to perceive his dreams.,0.0
Shanti Kranti,Kannada,"Action, Drama",0.0,0.0538,1991-09-05,"V. Ravichandran, Juhi Chawla Mehta, Ramesh Aravind, Khushboo, Anant Nag",Two police officers fight against organ trafficking mafia.,0.0
Ayyana Mane,Kannada,"Thriller, Crime",0.0,0.0538,2025-04-25,Manasi Sudhir,"Ayyana Mane is a 2025 Kannada-language crime thriller series directed by Ramesh Indira and produced by Shruthi Naidu Productions. It stars Kushee Ravi, Akshya Nayak, Manasi Sudhir, Vijay Shobraj, and Ramesh Indira himself.",0.0
KUDA -A LITTLE WHILE,Kannada,"Romance, Drama",0.0,0.0538,2025-12-31,"Shreyas sharma, Siya behera",It is about two individuals in the city of somewhere near by you,0.0
Amrutha Ghalige,Kannada,Drama,0.0,0.0538,1984-01-01,"Sridhar, Padma Vasanthi, Ramakrishna, Umashree","A young girl gets impregnated by her insincere boyfriend who leaves her to fend for herself. She marries her classmate, who is worried about her image. However, tragedy soon befalls her new world. Based on the novel Avadaana, by Dodderi Venkatagiri Rao",0.0
Prema Raga Haadu Gelathi,Kannada,"Romance, Drama",0.0,0.0538,1997-07-18,"Shivaraj Kumar, Vaishali Kasaravalli, Ramesh Aravind, Lokesh, Srinath","Kashi and Anand fall in love with the same girl without knowing about her true intentions. However, in a twist of fate, their lives change forever.",0.0
Sura Sundaranga,Kannada,Drama,0.0,0.0535,1989-03-31,"Kashinath, Abhinaya, Kavya, Tara, Chithrangi","Purshotama always stayed away from women at his mother's behest. However, with time, he turns into a womaniser and has multiple affairs.",0.0
Chakratheertha,Kannada,"Family, Drama",7.0,0.0535,1967-10-06,"Dr. Rajkumar, Udaykumar, Jayanthi, Rajanand, B. M. Venkatesh","Chakra Theertha is a 1967 Indian Kannada-language film, directed by Peketi Sivaram. The film stars Rajkumar, Udaykumar, Jayanthi and Balakrishna, with musical score by T. G. Lingappa. It is based on the novel of same name by T. R. Subba Rao. The director remade the film in Telugu in 1968 as Chuttarikaalu.",1.0
Cinema My Darling,Kannada,Drama,0.0,0.0534,2016-03-25,"Vihan Gowda, Sanjjanaa Galrani, Rangayana Raghu, Raju Thalikote, Manasa Manoharan","Four friends Satya an aspiring director, Basava Patil a budding Music Director, Aadarsh a camera man and Vishwa an aspiring actor come together to make a film. A famous dancer Devayani, a girl next door Pallavi, Savita Lakshmi an ex producer's daughter and a unknown girl are love interests of the four boys. A thrilling off the camera story of four friends who want to make it big in the Kannada film industry. Directed by Gaurish Akki a veteran TV film journalist, the film revolves around a story of friendship, sacrifices and love for cinema. A total entertainer, will the four friends make it big or will they be lost in the ocean of the film world? What will they lose and what will they gain? Will they meet their dream 'Cinema My Darling' and how?",0.0
India vs England,Kannada,"Drama, Comedy, Romance",2.3,0.0534,2019-12-14,"Vasishta N. Simha, Manvitha Harish, Ananth Nag, Sumalatha, Sadhu Kokila",India vs England is an upcoming Indian Kannada-language Romantic Thriller film directed by Nagathihalli Chandrashekar and produced by Y.N.Shankaregowda and several Non resident Indians from the UK and other countries. The film stars Vasishta Simha and Manvitha Harish. The film is set to release on 24 January 2020.,3.0
Soorappa,Kannada,"Drama, Action",0.0,0.0533,2000-03-27,"Vishnuvardhan, Shruti, Charan Raj, Ramesh Bhat, Bank Janardhan","When a woman from a neighbouring village falsely accuses the village head of harassing her, tension spreads between the two villages, which ultimately leads to a riot making the situation worse.",0.0
Karnataka Suputhra,Kannada,Drama,0.0,0.0533,1996-01-04,"Vajramuni, Rituparna Sengupta, C. R. Simha, Vishnuvardhan",A man who is dating a beautiful woman goes to great lengths by eliminating all the hurdles in his path so he can be with her.,0.0
Bombay Dada,Kannada,Drama,0.0,0.0533,1991-01-01,"Prabhakar, Vani Viswanath, Lakshmi, Vajramuni",A man's brother-in-law is murdered by members of an underworld gang. He sets out to exact revenge by infiltrating the gang.,0.0
Shuddhi,Kannada,Drama,7.3,0.0533,2017-03-17,"Lauren Spartano, Niveditha, Amrutha Karagada, Shashank Purushotham, Sidhartha Maadhyamika",An American in India befriends two journalists who are fighting for juvenile justice; her trip turns into a spiritual journey,3.0
Akira,Kannada,"Romance, Drama",6.2,0.0533,2016-05-06,"Anissh, Adithi Rao, Krishi Thapanda, Sumalatha, Rangayana Raghu","The film revolves around Akira, who is reminiscing his life, his trysts with love and how he turned out to be the responsible man that his businessman father he eventually wanted to be.",4.0
Hosa Jeevana,Kannada,"Action, Drama, Romance",0.0,0.0532,1990-07-27,"Shankar Nag, Deepika Chikhalia, Ramesh Bhat, Vaishali Kasaravalli, Sudheer","A ruthless ruffian sexually assaults an innocent woman, which traumatises her. However, with the help of that rape victim, he gets reformed into a better human being.",0.0
Shiva,Kannada,Drama,0.0,0.0531,2012-08-24,"Shivaraj Kumar, Ragini Dwivedi, Rangayana Raghu, Chi. Guru Dutt, Ravi Khale","Shiva and Julie join forces to defeat the men who killed his father. In order to accomplish their mission, they seek the help of a villain.",0.0
Gadibidi Aliya,Kannada,"Romance, Comedy, Action, Drama",0.0,0.053,1995-04-07,"Shivaraj Kumar, Malashri, Mohini, Jayamala, Srinath","When an arrogant young woman frames a poor canteen owner and gets him arrested, he decides to teach her a lesson.",0.0
Jimmy Gallu,Kannada,Drama,0.0,0.053,1982-09-20,"Vishnuvardhan, Sripriya, Lokesh, Prabhakar, K. S. Ashwath","After losing her parents in an accident at a young age, Sudha is adopted by her father's friend. She becomes a lawyer and takes up a special interest in a case that involves Jimmy, a do-gooder.",0.0
Server Somanna,Kannada,"Comedy, Drama",0.0,0.053,1993-01-08,"Jaggesh, Rambha, Abhijith, Pandari Bai, Shivaram","Somanna, an aspiring actor who works as a waiter gets a break in the film industry with the help of his friend. However, stardom takes away his happiness, forcing him to take a tough decision.",0.0
Cheluvina Chittara,Kannada,"Romance, Drama",0.0,0.053,2007-06-22,"Ganesh, Amulya, Komal Kumar","A young schoolgirl, Aishwarya, from a rich local don family falls in love and elopes with a small-time mechanic, Maadesha.",0.0
Tharle Nan Maklu,Kannada,"Romance, Comedy",0.0,0.0529,2016-01-15,Shuba Poonja,"Naganna and Venky, two aspiring actors, fall in love with two girls from the film industry. However, they struggle to find a balance between their professional and personal lives.",0.0
Bhaktha Kanakadasa,Kannada,Drama,8.0,0.0526,1960-12-02,"Dr. Rajkumar, K. S. Ashwath, Udaykumar, T. R. Narasimharaju, Krishna Kumari",,1.0
Kaada Beladingalu,Kannada,Drama,0.0,0.0526,2007-10-03,"Loknath, H. G. Dattatreya, Ananya Kasaravalli, M. P. Venkat Rao","While on an assignment,  journalist Sudheshne visits her village. Seeing everyone leaving for the city for work, she resolves to change their outlook.",0.0
Abhisaarike,Kannada,"Horror, Romance, Thriller",0.0,0.0526,2018-08-10,"Sonal Monteiro, Yash Shetty, Chandrakala Mohan, Rachana Dashrath","Abhi and Sarika are lovers who hope they will have their happily ever after. But, Sarika also has a lunatic stalker in the form of Sunil, who hopes on getting his 'Bangaru'. How does Sunil affect their lives?",0.0
Sevanthi Sevanthi,Kannada,"Drama, Romance",0.0,0.0525,2006-04-14,"Vijay Raghavendra, Divya Spandana, Mukhyamantri Chandru, Doddanna, Komal Kumar","Singer Devu attracts the attention of the lovely Sevanthi with his beautiful voice, but he misreads her appreciation as love and pursues her with purpose, only to see his world shatter when he learns she's engaged to married. The love-struck Devu then decides he will stop at nothing to prevent the wedding in this Kannada-language treat, featuring the songs ""Chellidaru Malligeya,"" ""Jaaji,"" ""Bhaggada Balegara,"" ""Mayadhanta"" and ""Namliyetanada.""",0.0
Shivamma,Kannada,Drama,0.0,0.0523,2022-10-08,"Sharanamma Chatti, Chennamma Abbegere, Shivu Abbegere, Shruthi Kondenahalli, Chennappa Hansi","Shivamma is an ardent sales rep for the energy drink Nuracle. The multilevel marketing method at Nuracle is her only belief and motivation for life. To Shivamma, living in a poor town on the outskirts of a city with her bed-ridden husband, a soon-to-be-married daughter, and brattish son, Nuracles worldviewI will do it!is a source of confidence and hope.",0.0
Sahasa Simha,Kannada,"Drama, Action, Crime",6.0,0.0523,1982-01-01,"Vishnuvardhan, Kaajal Kiran, Rajyalakshmi, Vajramuni, Dheerendra Gopal","Motion Picture starring Vishnuvardhan, Udaya Kumar and Rajyalakshmi",1.0
Bhanta,Kannada,Drama,8.0,0.0521,2008-09-13,"Adi Lokesh, Rupa Sri, Pavan Kumar N R","Bhantais a Kannada drama movie, directed by Vishal Shekar. The cast of Bhanta includes Adi Lokesh, Rupa Sri and Pavan Kumar N R.",1.0
Ramarajyadalli Rakshasaru,Kannada,Drama,0.0,0.0518,1990-04-19,"Anant Nag, Shankar Nag, Shashikumar, Sonika Gill, Gayathri","Surya, a newspaper editor, exposes the scams of a corrupt contractor who is later arrested by his brother, Chandra. Soon, the contractor seeks revenge against them.",0.0
Kshamisi Nimma Khaatheyalli Hanavilla,Kannada,"Romance, Comedy",1.0,0.0517,2022-04-25,"Diganth Manchale, Aindrita Ray, Ranjani Raghavan",,1.0
Alexander,Kannada,"Action, Drama",0.0,0.0517,1994-02-25,"Shashikumar, Sindhuja, Mukhyamantri Chandru, Keerthiraj, Sundar Raj",,0.0
Mruthyunjaya,Kannada,Drama,0.0,0.0511,1990-08-01,"Shivaraj Kumar, Malashri","Trouble ensues when Chandru and his brother, Sundaru, return to their native place and their envious aunt tries to fix Sundaru's marriage with her daughter to gain his wealth.",0.0
Mududida Tavare Aralithu,Kannada,"Drama, Family",0.0,0.051,1983-01-06,"Anant Nag, Lakshmi, K. S. Ashwath, Mukhyamantri Chandru, Leelavathi","Chandrashekar, a construction engineer, meets his uncle, who he considers to be responsible for his father's death. But, his uncle tries to prove his innocence and rebuild a healthy relationship.",0.0
Crazy Star,Kannada,Drama,0.0,0.051,2014-02-14,"V. Ravichandran, Priyanka Upendra",This story revolves around five men who coincidentally meet at a traffic junction. Soon their lives are turned topsy-turvy due to a tragic incident that takes place. What could it be?,0.0
Bhoolokadalli Yamaraja,Kannada,Drama,0.0,0.051,1979-06-07,"Lokesh, M. P. Shankar, Jai Jagadish, Mohan",Film directed by Siddalingaiah,0.0
Suprabhatha,Kannada,"Drama, Romance",0.0,0.0509,1988-01-01,"Vishnuvardhan, Suhasini Maniratnam, Srividya, Vijay Kashi","Vijay provides shelter to Hema, who has a dark past and pretends to be speech impaired, and her brother, Sundareshwar. But when Vijay discovers the truth, a lot of secrets are revealed.",0.0
Good Bye,Kannada,"Action, Drama",0.0,0.0509,2018-08-24,"Victory Vashu, Shobaraj, V. Ravichandran, Padma Jayanthi, Makali Parmesh",,0.0
Shankar Guru,Kannada,"Family, Drama, Romance",8.0,0.0507,1978-02-17,"Dr. Rajkumar, Jayamala, Kanchana, Padmapriya, Thoogudeepa Srinivas",Rajashekhar earns the enmity of his business partners when he opposes their illegal plans. Circumstances force him to run from the police and he is separated from his wife in the process.,2.0
Anthu Inthu Preethi Banthu,Kannada,"Romance, Drama, Comedy",0.0,0.0505,2008-08-15,"Aditya Babu, Divya Spandana, Harish Raju, Srinivasa Murthy, Loknath","Shivu falls in love with co-worker Preethi who only ignores and insults him. When Shivu goes to his friend's village to attend his wedding, he is shocked to see that the bride is Preethi.",0.0
Lankesh Pathrike,Kannada,"Action, Drama",0.0,0.0505,2003-05-16,"Darshan Thoogudeepa Srinivas, Vasundhara Das, Anant Nag, Aditi Gowitrikar, Devaraj","Preethi, a journalist, falls in love with Indra, her colleague. However, their relationship hits a roadblock when her father, a state chief minister, gets caught in a scandal.",0.0
Savarna Deergha Sandhi,Kannada,Drama,0.0,0.0505,2019-10-17,"Padmaja Rao, Aprameya Bharadwaj, H. G. Dattatreya, Ajit Hanumakkanavar, Niranjan Deshpande","Muddanna is the leader of a gang that indulges in 'positive rowdyism'. He is in love with Amruthavarshini, an aspiring singer. The film revolves around the gags and misadventures of Muddanna and his gang.",0.0
Adwaitha,Kannada,Drama,5.0,0.0505,2013-12-06,"Harshika Poonacha, Neenasam Ashwath, Ajai Rao",Adwaitha is a suspense thriller based on a writer who cheats death by telling stories.,1.0
Mr. Theertha,Kannada,"Action, Drama",0.0,0.0504,2010-06-25,"Sudeep, Saloni Aswani, Anant Nag, Geetha, Doddanna","Narayan, a mathematics teacher, wants his son Theertha to pursue a career in mathematics. But Theerta has a strong knowledge of automotive parts and wants to become a mechanic.",0.0
Lady Police,Kannada,"Drama, Action",0.0,0.0504,1995-04-27,"Malashri, Rajanand, Vinaya Prasad, Ramesh Bhat, Sudheer",This story is about a young and ferocious lady police officer who can handle and gang of hooligans single handedly. A suicide case of a young village girl is been handed over to her,0.0
Appaji,Kannada,"Action, Drama",0.0,0.0503,1996-01-04,"Vishnuvardhan, Aamani, Pankaj Dheer, Saranya Ponvannan, Doddanna","Rekha, who witnesses Sakthi killing her father, lies to the police to save him from getting arrested. Unbeknownst to everyone, she has hidden motives behind saving him.",0.0
Aptharakshaka,Kannada,"Horror, Drama",6.7,0.0502,2010-02-18,"Vishnuvardhan, Avinash, Bhavana Ramanna, Komal Kumar","The story starts off with an ancient painting of Nagavalli (Vimala Raman), distributed as a prize to bharathanatyam dancer Saraswathi (Lakshmi Gopalaswamy), her husband and her family. At the Engagement day of Gowri (Sandhya), one of her friends had fainted by encountering a huge thirty-feet Snake/Serpent, and the bridegroom/fianc had ran away from the family house fearing of something. All strange incidents happen as the family called for a snake charmer to the house, but the snake charmer had died when he attempted to make the serpent appear.",5.0
Tenant,Kannada,Drama,0.0,0.0499,2024-11-22,"Sonu Gowda, Rakesh Maiya, Dharma Keerthiraj, Tilak Shekar, Uggram Manju","In the midst of the pandemic, a story of love, friendship, and betrayal unfolds in unexpected ways. As secrets unravel, a deadly game of survival ensues. This gripping crime thriller explores the limits of trust in the most uncertain times.",0.0
Gharshane,Kannada,Drama,0.0,0.0499,2014-01-03,"Malashri, Ashish Vidhyarthi, Ayyappa P. Sharma, Roobika, Suchendra Prasad","Gharshane is a 2014 Indian Kannada language action thriller film directed by Dayal Padmanabhan, and is a remake of the 2011 Tamil film, Yuddham Sei. It stars Malashri, Ashish Vidyarthi and Ayyappa Sharma in the lead roles. The supporting cast features Roopika, Muni and Keerthiraj.",0.0
Kraurya,Kannada,Drama,0.0,0.0499,1995-12-29,"Renukamma Murgod, Master Vishwas, H. G. Dattatreya, T. V. Gurumurthy, Ashok Hegde","The story of Rangajji, a widow who loves to tell stories of fantasy to the children of her village. Rangajji's hardships start when her only son dies young mysteriously. Rangajji goes to live with a distant relative of hers, only to receive a cold welcome. Life goes on endlessly for Rangajji. She longs to tell stories to children, but her freedom is severely restricted",0.0
Ondalla Eradalla,Kannada,"Drama, Comedy",0.0,0.0498,2018-08-24,"Rohith Pandavpura, Sai Krishna Kudla, MK Mutt, Anand Neenasam, Prabhudeva Hosadurga","The story revolves around a seven year old boy named Sameera who looses his pet Banu. He goes alone in search of his pet to a town called 'Pete', along the way he meets many people from different sections of society. Innocence is the main theme of the movie, whether his innocence can reign over the selfishness of the people he meets on the way to recover his lost pet forms the main crux of the movie.",0.0
December-1,Kannada,Drama,0.0,0.0496,2014-04-25,"Niveditha, H. G. Dattatreya, Santosh Uppina","Chief Minister's officially organized visit is a great event, particularly to the poor family specially selected to host his dinner & overnight stay in its humble abode. The extra attention bestowed on the family, in preparation for this visit, gives it a feeling of elevated status and a brighter future.  The visit is a great success with a grand welcome, photo shoots, interaction with Press & local leaders, dinner and wide media coverage.  But the family is neglected, faces embarrassment and gets a raw deal driving it to despair.",0.0
Manmatha,Kannada,"Action, Drama, Romance, Comedy",0.0,0.0493,2007-08-03,"Jaggesh, Gurleen Chopra, Komal Kumar, Pooja Gandhi, Honnavalli Krishna","Putswamy wins Lakshmi's heart when he helps her regain her vision. Trouble ensues when Soorya develops an interest in Lakshmi, unaware that she has received his deceased love interest Priya's eyes.",0.0
Ee Preethi Yeke Bhoomi Melide,Kannada,Drama,0.0,0.0489,2007-12-28,"Mallika Sherawat, Prem, Rohini, Namratha, Sharan",,0.0
Dr. B. R. Ambedkar,Kannada,History,0.0,0.0486,2005-12-30,"Vishnukanth B. J., Bhavya, Tara, C. Ashwath, H. G. Dattatreya","Based on the life of Indian social reformer, jurist, academic-politician, B. R. Ambedkar. The film covers the period from his birth right up to his death.",0.0
Ko Ko,Kannada,Romance,0.0,0.0482,2012-01-13,"Srinagar Kitty, Priyamani, Srihari, Anu Prabhakar, Harshika Poonachha",,0.0
The Painter,Kannada,Thriller,0.0,0.0478,2020-08-14,"Basha, Venkat Bharadwaj, Narahari Dixit, Raj Kamal, Madhura","Set during the COVID-19 pandemic and filmed under lockdown condtions, this thriller follows a family attempting to deal with a possibly dangerous stranger in their home.",0.0
Pakkadmane Hudugi,Kannada,Comedy,0.0,0.0478,2004-08-20,"Raghavendra Rajkumar, Ranjitha, Anant Nag, Mohan Shankar, Karibasavaiah","Balu, a 26-year-old bachelor, falls in love with his neighbour's daughter, Indu. He decides to woo her with the help of his music composer friend, Chakravarthy.",0.0
Ayya,Kannada,Action,0.0,0.0478,2005-02-11,"Darshan Thoogudeepa Srinivas, Rakshita, Hema Chaudhary, Srinagar Kitty, Avinash","An upright police officer is up against a conniving group of criminals. To put them behind bars, he devises a series of unconventional methods to eliminate the criminal rings.",0.0
Anamadheya Ashok Kumar,Kannada,Drama,0.0,0.0478,2025-01-03,"Kishore, Harshil Koushik, Sudheendran Nair","While interviewing a retired senior lawyer at his house, investigative journalist Praveen Rajashekhar hears a commotion upstairs. Concerned, he rushes to check and is attacked by an intruder. In self-defense, he stabs the attacker and calls the police, only to find himself as the prime suspect. Is he a criminal, a witness, or a victim?",0.0
Super Ranga,Kannada,Drama,2.0,0.0478,2014-09-19,"Upendra, Kriti Kharbanda, Raghu Mukherjee","Super Ranga (Kannada:  ) is a 2014 Indian Kannada language action romance film directed by Sadhu Kokila and produced by K. Manju under the banner K Manju Cinemaas. It stars Upendra and Kriti Kharbanda in lead roles. The supporting cast features Priyanka Rao, Raghu Mukherjee, Doddanna, Rangayana Raghu, Bullet Prakash, and Sridhar. The film is a remake of the 2009 Telugu film, Kick.",1.0
Paris Pranaya,Kannada,Romance,0.0,0.0476,2003-04-18,"Raghu Mukherjee, Minal Patil, Rajesh, Sharath Lohitashwa, Tara","While studying music in France, a young woman falls in love and learns her uncle's boss wants to marry her.",0.0
Dhum,Kannada,"Action, Drama",0.0,0.0475,2002-09-27,"Sudeep, Rakshita, Nasaar, Srinath, Sumithra",The story follows a young man who becomes a target after inadvertently witnessing a crime. He then tries to protect the victim's sister from the criminals.,0.0
Jatta,Kannada,Drama,0.0,0.0474,2013-10-11,"Kishore, Sukrutha Wagle, Achyuth Kumar, Pavana, Prem","When forest guard Jatta's wife runs away with a tourist, he is not able to handle the loss and enslaves another woman in his forest home.",0.0
Guru Sarvabhouma Sri Raghavendra Karune,Kannada,Family,0.0,0.0468,1980-04-05,"B. Saroja Devi, Rajesh, Gangadhar, Jamuna",Guru Sarvabhowma Sri Raghavendra Karune is a wonderful devotional movie that speaks about the hardships a true devotee faces while he is being tested.,0.0
Arishadvarga,Kannada,"Crime, Mystery",5.0,0.0468,2019-06-23,"Avinash, Mahesh Bung, Sudha Belawadi, Anju Alva Naik, Samyukta Hornad","Arishadvarga is a character-driven neo-noir, about an aspiring actor who opens a Pandora's Box when he seeks out an anonymous client who rewards him with a surprise gift, ""A murder and a witness to his crime"".",2.0
Bhagya Jyothi,Kannada,Drama,0.0,0.0466,1975-08-11,"Vishnuvardhan, Bharathi Rao, Shubha, K. S. Ashwath, Leelavathi","Based on a novel by Mangala Satyan, this movie is a mirror to society's take on the caste system.",0.0
Poli Kitty,Kannada,"Comedy, Drama",0.0,0.0466,1990-05-18,"Ramesh Bhat, Avinash, Kashinath, Ilavarasi, Devaraj","Diffident Kitti works for an ad agency. His accidental wedding with Lakshmi remains unconsummated, and he gets implicated in the murder of an aspiring model. He now has to prove his innocence.",0.0
Shivarathri Mahathme,Kannada,Drama,7.0,0.0464,1964-02-03,"Dr. Rajkumar, Leelavathi, K. S. Ashwath, M Jayashree, T. R. Narasimharaju","Shivarathri Mahathme is a 1964 Indian Kannada-language film directed by P. R. Kaundinya. The film stars Rajkumar, Leelavathi and K. S. Ashwath. The movie was dubbed in Telugu in 1965 as Shivarathri Mahatyam.",1.0
Padmavyuha,Kannada,"Action, Drama",0.0,0.0462,1989-07-26,"Prabhakar, Mahalakshmi, Srinath, Murali, Ilavarasi","The plot revolves around an honest police officer, Amarnath, who faces a moral dilemma when forced to choose between his girlfriend and the country",0.0
King,Kannada,Drama,0.0,0.0462,1998-10-30,"Prabhakar, C. Arun Pandian, Rajashree, Vichitra, Anju Prabhakar","An old and ailing king decides to hand over the reins of the kingdom to his son. However, on the day of the coronation, several contenders appear and claim to be the rightful heir to the throne.",0.0
Chanda,Kannada,"Action, Romance",0.0,0.0462,2007-11-27,"Duniya Vijay, Shuba Poonja","Chanda is a Kannada action movie, directed by S.Narayan. The cast of Chanda includes Duniya Vijay,Shuba Poonja.",0.0
Ugadi,Kannada,Drama,0.0,0.0461,2007-07-06,"V. Ravichandran, Kamna Jethmalani, Jennifer Kotwal, Srikanth","Kaveri dies, leaving her child with her husband, Sanjay. He plans to meet Kaveri's family, who did not accept their marriage, hoping that they would accept him and their child.",0.0
Last Bus,Kannada,"Mystery, Horror",3.5,0.0461,2016-01-15,"Avinash Narsimharaju, Meghashree Bhagavatar, Manasa Joshi, Rajesh P.I., Deepa Gowda","6 passengers board the last bus, anxious to reach their destination. But fate has other plans for them. Shock, anxiety, deceit, anger, frustration, fear takes over this unexpected journey that twists and turns into a nightmare.",2.0
Nanna Devaru,Kannada,Drama,0.0,0.0457,1982-09-30,"Anant Nag, Prabhakar, K. S. Ashwath, Sujatha menon","Gopal, a young man who works in a bank, aspires to be an actor. He marries Radha, the daughter of a doctor, who despises people working in the film industry.",0.0
Navaratri,Kannada,"Horror, Drama, Comedy, Thriller",0.0,0.0456,2019-09-27,"Hridaya Avanthi, Karthik Muthuraman, Shiv Manju, Pranaya Murthy, Trivikram",Two cousins want to sell their ancestral property but little do they know that the place they are seeking to sell is haunted. The struggle of whether they will be able to sell the property or not forms the crux of the story.,0.0
8MM Bullet,Kannada,"Crime, Thriller",1.0,0.0456,2018-11-16,"Jaggesh, Adi Lokesh, Vasishta N. Simha, Rockline Venkatesh","8MM Bullet movie is a crime thriller movie written and directed by Harikrishna and jointly produced by Narayan Swamy, Infant Pradeep and Saleem Shah while Judah Sandy scored music for this movie.  Jaggesh playing for the time different role in this movie.",1.0
Manavaa 2022,Kannada,Drama,0.0,0.0454,1997-07-23,Devaraj,"In the year 2022, a group of scientists use a serum to resurrect a dead man which succeeds. They are overjoyed, that is until the man breaks free and goes on a murderous rampage.",0.0
Jodi,Kannada,"Romance, Drama",0.0,0.0453,2001-12-07,"Shivaraj Kumar, Jaggesh, Vaijayanthi, Mukhyamantri Chandru, Doddanna","When Vinod gets a random call from Shalini, he falls in love with her. The situation, however, turns interesting when Sunil, Shivu's best friend, too falls in love with Shalini.",0.0
Maha Yuddha,Kannada,"Action, Drama",0.0,0.0453,1989-04-17,"Shankar Nag, Mahalakshmi, Anjali, Vinod Kumar, Sundar Krishna Urs",A 1989 Kannada Action movie by Muralidhar Kaushik,0.0
Ganga Yamuna,Kannada,"Drama, Romance",0.0,0.0453,1997-04-04,"Shivaraj Kumar, Malashri, Ravinder Mann, Shobaraj, Mukhyamantri Chandru","Greed drives a married woman with children to force her husband into marrying a rich girl. As she enjoys her newfound wealth, she realises that her family finds comfort in the company of the new wife.",0.0
Kulla Agent 000,Kannada,"Adventure, Action, Comedy, Thriller",0.0,0.0453,1972-06-13,"Dwarakish, Jyothi Lakshmi, Udaykumar, Vajramuni, Shakti Prasad","Since Kulla has a short stature, he is considered to be unfit for becoming a secret agent. However, he gets ecstatic when the opportunity arises and he gets the chance to fulfil his dream.",0.0
Jaganmohini,Kannada,"Drama, Horror",0.0,0.0453,1951-07-09,"Pratima Devi, Harini, M Jayashree, M. S. Subbanna, U. Mahabala Rao",A seductress falls in love with a prince and tries to steal him from his fiance.,0.0
Naguvina Hoogala Mele,Kannada,"Romance, Comedy",0.0,0.0453,2024-02-09,"Abhishek Das, Sharanaya Shetty, Balarajwadi, Asha Sujay, Jyothi Marur","Tanu and Manu navigate the challenges of a five-year long-distance love story. As Tanu immerses herself in demanding medical studies, the innocent hearts grapple with separation, evolving dreams, and unexpected obstacles.",0.0
Chinna,Kannada,"Action, Drama",0.0,0.0451,1994-04-16,"V. Ravichandran, Yamuna, Pandari Bai, Puneet Issar, Master Anand",A police officer faces many difficulties when he learns that his ancestral property is occupied by gangsters and he attempts to get it back.,0.0
My Hero,Kannada,Drama,0.0,0.045,2024-08-30,"Djilali Rez-Kallah, Master Vedic Kushal, Ankita Amar, H. G. Dattatreya, Eric Roberts",,0.0
Rakshasa Tantra,Kannada,Horror,0.0,0.045,2024-03-22,"Megha Akshara, Sukesh Anand, Rashita Nagaraju, Rakshita Mallik, Tilak Kumar",Rakshasa Tantra is a story of a group of friends who come online on a video call to catch up and chat with each other. Soon they come across dangerous content on the dark web.,0.0
Janma Rahasya,Kannada,"Family, Drama",0.0,0.0445,1972-01-14,"Dr. Rajkumar, Bharathi Rao, K. S. Ashwath, Dinesh, Dwarakish","Kaveri, a poor woman, tries to commit suicide with her son but is caught. She is put behind bars and her son is brought up by a judge. Years later, he meets his mother again.",0.0
Anuroopa,Kannada,Drama,0.0,0.0441,1977-12-14,"Anant Nag, Aarathi, C. R. Simha, T. N. Seetharam, Manjula",A professor of sociology faces numerous challenges from a conventionally rigid social structure as he tries to bring about some changes for the betterment of the society.,0.0
Pavanaganga,Kannada,"Drama, Music",0.0,0.0441,1977-01-01,"Aarathi, T.N. Balakrishna, Ashok, B. V. Radha, Srinath",Film with music from S. Janaki and others.,0.0
Hamsageethe,Kannada,Drama,0.0,0.0441,1975-08-17,"Anant Nag, B.V. Karanth, G. V. Iyer",Hamsa Geethe is based on the real-life story of the 18th-century Carnatic musician Bhairavi Venkatasubbaiah.,0.0
Simhadriya Simha,Kannada,"Action, Drama",6.0,0.044,2002-06-07,Vishnuvardhan,"Narasimhe Gowda (Vishnuvardhan), head of 48 villages has high regards for his sincerity and wisdom in his judgements. After his untimely death, his elder son Gowda (Vishnuvardhan) takes his throne and passes a wrong judgement against his brother Chikka (Vishnuvardhan). What circumstances lead to this",1.0
Ombatthane Dikku,Kannada,Drama,0.0,0.044,2022-01-28,"Master Akhil, Ambuja, Ajith","Varadappa, a sawmill owner and rural don sends his trustworthy friend Vasudev to close a deal worth a lot of money with Loki, an associate of his in Bangalore. Vasudev's son Channakeshava finds out that his father has been missing since the deal. However, the bag that he carried has been making rounds in the city and Channakeshava decides to find his father with clues from the bag and help from Chintak, a local pickpocket.",0.0
Gokula,Kannada,"Family, Comedy, Drama",0.0,0.0439,2009-11-27,"Vijay Raghavendra, Yash, Pooja Gandhi, Nakshatra, Srinivasa Murthy","The film is about four orphans who unite and plan to make quick money to lead a lively life. They enter an elderly couple's home and try to loot the property by disguising themselves as the couple's children. As time passes, the situation becomes very emotional, and they grow very attached to the couple.",0.0
Thulasi,Kannada,Drama,0.0,0.0437,1976-07-13,"Kalyan Kumar, Jayanthi, Manjula, Srinath, Shivaram",1976 Indian Kannada film.,0.0
Padarasa,Kannada,"Drama, Action, Romance",0.0,0.0434,2018-08-10,"Sanchari Vijay, Vaishnavi Chandran Menon, Niranjan Deshpande, Aravind Rao, Ramesh Babu",,0.0
Care of Footpath,Kannada,"Drama, Family",0.0,0.0432,2006-11-24,"Kishan Shrikanth, Jayashree B.","An orphan slum boy who is adopted by an old lady who finds him on a footpath. She brings him to live with her in the slums. With his friends, he makes a living picking up selling rags. An encounter with some school going students, who call him an uneducated brute, changes the life of this slum boy. He takes up a personal challenge to attend school and get educated. The film depicts how this slum boy faces hardships in getting admission and attending schools and in fulfilling his dream to become educated.",0.0
Jessie,Kannada,"Drama, Romance",0.0,0.0432,2016-03-25,"Dhananjay, Parul Yadav, Raghu Mukherjee, Chikkanna, Sadhu Kokila","Jessie is a romantic love story of Jessie and Dr. Nandini. Jessie madly falls in love with Nandini and after a few days love blossoms, and she accepts Jessie`s love proposal. The twist in the tale is when Nandini gets to know that Jessie is a ghost!",0.0
Naandi,Kannada,"Drama, Romance",0.0,0.0431,1964-01-01,"Dr. Rajkumar, Kalpana, Udaykumar, T. N. Balakrishna, Harini",A married couple with hearing impairment undergoes highs and lows in their lives as they endeavour to survive in a society which is not very friendly to them,0.0
Chatrigalu Sir Chatrigalu,Kannada,Comedy,0.0,0.0431,2013-04-20,"S. Narayan, Mohan Shankar, Ramesh Aravind, Bullet Prakash, Mukhyamantri Chandru","Chatrigalu Sir Chatrigalu is a 2013 Kannada film directed by S. Narayan and produced by  S. Narayan. The film stars S. Narayan, Mohan Shankar, Ramesh Aravind and Bullet Prakash in lead roles. Music was composed by S. Narayan.",0.0
Gangster Alla Prankster,Kannada,"Comedy, Action, Drama",0.0,0.0429,2025-04-25,"Girish Kumar B, Tilak Shekar, Viranika Shetty, Honnavalli Krishna, Sangeetha","Arjun, an unemployed guy, starts a YouTube Channel named WEBMASTER and Pranks people, recording and uploading to YouTube. While pranking, he falls into his own trap.",0.0
Manthralaya Mahathme,Kannada,History,8.0,0.0429,1966-02-04,"Dr. Rajkumar, Jayanthi, Kalpana, Udaykumar","Mantralaya Mahatme is a 1966 Indian Kannada-language film directed by T. V. Singh Thakur, based on the book Sri Raghavendra Vijaya written by Rajaguru Rajacharya, and stars Rajkumar in the role of Raghavendra Swami, a Hindu saint who lived in the 17th century India",1.0
Ree Swalpa Bartheera,Kannada,"Comedy, Drama",0.0,0.0429,2003-09-03,"Shashikumar, Kausalya, Damini, Doddanna, Mukhyamantri Chandru",,0.0
Fig Fruit and The Wasps,Kannada,Drama,0.0,0.0429,2014-10-19,"Bhavani Prakash, Ranjit Bhaskaran, Manjunath Belakere, Achyuth Kumar, Ravi Phoenix","Gowri, a documentary filmmaker, travels with her cameraman Vittal to a remote village in search of a musical teacher for her project, which requires her to study how music is shaped by different locations. However the musician is nowhere to be found. The two are forced to wait for his return.",0.0
Yuddha Kaanda,Kannada,"Drama, Action",0.0,0.0427,1989-01-09,"V. Ravichandran, Poonam Dhillon, Bharathi Rao, Srinivasa Murthy, Devaraj","A content lower-middle-class family lives peacefully, teaching their kids through a song about facing life's challenges together and emerging victorious.",0.0
Dhairyam Sarvatra Sadhanam,Kannada,Drama,0.0,0.0427,2024-02-23,"Vivan Kolar Kesava, Anusha Rai, Ram Pavan Shet, Bala Rajwadi, Chakravatrhy Chandrachuda","To protect the existence of his father, Dravid decides to go against Matsya and Arya. Will he be successful?",0.0
Dore,Kannada,Drama,0.0,0.0423,1995-11-03,Shivaraj Kumar,"Dore falls in love with Munni, his landlord's daughter. When they decide to elope, Munni's father sends his goons to find them.",0.0
Suryakanthi,Kannada,"Thriller, Action",0.0,0.0421,2010-10-14,"Chetan Kumar, Regina Cassandra, Nasaar, Ganesh Yadav, Kishori Balal","Contract killer Rohit comes to Bangalore to kill a girl, but in a twist of fate, he is given charge of an industrialist""s business, and falls in love with his daughter",0.0
"#73, Shantinivasa",Kannada,Drama,6.0,0.042,2007-06-15,"Sudeep, Vishnu Vardhan Babu, Shivaraj Kumar, Ramesh Bhat, Vaishali Kasaravalli","When Raghu enters a dysfunctional family as a cook, he clears their misunderstandings and brings the members closer to each other. However, there is more to him than what he shows.",1.0
Monda,Kannada,Drama,0.0,0.0416,2004-04-01,"Sai Kumar, Pavitra Lokesh, Sharath Lohitashwa, Vinaya Prasad, Jayasudha",,0.0
Thandege Thakka Maga,Kannada,Drama,7.5,0.0416,2006-03-31,"Ambareesh, Upendra, Bank Janardhan",A 2006 Kannada film,1.0
Samayada Gombe,Kannada,"Drama, Family",0.0,0.0416,1984-01-01,"Dr. Rajkumar, Srinath, Roopa",The Plot summarizes the helplessness of a human being with relation to circumstances that surround him. This particular plot revolves around a boy who first runs away from his house only to end up in a child labor camp and then in prison. Later when he reunites with his sister he is unable to let her know that he is actually her long lost brother.,0.0
Shabarimale Swamy Ayyappa,Kannada,Drama,0.0,0.0414,1990-03-18,"Master Sanjay, Srinivasa Murthy, Sri Lalitha","The Classic Cinema on Lord Ayyapa Swamy born with Culmination of Lord Hari and Lord Hara. The childless king Rajasekhara Pandiyan finds an abandoned child in the forest and adopts him. The child grows up as a prince and is sent on a dangerous mission into the same forest.",0.0
Munduvareda Adhyaya,Kannada,"Crime, Thriller",0.0,0.0414,2021-03-18,"Aditya, Ajay Raj, Mukhyamantri Chandru, Jai Jagadish, Ashika Somashekar","ACP Bala lands up in the midst of a murder mystery that has a lot more than what meets the eye. With many characters and twists, he's got himself a case that keeps getting intriguing with every reveal.",0.0
Galate Aliyandru,Kannada,"Comedy, Romance",0.0,0.0413,2000-09-20,"Shivaraj Kumar, Sakshi Shivananda, S. Narayan, Mukhyamantri Chandru, Doddanna","A young man runs away from his house when his father asks him to get married to his friend's daughter. Later, unknowingly, he comes across the same girl and falls in love with her.",0.0
Chandavalliya Thota,Kannada,"Drama, Family",8.0,0.0413,1964-01-31,"Dr. Rajkumar, Jayanthi, Rajasree, T. N. Balakrishna, Udaykumar",The film won many laurels upon release including the National Film Award for Best Feature Film in Kannada for its Gandhian theme of dealing with the poverty in rural Indian villages.,1.0
Manikantana Mahime,Kannada,Drama,0.0,0.0409,1993-09-20,Vishnuvardhan,An ardent devotee of Lord Shabarimale Swamy Ayyappa narrates tales of various miracles performed by the Hindu deity where the Almighty tests the devotion of his followers.,0.0
Namo Bhoothathma 2,Kannada,"Horror, Comedy",0.0,0.0409,2023-08-04,"Komal Kumar, Lekha Chandra, Monika, Govinde Gowda, Mimicry Gopi",,0.0
Garuda,Kannada,Drama,0.0,0.0409,2022-05-20,"Raghu Dixit, Kamna Jethmalani","Garuda revolves around the efforts of Vikram, a man on a mission to capture an evil mastermind who destroyed his family and is also a threat to the country.",0.0
Rewind,Kannada,"Science Fiction, Thriller",0.0,0.0409,2021-04-16,"Thej, Chandana Raghavendra, Sampath Maitreya, Sundar Raj, Mandya Ravi","When a crime reporter's daughter goes missing and the police reach a dead end, he resorts to using lucid dreams to track her down with the help of his wife, a scientist.",0.0
Aa Drushya,Kannada,"Drama, Mystery, Thriller",0.0,0.0409,2019-11-08,"Achyuth Kumar, Chaithra J Achar, V. Ravichandran, Arjun Gowda, Chethan Vicky","Surya Tejas, a retired policeman, narrates the details of a case that he investigated years ago to a former colleague's son. In the process, he reveals what really happened on the day of the crime.",0.0
6-5=2,Kannada,"Mystery, Horror, Adventure",5.8,0.0409,2013-11-29,"Darshan Apoorva, Krishna Prakash, Pallavi, Tanuja, Mruthyunjaya",Six friends plan for a trek to an undisclosed mountain in the Western Ghats.,4.0
Super Star,Kannada,Drama,0.0,0.0409,2002-01-01,"Upendra, Keerthi Reddy",A 2002 Kannada film.,0.0
Devaru Kotta Thangi,Kannada,"Family, Drama",0.0,0.0409,1973-01-13,"Dr. Rajkumar, Jayanthi, Srinath, B. V. Radha, T. R. Narasimharaju",A brother and sister share an unusually strong bond that faces many ups and downs owing to the many challenges they face.,0.0
Krishna Nee Begane Baaro,Kannada,Drama,0.0,0.0409,1986-09-10,"Vishnuvardhan, Bhavya, Kim, Uma Shivakumar, Mukhyamantri Chandru",Film from India starring Kim and Vishnuvardhan,0.0
Bhakta Kumbara,Kannada,Drama,0.0,0.0409,1948-01-01,"Honnappa Bhagavathar, Lakshmi Bai, Vimalananda Das, Pandari Bai, Murarachar","Gora Kumbhar, a potter who turned into a saint who lived in the 13th and 14th century in Teredoki supposedly lost his child while curing the clay by his legs for making pots, because he did not notice his child fumbling under his feet as he immersed himself in chanting the name of God.  He was called Saint Gora Kumbara by the people of Maharastra and Karnataka.",0.0
Bodyguard,Kannada,"Action, Romance, Drama",0.0,0.0404,2011-11-04,"Jaggesh, Daisy Shah, Spoorthi Suresh, Chi. Guru Dutt, Bank Janardhan","Jayakrishna is assigned to protect Ammu, the daughter of Ashokanna. Ammu becomes the anonymous admirer of Jayakrishna and soon finds herself trapped in a dilemma which she is unable to resolve.",0.0
Neenello Nanalle,Kannada,Romance,0.0,0.0404,2006-07-08,"Aniruddh, Vishnuvardhan, Anant Nag, Chitra Shenoy","Santhosh comes from England to India with his mother to attend a wedding. However, he meets a village girl and instantly falls in love with her.",0.0
Johny Mera Naam Preethi Mera Kaam,Kannada,"Comedy, Drama, Romance",0.0,0.0404,2011-06-03,"Duniya Vijay, Divya Spandana, Rangayana Raghu, Sadhu Kokila, Achyuth Kumar","Johny, who attempts to solve the problems of the residents of his colony, kidnaps Priya by accident and falls for her. He tries to woo her but soon realises that she loves someone else.",0.0
Topiwaala,Kannada,Drama,7.0,0.0404,2013-03-15,"Upendra, Bhavana",A 2013 Kannada movie.,1.0
Nee Thanda Kanike,Kannada,"Romance, Drama",0.0,0.0398,1985-12-24,"Vishnuvardhan, Jayasudha, C. R. Simha, Girish Karnad, Mysore Lokesh","A young boy, who is never loved by his father, grows up to become a spoilt and alcoholic man. However, he turns his life around when he falls in love with a simple woman.",0.0
Raja Narasimha,Kannada,"Action, Drama",0.0,0.0398,2003-03-21,"Vishnuvardhan, Ramya Krishnan, Raasi, Annapoorna, Avinash","Though Mahalakshmi is about to get engaged to an NRI, she falls in love with Raja Narasimha, and the two plan on getting married. However, everything changes when Soundarya enters their lives.",0.0
Jwalamukhi,Kannada,Drama,0.0,0.0398,1985-01-01,"Dr. Rajkumar, Gayathri","It is a 1985 Indian Kannada-language film directed by Singeetham Srinivasa Rao.[1] The film featured Rajkumar, Gayathri, Thoogudeepa Srinivas, K. S. Ashwath and Mukhyamantri Chandru. The movie is based on a novel of the same name by Vijay Sasanur.",0.0
Nodi Swamy Ivanu Irode Heege,Kannada,Comedy,0.0,0.0398,2022-07-22,"Rishi, Dhanya Balakrishna, Nagabhushana N S, Greeshma Sridhar, Mahadev Prasad","Saikumar has broken up with his baby doll. Five years later, while he is doing well professionally, he still is not over it and is suffering from depression. What happens when he decides to kill himself?",0.0
Kollura Sri Mookambika,Kannada,"Family, History, Drama",0.0,0.0398,1993-01-01,"Sridhar, Bhavya, Vajramuni, Srijyothi, Srijyothi","Kollura Sri Mookambika (Kannada:   ) is a 1993 Indian Kannada mythological - devotional film, directed and produced by Renuka Sharma.[1] Chi. Udaya Shankar has written the story and screenplay and Pughalendi Mahadevan has scored the music. The film stars Sridhar, Bhavya and Vajramuni in the lead roles. The film is centered on the Goddess Mookambika.",0.0
Kapata Nataka Paatradhaari,Kannada,"Drama, Mystery, Thriller",1.0,0.0398,2019-11-08,"Balu Nagendra, Sangeetha Bhat, Jai Dev, Kari Subbu, Prakash Thuminad","Krishna, an auto driver, sets up a ruse to help his girlfriend, Rukmini, but both of them end up getting caught in it. Soon strange, ghostly things start happening around him. A story that is equal parts romance and horror, this movie will keep you on the edge of your seat.",1.0
Ravimama,Kannada,"Romance, Drama",0.0,0.0393,1999-03-19,"V. Ravichandran, Nagma, Hema Panchamukhi, Lokesh, Doddanna","Ravi, a young man, kills his brother-in-law after finding out that he had married his sister to take revenge on her for raising her voice against the village landlord.",0.0
Mussanjemaathu,Kannada,"Drama, Romance, Comedy",6.0,0.0393,2008-05-16,"Sudeep, Divya Spandana, Gangavathi Pranesh, Mandya Ramesh, Anu Prabhakar","Pradeep, a radio jockey hosts a popular programme ""Mussanjemaathu"" where he listens and offers solutions to people's problems, giving them solace. He is left on the spot when he can't find anyone to talk to about his problems.",2.0
Baang,Kannada,Drama,1.0,0.0389,2023-08-18,"Shanvi Shrivastava, Raghu Dixit, Saathvika Raj","Aarav, Bhushan and Sunil accidentally land in the hands of two deadly gangsters, Daddy and Leona. It becomes a race against time to finish an impossible task at the price of an innocent soul.",1.0
Director's Special,Kannada,Drama,0.0,0.0389,2013-05-31,"Dhananjay, Rangayana Raghu, Guruprasad, Pooja Gandhi, J Anoop Seelin",Director's Special is a 2013 Indian Kannada satire comedy film written and directed by Guruprasad. It stars a debutant Dhananjay along with Rangayana Raghu in the lead roles. Actress Pooja Gandhi made a special appearance in an item song. The storyline of the movie was also found in two more Kannada moviesDasavala and Karodpathi. It was also reported that the concept of all these films could be traced back to the 1996 Spanish language Brazilian film Familia (also known as Segredos em Familia) in which a lonely rich man hires actors to act as his family members on his birthday.,0.0
Onde Guri,Kannada,"Thriller, Action",0.0,0.0389,1983-03-09,"Vishnuvardhan, Prabhakar, Madhavi, Ramakrishna","Onde Guri is a 1983 Indian Kannada film, directed by H. R. Bhargava and produced by M P Shankar. The film stars Vishnuvardhan, M. P. Shankar, Ramakrishna and Madhavi in lead roles. The film had musical score by Rajan-Nagendra.",0.0
Khushi Khushiyagi,Kannada,Drama,0.0,0.0388,2014-11-18,Nandini Rai,"Khushi Khushiyagi is a 2015 Indian Kannada romantic comedy film directed by Yogi G. Raj, a former associate of directors Preetham Gubbi and Harsha, making his first attempt at the direction.",0.0
Thayiya Madilu,Kannada,Drama,0.0,0.0388,2007-01-11,"Shivaraj Kumar, Rakshita, Jayasudha",Thayiya Madilu is the Action-Drama movie.Nandakumar (Shivarajkumar) is in the search of his mother.Nanda comes to know about the existence of his mother in Mysore.The situation is so delicate that he is not supposed to reveal that he is the son to his father and mother.,0.0
Nammanna Don,Kannada,Comedy,0.0,0.0388,2012-02-16,"Ramesh Aravind, Raju Talikote, Achyuth Kumar, Rajendra Karanth, Umesh",,0.0
Jeevana Jyothi,Kannada,"Romance, Drama",0.0,0.0387,1987-08-10,"Vishnuvardhan, Ambika, Nalini, Srinivasa Murthy, Sridhar","Radha, a village girl, comes to the city in search of her brother Venkatesh Murthy. Soon, she meets a Samaritan, Ravi, who decides to help her find her brother.",0.0
Ade Raaga Ade Haadu,Kannada,Horror,0.0,0.0387,1989-06-26,"Shivaraj Kumar, Seema, Srinath, Thoogudeepa Srinivas, Shivakumar","Strange things happen when Chandru and Sangeetha decide to get married. To his horror, Chandru learns that they are being pursued and attacked by the ghost of Sangeetha's mother from her previous life.",0.0
Gejje Pooje,Kannada,Drama,7.0,0.0387,1969-01-01,"Kalpana, Leelavathi, Aarathi, Gangadhar","A young girl is brought up in poverty but understands the value of education, and with the support of her mother struggles to reject a life of prostitution.",1.0
Chronicles of Hari,Kannada,Drama,8.0,0.0387,2016-10-23,Shrunga Vasudevan,A Yakshagana actor who mainly does female roles is faced with his own sexuality and societies outlook.,1.0
Durga Shakthi,Kannada,"Drama, Horror",0.0,0.0387,1999-11-19,"Shruti, Devaraj, Tara, Charu Haasan, Durgashree","Jayakrishna realizes that he is being tormented by a ghost for his sins in his previous birth. With Goddess Durga's blessing, he tries to restore tranquility in his life.",0.0
Daasa,Kannada,"Action, Drama",0.0,0.0382,2003-11-21,"Darshan Thoogudeepa Srinivas, Amrutha, Satyajith, Avinash, Lohithaswa","A poor man, Mohan Das, who is close to his mother is shattered when he finds out that his mother is charged with murder. He decides to prove her innocence.",0.0
Allama,Kannada,Drama,0.0,0.0382,2017-07-20,"Dhananjay, Meghana Raj, Lakshmi Gopalaswamy, Sanchari Vijay, Suman Jadugar","Story of the rebellious thinker Allama, also known as Allama Prabhu.",0.0
Kanasembo Kudureyaneri,Kannada,Drama,0.0,0.0382,2010-12-10,"Vaijanath Biradar, Umashree, Akki Chennabasappa, Pavitra Lokesh","Irya, a gravedigger, believes that someone in the village dies every time he dreams of Siddhas. But things change when no death occurs despite him seeing an ascetic in his dreams. Based on anthology of short stories Savaari by Amaresh Nugadoni.",0.0
Lakshmi Mahalakshmi,Kannada,"Family, Drama",0.0,0.0379,1997-02-21,"Mukhyamantri Chandru, Chippy, Shashikumar, Abhijith, Padma Vasanthi","Chandrappa believes that his daughter, Lakshmi, brings good luck and his second daughter, Anita, brings bad luck. Lakshmi insults Anita for being poor but she vows to avenge her humiliation.",0.0
Jayamahal,Kannada,Horror,0.0,0.0379,2018-04-06,"Hriday Shiv, Shuba Poonja, Kausalya Shivasankaran, Kari Subbu, Neenasam Ashwath","A palace in Jayamahal is disowned by a rich family. Three generations later, the family returns back to their ancestral palace and soon experience some unexplainable activities.",0.0
Prema Geema Jane Do,Kannada,Drama,0.0,0.0379,2016-11-02,"Gowtham Ghatke, Pallavi Gowda, Sheetal Shetty, Ramesh Bhat, Mandeep Roy",Prema Geema Jaane Do is a soft romantic comedy. The movie is about the protagonist setting up a journey to a new place and meeting new people. Why he hates love and what is in his past forms the main crux of the story.,0.0
Alimayya,Kannada,"Family, Romance, Drama",0.0,0.0379,1993-03-12,"Arjun Sarja, Shruti, Lokesh, Silk Smitha, Kovai Sarala","Anand reluctantly agrees to marry Lakshmi. Just when the two are settling into happy matrimony, trouble erupts owing to differences between their parents.",0.0
Odahuttidavaru,Kannada,"Drama, Family",0.0,0.0377,1994-02-17,"Dr. Rajkumar, Ambareesh, Madhavi",Two brothers live in harmony until the younger brother's wife creates misunderstandings between the brothers.,0.0
Kushka,Kannada,Drama,0.0,0.0368,2021-02-26,"Chandu Gowda, Kailash Pal, Sanjana Anand, Shobaraj, Madhu Naag Gowda","A suspended cop and a mechanic are on the search for a quick buck, while a gang of drug traffickers and gangsters are willing to kill for a valuable stone.",0.0
...Re,Kannada,"Comedy, Drama",6.757,0.0364,2016-03-04,"Ramesh Aravind, Harshika Poonacha, Anant Nag",Re is a Kannada comedy drama starring Ramesh Aravind and Anant Nag. A rich man arrives at an old palatial house to find that his ancestors are cursed to an afterlife in the house. Now it becomes his responsibility to undo the curse.,72.0
Rhythm of Dammam,Kannada,Drama,0.0,0.0363,2024-12-15,"Chinmaya Siddi, Prashanth Siddi, Girija Siddi, Parasuram Siddi, Mohan Siddi",Twelve-year-old Jayaram Siddi is haunted by his late grandfather's spirit. He loses touch with reality. His family embraces tribal rituals and Dammam music to restore his balance and address inter-generational trauma.,0.0
Swamy,Kannada,"Action, Drama",0.0,0.0363,2005-09-30,"Darshan Thoogudeepa Srinivas, Gayatri Jayaraman, Avinash, Jai Jagadish, Rangayana Raghu","Swamy, a police officer, arrests Desai's son for illegal possession of weapons. Desai and Swamy lock horns after this incident.",0.0
Aliya Alla Magala Ganda,Kannada,Comedy,0.0,0.0363,1997-01-01,"Jaggesh, Udaya Bhanu, Kalyan Kumar, Pramila Joshai, Sundar Raj","Raja, an orphan, arrives at his maternal village to find a job. With the help of the village headman, he gets a job but gradually falls in love with the latter's daughter.",0.0
Havada Hoovu,Kannada,Drama,0.0,0.0363,1983-01-01,"Mohan, Rajyalakshmi, Dheerendra Gopal",Havada Hoovu is a 1983 Kannada film.,0.0
Maathaad Maathaadu Mallige,Kannada,Drama,5.7,0.0363,2007-08-24,"Vishnuvardhan, Suhasini Maniratnam, Sudeep, Niveditha, Rangayana Raghu","How a villager Hoovaiah, takes on an MNC and corrupt politicians who try to misguide villagers to acquire a village for mining?",5.0
Friends,Kannada,"Comedy, Drama",0.0,0.0362,2002-01-22,"Vasu, Shyam, Hari, Sharan, Master Anand",Five friends get curious about the opposite gender and decide to have physical relationship with women. They befriend a girl in the neighbourhood and try to get her consent to fulfil their wish.,0.0
Artha(Purpose),Kannada,Drama,0.0,0.0362,2003-12-30,"Rangayana Raghu, Vijay Sarathy, Kari Subbu, Arundhati Jatkar, Renukamma Murugodu","As the soul of the film is communal harmony Artha has been shot in an ancient fort of Gulbarga where people belonging to different communities are living in the same place. The very reason for choosing this location is to portray the past glory and the present fact on the same plane. Though the story of the film is based on a family of North Karnataka, Suresh has not used their local language to make it more generic as this can be story of any region he says.",0.0
Oh My Love,Kannada,"Drama, Romance",0.0,0.0362,2022-07-16,"Akshith Shashikumar, Jahnvika Kalakeri, Dev Gill, Sadhu Kokila","Prem and Preethi are in love but Prem always chooses his friends over her which lands him in a lot of trouble. When the time comes, will he choose love or friendship?",0.0
Manaroopa,Kannada,"Drama, Thriller",6.0,0.0362,2019-11-22,"Anusha Rao, Dileep Gowda, Nisha BR, Amogh Siddarth, Gaja Ninasam","This movie showcases a planned get-together of five youngsters as friends after some time since they parted their ways post college graduation. They presumed that union to bring innumerable memories of their past after each of them are already settled in their respective professions. To celebrate such floodgates of memories as friends and to turn a reunion into a more exciting one, they lead to the dense forests of the Western Ghats. They are excited that such a unique get-together would unwind their kinds of pasts college friends. Their trip is aimed at many angles. They preferred going to KaradiGuhe (Bear cave) instead to share the old memories through juxtaposing friendship, love, pranks and even hatred besides discussing each other's future plans as well.",1.0
Aasegobba Meesegobba,Kannada,"Comedy, Drama, Romance",5.0,0.0362,1990-03-01,"Shivaraj Kumar, Lokesh, Sudharani, Shruti, Raghavendra Rajkumar","A young man lands a job by making his employer believe that he is a man of traditional values. However, when suspected of lying, he makes up a false story about having an ill-mannered twin.",1.0
Gandana Mane,Kannada,Drama,0.0,0.0362,2007-08-24,"Shivaraj Kumar, Gowri Munjal",Gandana Mane is a 2007 Kannada film directed by S Mahender and produced by R S Gowda. The film stars Shivaraj Kumar and Gowri Munjal in lead roles. Music was composed by V Manohar.,0.0
Love Is Poison,Kannada,Drama,0.0,0.0361,2014-06-20,"Poonam Pandey, Nagamagala Jayaram, Shruti Raj, Sadhu Kokila, Bullet Prakash",,0.0
Idu Entha Lokavayya,Kannada,"Drama, Comedy, Family",0.0,0.0361,2024-08-09,"Sithesh C Govind, Mime  Ramdas, Deepak Rai Panaje, Prakash Tuminadu, Mangesh Bhat","The film IEL is essentially a social commentary, with a generous serving of humour. However, certainly not slapstick but the kind of humour the viewer has to derive himself with its own set of idiosyncrasies. My attempt is to represent serious topics in the garb of comedy, which makes them more digestible""",0.0
Aithalakkadi,Kannada,Comedy,0.0,0.0361,2010-06-04,"Rangayana Raghu, Bullet Prakash, Neetu, Shivaraj Kumar, Sudeep",Aithalakkadi is the comedy movie. Rangayana Raghu is playing the role of a director with Bullet Prakash as assistant to him. Neethu as flower seller always dreaming about crazy star V.Ravichandran. Rangayana Raghu role would look at the some of the unique nature of directors but not harm anyone.This is about one of the mad fellow who wants to become a director of a cinema.,0.0
Patela,Kannada,"Comedy, Drama",0.0,0.0357,1999-11-01,"Jaggesh, Payal Malhotra, Lokesh, Jayanthi, Tennis Krishna",,0.0
Megha Banthu Megha,Kannada,"Romance, Drama",0.0,0.0357,1998-01-09,"Ramesh Aravind, Chippy, Archana, Doddanna, K M Rathnakar","Chandrashekhar, a widower, takes up the responsibility of getting Shankar and Veena married. However, when he and Veena get locked in a room on her wedding day, Shankar leaves her.",0.0
Garuda Dhwaja,Kannada,"Action, Drama",0.0,0.0357,1991-05-17,"Ambareesh, Anupama, Ramesh Aravind, Avinash, Shobha","When an honest policeman's rivals brutally murder his informants and his sister, he decides to take the law into his own hands to seek justice for them.",0.0
Parameshi Prema Prasanga,Kannada,Drama,0.0,0.0357,1985-01-01,"Ramesh Bhat, Arundathi Nag, Anant Nag, Shankar Nag, Manjunath","Parameshi, a simpleton, is happily married to Ramamani and has a son, Paapu. However, his life turns upside down when he accepts a bet from his office peon and goes out with another woman.",0.0
Birugaali,Kannada,"Action, Drama",0.0,0.0357,2009-02-06,"Chetan Kumar, Kishore, Tara, Kuri Prathap","Hacchi is an orphan who lives in a slum and works for a gangster. Trouble ensues when he tries to change himself for the woman he loves, while his employer's daughter also falls in love with him.",0.0
Antharangada Mrudunga,Kannada,"Drama, Romance",0.0,0.0357,1991-04-24,"Mahalakshmi, Ramakrishna, Sridhar, Gayathri, Sundar Krishna Urs","A middle-class boy gets married to a simple girl, and the newlyweds lead a happy life. However, their dreams are shattered after she gets gang-raped.",0.0
Bellary Naga,Kannada,Drama,0.0,0.0357,2009-10-09,Vishnuvardhan,"Naga lives with his stepfather, Vishwanath Gowda, and his half-siblings. His life takes a turn when his stepfather makes Naga in charge of his estate, which enrages his half-brother.",0.0
Varnamaya,Kannada,"Horror, Mystery, Thriller",4.0,0.0357,2018-11-23,"Attavara Aradhya, Harish Kundur, Gowda Martesh, Jagadish Mk, Raj",A renowned artist's life descends into chaos when he is haunted by the spirit of an unknown girl.,2.0
Muddina Maava,Kannada,"Family, Drama",0.0,0.0357,1993-01-01,"Shashikumar, Shruti, S. P. Balasubramaniam, Tara, Doddanna","Vijay, a village chairman, marries a poor girl, Lakshmi, against his family's wish. Vijay's brother-in-law is enraged for not marrying his daughter and devises a plan to defame him.",0.0
Midida Hrudayagalu,Kannada,Drama,0.0,0.0357,1993-01-01,Ambareesh,A 1993 Kannada film. Remake of the 1982 Tamil film Enkeyo Ketta Kural.,0.0
Kal Manja,Kannada,Comedy,0.0,0.0357,2011-02-04,"Ramesh Bhat, Guruprasad, Komal Kumar, Michael Madhu, Thriller Manju",,0.0
Sidlingu,Kannada,"Comedy, Drama",8.0,0.0357,2012-01-13,"Yogesh, Divya Spandana","Yogesh nurses a childhood dream of owning a car. This desperation makes him befriend anyone who owns a personal car. Hitching rides at ease he strengthens his obsession to own a car. Finally, he comes in contact with Mangala, a school teacher.",1.0
Apoorva Sangama,Kannada,Drama,0.0,0.0356,1984-01-01,"Dr. Rajkumar, Shankar Nag, Ambika","1984 Indian Kannada film starring Rajkumar, Shankar Nag and Ambika.",0.0
Ellara Mane Dosenu,Kannada,"Family, Drama",0.0,0.0352,2001-03-30,"Ramkumar, Shruti, Mohan Shankar, Bhavana Ramanna, Kashi",,0.0
Shackles of Sky,Kannada,Drama,0.0,0.0352,2024-11-07,"Sandhya Arakere, Shivaprasad K V Konan","In bustling Bengaluru, rural couple Neela and Shanmuka face financial pressures and the emotional weight of past abortions. Shanmukas reluctance to have children clashes with Neelas secret. As Neela struggles with the emotional burden of hiding her pregnancy, she must find the strength to assert her autonomy and secure her unborn childs future.",0.0
Golmaal,Kannada,Comedy,0.0,0.0352,2012-10-26,"Vijay Raghavendra, Shuba Poonja","Golmaal is a 2012 Indian Kannada-language comedy film directed by Pramod Chakravarthy, starring Vijay Raghavendra and Shubha Poonja",0.0
Benki,Kannada,Action,0.0,0.0347,2022-07-15,"Anissh, Sampada Hulivana, Achyuth Kumar, Uggram Manju, Sruthi Patil","Benki, is a fiery villager, loved by everyone, has a younger sister, Seetha, who means the world to him.When Benki tries to marry off his sister, who passes away under mysterious circumstances. Benki tries to unravel the truth behind her sister's death",0.0
Www.Bhaya.Com (  ),Kannada,"Horror, Drama",0.0,0.0343,2009-12-11,"Santhosh, Madhusagar, Vikram Soori, Sunitha Shetty, Shankar Ashwath",,
Naanu Nanna Hendtheeru,Kannada,"Romance, Comedy, Drama",0.0,0.0338,1999-04-30,"V. Ravichandran, Soundarya, Prema, Doddanna, Kashi","Ram is married to Sita, who is unable to have any children. When his father asks him to marry another woman for a child, he decides to marry Manisha.",0.0
Mathru Bhagya,Kannada,"Action, Drama",0.0,0.0338,1991-11-20,"Prabhakar, Mahalakshmi, Devaraj, Vanitha Vasu, Kaminidharan","The film is described as a family drama with action elements and strong emotional content, typical of Tiger Prabhakar's action-oriented films.",0.0
Maryade Prashne,Kannada,Family,6.0,0.0338,2024-11-22,"Rakesh Adiga, Sunil Raoh, Teju Belawadi, Prabhu Mundkur, Poornachandra Mysuru","Maryade Prashne is a compelling slice-of-life story set in the lower-middle-class neighbourhood of Chamrajpete in Bengaluru. The film centres on three close friends, Suri, Manja, and Sathish, whose lives are tragically altered during what should have been a joyful birthday celebration. As they navigate the challenges of their daily struggles, the movie delves deep into themes of friendship, loyalty, and the pursuit of justice for a loved one.",1.0
Rathasapthami,Kannada,"Family, Drama",0.0,0.0338,1986-12-12,"Shivaraj Kumar, Asha Rani, Doddanna, Kanchana, Srinath","An affluent man disapproves of his daughter's relationship with a poor aspiring singer. However, her life changes when the boy meets with an accident.  The movie is based on a novel of the same name written by Vidyullatha Sasanoor. This was the second movie of Shivarajkumar as a lead hero and is the second of the first three movies of his which completed a silver jubilee theatrical run. The core plot of the movie was later used Kaho Na Pyaar Hai which was Hrithik Roshans debut as a lead hero.  The movie was later remade in Tamil language by P Vasu titled as Love Birds that starred Prabhu Deva and Nagma.",0.0
Jeeva,Kannada,"Drama, Romance",0.0,0.0338,2009-11-27,"Ruthuva, Prajwal Devaraj, Rangayana Raghu, Shraddha Sharma, Kishore","The Films Unfolds The Story Of Brat Young Man In The College, He Falls In Love With Priya. After Transformation He Decides To Marry Priya But, The Story Takes A Twist When He Gets To Know That He Is Suffering From Cancer Is The Tagline Of The Story.",0.0
Jambada Hudugi,Kannada,Drama,0.0,0.0338,2007-06-15,"Yash, Priya Hassan","This movie follows Priya, a mischievous yet kind-hearted doctor, as she navigates life with a non-committal boyfriend and his family.",0.0
Kannadakkaagi Ondannu Otti,Kannada,"Drama, Thriller",0.0,0.0338,2018-07-06,"Chikkanna, H. G. Dattatreya, Suchendra Prasad, Rangayana Raghu, Krishi Thapanda","Avinash, a young journalist, meets his friend after many years and they set out on a journey. However, little do they know that the trip will change their lives forever.",0.0
Chow Chow Bath,Kannada,"Romance, Comedy",0.0,0.0338,2024-03-15,"Aruna Balaraj, Sagar Gowda, Sushmitha Bhat, Dhanush SB, Sankalp Sharma","Six people are at various stages of life: Sachin proposes to Saanvi, but she is skeptical because her elder sister is unmarried. Shashi sees the love of his life when he is at the Railway station to pick his mother up. Sathya, up to no good at a medical camp, falls in love with a girl he meets there.",0.0
Chaali Polilu,Kannada,Drama,0.0,0.0338,2014-10-30,"Padmaja Rao, Aravind Bolar, Devadas Kapikad, Arjun Kapikad, Naveen D. Padil","It tells the story of three best friends named Pandu, Damu and Manju. All three of them are up to no good as they never showed interest in studies, and are now jobless. In order to make a living, they try different things but end up in a big problem. Will they be able to manage their way out of this situation?",0.0
Mangalavara Rajaadina,Kannada,Drama,0.0,0.0338,2021-02-05,"Chandan Achar, Gopalkrishna Deshpande, M.S. Jahangeer, Lasya Nagaraj","Kumara is a barber, who works with his father and runs a shop. Their lower middle-class existence is filled with loans and ideals. But Kumara has a lofty dream to style Kichcha Sudeep's hair.",0.0
Nenapirali,Kannada,Drama,0.0,0.0338,2005-12-02,"Prem Kumar, Vidhya Venkatesh, Vijayalakshmi Singh, Jai Jagadish, Naveen Krishna","Kishore helps his friend Ekanth to woo the girl he loves, Indu, whereas Indu's sister falls in love with Kishore. However, when Ekanth marries Indu, an unfortunate incident tears them apart.",0.0
Shadow,Kannada,"Mystery, Action",0.0,0.0338,2021-02-05,"Vinod Prabhakar, Shobhita Rana, Sharath Lohitashwa, Khiladi Lokesh, Sravan Raghavendra","A man registers a complaint in the police station claiming that his shadow is missing. As the police begin working on the baffling case, he drops a hint on an accident that could have been a murder.",0.0
Ramarajya,Kannada,Drama,0.0,0.0338,2018-08-10,"Swathi Konde, Ashwini Gowda, Eknath Prem, Hemath, Karthik","Ramarajya follows how Gandhiji had envisioned of ruling India as one country as per the principles of Ramarajya, which was laid out by Lord Rama and had a vision of an unbiased nation where everyone was equal.",0.0
Jayammana Maga,Kannada,"Horror, Action, Thriller",0.0,0.0338,2013-08-15,"Duniya Vijay, Rangayana Raghu, Honnavalli Krishna",A mother and a son struggle with their relationship and with paranormal activity. The film is set in the village backdrop and speaks of a mother-son relationship which is falling apart. The film also deals with paranormal issues.,0.0
Gahana,Kannada,"Drama, Thriller",0.0,0.0338,2019-02-15,"Adithya Shetty, Sharanya Gowda, Inchara Bheemaiah, Subhash Chandra","A thriller film directed by Preith Hassan, starring Adithya Shetty and Sharanya Gowda in the lead roles.",0.0
Savaari 2,Kannada,Drama,0.0,0.0338,2014-01-01,Sruthi Hariharan,Sequel to the 2009 Indian film with Srinagar Kitty reprising his role but with an otherwise new cast,0.0
Thavarumane Udugore,Kannada,"Family, Drama",0.0,0.0336,1991-04-26,"Malashri, Sridhar, Sunil, Rajesh, Srinath","The film revolves around the theme of a woman's life in her in-laws' house, highlighting the challenges and adjustments she faces.",0.0
Preethsu Thappenilla,Kannada,Drama,0.0,0.0336,2000-05-12,"K.S. Ashwath, Srinivasa Murthy, Chitra Shenoy, V. Ravichandran, Mandya Ramesh","A happy-go-lucky man falls head over heels in love with a girl at first sight. By a twist of fate, they become victims of a tragic incident, which takes their relationship to the next level.",0.0
Rangappa Hogbittana,Kannada,Drama,0.0,0.0331,2011-02-10,"Ramesh Aravind, Sanjjanaa Galrani","Rangappa Hogbitna movie is all about a dying old man, who refuses to die, but a bunch of selfish relatives and his son caught in the mess. In short, it is a simple no-frills fun movie.",0.0
Jungle Mangal,Kannada,"Adventure, Thriller",0.0,0.0327,2025-07-04,"Yash Shetty, Harshita Ramachandra, Uggram Manju, Deepak Rai Panaje, Bala Rajwadi","A young couple's hangout at a remote location goes haywire when they are discovered by a group of villagers and an unlikely antagonist. Now, only a miracle can help them escape.",0.0
Nagadevathe,Kannada,Drama,0.0,0.0327,2000-01-28,"Prema, Soundarya","Naganna, a devotee of the Snake goddess, vows celibacy in her honour only to be seduced by a dancer. Soon, he is found dead because of a snake bite which leads to his brother's hatred for the goddess.",0.0
Hide And Seek,Kannada,Action,2.0,0.0327,2024-03-15,"Rajesh Nataranga, Dhanya Ramkumar, Krishna Hebbale, Mythri Jaggi, Bala Rajwadi","A police officer is on a trail to hunt an elusive Ghost Leader indulged in trafficking.When an order for a wealthy businessman's daughters is given, the hero takes the job, but it leads to unexpected twists and turns.",1.0
Josh,Kannada,"Comedy, Drama",0.0,0.0327,2009-04-10,"Rakesh Adiga, Sharan, Nithya Menen, Poorna","Rockey, the son of a middle-class couple, falls in love with Meena and ignores his studies. While his friends pass with flying colors, Rockey is love-struck. When he comes to know he cannot win over Meena, he falls in love with Meera who also rejects him. Aside from Rockey's path, ""Josh"" also follows Robo Meena, Meera, and Sneha's path who struggle with their studies. In this coming-of-age story, the decisions each student takes will drastically impact who they become by the end of the film.",0.0
Red Sun,Kannada,Drama,0.0,0.0327,1990-03-06,"Ambareesh, M. P. Shankar, Suman Ranganathan, Sudheer","Triveni, an author has chosen the name of her next novel - Kempu Surya. One day, she receives a letter from her sister, after which a thug in a red trench coat breaks into her house and ransacks it, looking for a map. Later, Triveni receives a call from her sister, pleading her to bring the map in her letter to a remote hilly wilderness region.",0.0
Sowbhagya Devathe,Kannada,Drama,0.0,0.0327,1996-01-24,"Shruti, Rajesh, Sridhar, Vinaya Prasad, Sai Kumar",,0.0
Hrudaya Hadithu,Kannada,Drama,0.0,0.0327,1991-01-01,"Ambareesh, Bhavya, Malashri, K. S. Ashwath, Sundar Krishna Urs","A Kannada romantic drama film directed by M. S. Rajashekar and produced by S. A. Srinivas & B. P. Somu. The story is influenced by the novel Himada Hoovu written by Vamshi. The film features Ambareesh, Bhavya and Malashri in the lead roles. The film was widely appreciated for its songs and lead actors performances upon release. Malashri won a Filmfare Award for her portrayal as a heart patient in the film.",0.0
Naanu Avanalla... Avalu,Kannada,Drama,4.2,0.0327,2015-09-25,"Sanchari Vijay, Kunal Punekar","Young Maadesha has always felt like a woman from inside. While his small town parents dream of him being the 'man of the house', Maadesha instead follows his heart and becomes a woman, Vidya.",2.0
Ondu Premada Kathe,Kannada,Drama,0.0,0.0327,1977-09-01,Rajinikanth,A 1977 Kannada film.,0.0
Benki Birugali,Kannada,Drama,0.0,0.0327,1984-01-01,"Vishnuvardhan, Shankar Nag, Jayanthi, Jayamala","Friends Vishnu and Shankar, who are fascinated by the same girl, try to outsmart each other. They turn rivals when Shankar brands Vishnu with theft and sends him to jail.",0.0
Nanda,Kannada,Action,0.0,0.0327,2009-01-22,"Shivaraj Kumar, Sandhya, Maheen, Rangayana Raghu, Vanitha Vasu","Nanda (Shivarajkumar) owns a canteen in the college and given his age and maturity, he is referred to as senior by all the students and they take his advise on various issues. In all this, there is one girl who goes by the name of Kavya (Sandhya) who is in love with him since Nanda helps in getting her sister married.Nanda falls in love with Kavya but as fate would have it, he tends to fall on the wrong books of Kavya",0.0
Maathina Malla,Kannada,"Comedy, Drama",0.0,0.0311,1998-07-09,"Jaggesh, Vijayalakshmi, Charulatha, Swarna, Vanishree","Krishna is falsely accused of murdering Alisha, a singer. When her sister, Monisha, falls for the lie and tries to kill him, he must protect his life and prove his innocence.",0.0
Shivanna,Kannada,"Drama, Comedy",0.0,0.0311,1993-05-20,"Jaggesh, Vani, Chiranjeevi, Ashalatha, Sundar Krishna Urs","After the death of his father, Shivanna shoulders the responsibility of his family. However, to keep his properties safe, he must fight against his evil relatives.",0.0
Bhagavan Sri Saibaba,Kannada,Drama,0.0,0.0311,1993-08-30,"Om Saiprakash, Shashikumar, Sudharani, Tara, Srinath","The movie portrays Sai Baba as a child abandoned by his Hindu parents and raised by a Muslim couple, who later returns to Shirdi, preaches communal harmony, and performs miracles. The film also depicts the transition from Shirdi Sai Baba to Sathya Sai Baba, considered his reincarnation.",0.0
Mojugara Sogasugara,Kannada,"Action, Comedy, Drama",0.0,0.0311,1995-03-03,"Vishnuvardhan, Sonakshi, Shruti, Jayanthi, Lokesh",,0.0
Sardara,Kannada,"Action, Drama",0.0,0.0311,2004-12-03,"Darshan Thoogudeepa Srinivas, Gurleen Chopra, Srinivasa Murthy, Padma Vasanthi, Loknath","An abandoned child is raised by a rich landlord after a priest finds him. Years later, he falls in love with his benefactor's daughter, which creates problems as he is against their union.",0.0
Haage Summane,Kannada,Drama,0.0,0.0311,2008-12-26,"Kiran Srinivas, Suhasi Dhami, Pooja Gandhi, Sarath Babu","The story revolves around Preetham, who falls in love with Khushi, after reading her diary. However, he soon gets shocked to know that the diary is not hers. How will Preetham deal with this confusion?",0.0
Halunda Tavaru,Kannada,Drama,0.0,0.0311,1994-01-01,Vishnuvardhan,A couple has to deal with the fact that they are not rich anymore and have to find inner strength to stick by each other's side in their times of trouble.,0.0
Nanendu Nimmavane,Kannada,Drama,0.0,0.0311,1993-05-19,Vishnuvardhan,,0.0
Bedi Bandavalu,Kannada,Drama,0.0,0.0311,1968-05-21,"Kalyan Kumar, Dwarakish, Chandrakala",Kannada film inspired by Charlotte Bront's Jane Eyre,0.0
Tootu Madike,Kannada,Drama,0.0,0.0311,2022-07-08,"Pramod Shetty, Chandra Keerthi M, Paavana Gowda, Girish Shivanna, Uggram Manju","When greed takes over the minds of people in the slum, the stolen antique figurine, linked to Indian Mythology, comes to spotlight. What will happen next?",0.0
Dear Bhargava,Kannada,Drama,0.0,0.0311,2021-05-16,"Mahesh Bung, Aruna Balaraj, Sunder Veena","It is the story of a gay son who due to the obligations of social stigma decides to move out of the country and disconnects himself from a family with the fear of disapproval of his sexuality. When he comes back home due to his fathers demise, post rituals, he finds a letter in his fathers closet addressed to him. The letter unfolds the narrative of the fathers love and an explanation towards the odds of their relationship & unpleasant memories in the past.",0.0
Gedda Maga,Kannada,"Action, Drama",10.0,0.0311,1983-03-14,"Shankar Nag, Aarathi, Madhavi, Silk Smitha, Dwarakish","Basappa, a notorious gangster, kills an incorruptible police officer, Alex Muthanna. His sons, Arun and John, try to avenge their father's death.",1.0
Story Kathe,Kannada,Drama,0.0,0.0311,2013-05-24,"Prathap Narayan, Tilak Shekar, Parvatii Nair, Neha Patel","Story Kathe movie is based on the two men Veera(Thilak) and Rajeev(Pratap Narayan)and how their fates cross each other, lives intersect and inner worlds ...",0.0
Elu Suttina Kote,Kannada,"Crime, Drama",0.0,0.0306,1987-01-01,"Ambareesh, Gouthami, Ramesh Aravind, Sundar Krishna Urs, Devaraj","A professor is fired from the college he works at, due to his obsessive pursuit of freedom as related to crime. He soon plans the murder of a village landlord to steal his valuables. Based on Crime and Punishment, by Fyodor Dostoevsky.",0.0
Tarka,Kannada,"Thriller, Romance",0.0,0.0306,1989-01-01,"Shankar Nag, Vanitha Vasu, Devaraj, Avinash, Tennis Krishna",Akshay escapes from prison and hides in Sudha's house where he finds a dead body. Sudha confesses that she killed her husband and later narrates a story explaining the reason behind her crime.,0.0
Spooky College,Kannada,"Horror, Comedy, Thriller",0.0,0.0297,2023-01-06,"Kushee Ravi, Vivek Simha",A young man has a puzzle to solve in a 103-year-old British Architectural Building,0.0
Simha Gharjane,Kannada,"Action, Drama",0.0,0.0289,1983-12-27,"Vishnuvardhan, Vijayashanti, Urvashi, Kalyan Kumar, Jai Jagadish","Jaysimha, a lawyer, is in love with Radha, the daughter of a corrupt policeman. The policeman asks Jaysimha to drop a crucial case, but he ignores this request and ends up inviting trouble.",0.0
Navelru... Half Boiled,Kannada,Drama,0.0,0.0289,2019-12-06,"Devadas Kapikad, Sunil Kumar, Tabla Nani, Matangi Prasanna","Ranga, Krishna, Sidda, and Manja, four unambitious and exuberant bachelors embark on a road trip but discover an unexpected treasure that changes their fortune but it costs them a hefty price.",0.0
Venkata In Sankata,Kannada,Comedy,0.0,0.0289,2009-02-19,"Ramesh Aravind, Sharmiela Mandre, Meghana Mudhiyan","Venkata In Sankata is a 2009 Kannada film directed by Ramesh Aravind and produced by Naren Manglani, Prakash Amarnani and Ashok Mittal. The film stars Ramesh Aravind, Sharmila Mandre and Meghana Mudhiyan in lead roles. Music was composed by Ricky Kej.",0.0
Naga Kanye,Kannada,"Action, Romance, Drama",0.0,0.0286,1975-08-07,"Vishnuvardhan, Bhavani, Rajasree, Halam, Prameela","Movie starring Vishnuvardhan, Bhavani and directed by S V Rajendra Singh Babu.",0.0
Jaga Mechida Huduga,Kannada,Drama,0.0,0.0286,1993-12-03,"Shivaraj Kumar, Srinath, Roopa Sri, Lakshmi","Bhavani, though rich, leads a simple life. She meets Shivu, an orphan boy, and is pleased with his simplicity but her own son is furious at this and plans revenge on Shivu.",0.0
Africadalli Sheela,Kannada,"Adventure, Action",0.0,0.0286,1986-12-18,"Sahila Chaddha, Charan Raj, Ranjeeta Kaur, Srinivasa Murthy, Dwarakish","After her parents are killed, Sheela, a young girl, is raised in a jungle by animals. However, as she grows up, she comes across a young man and falls in love with him.",0.0
Jameendarru,Kannada,"Action, Drama, Family",0.0,0.0286,2002-04-03,"Vishnuvardhan, Prema, Raasi, Srinivasa Murthy, Anu Prabhakar",The daughter of a rich businessman falls in love with a man she presumes is a landlord. Things change when she learns his true identity.,0.0
Parva,Kannada,"Music, Drama, Romance",0.0,0.0286,2002-01-18,"Vishnuvardhan, Prema, Roja Ramani, Keremane Shambhu Hegde, Radha Ravi","Sagar, a singer-turned-alcoholic, decides to mend his ways and rekindle his passion after falling in love with Suma. However, all hell breaks loose when she does not turn up for his concert.",0.0
Laali,Kannada,"Drama, Family",0.0,0.0286,1997-10-07,"Vishnuvardhan, Mohini, Ramakrishna, Harish Kumar, Shanthi Krishna","Krishna is a loving father who dotes on his daughter, Anju. Things take an ugly turn when Anju decides to get him remarried, thereby bringing him face to face with his ex-wife.",0.0
Nagaradalli Nayakaru,Kannada,"Comedy, Thriller",0.0,0.0286,1992-05-11,"Malashri, Sunil, Balaraj, Chi. Guru Dutt, Sudhakar",Four young men are enamoured by their next-door neighbour. She is in town to investigate the mysterious circumstances surrounding the death of her brother.,0.0
Readymade Ganda,Kannada,"Comedy, Romance, Drama",0.0,0.0286,1991-05-17,"Shashikumar, Malashri, Mukhyamantri Chandru, Doddanna, Sihi Kahi Chandru",Lakshmi hires Anand to act as her husband for a month so that her late father's money and assets do not fall into the hands of her greedy relatives.,0.0
Maduve Maadu Thamashe Nodu,Kannada,"Comedy, Drama",0.0,0.0286,1984-12-28,"Vishnuvardhan, Aarathi, Jai Jagadish, Mahalakshmi, Srinivasa Murthy","Ganesh arranges his sister Gauri's marriage but faces humiliation by her in-laws. His misunderstanding with his childhood friend and neighbour, Raja, makes matters worse.",0.0
Kushalave Kshemave,Kannada,"Romance, Drama",0.0,0.0286,2003-05-02,"Ramesh Aravind, Srilakshmi, Ramkumar, H. G. Dattatreya, Darshan Thoogudeepa Srinivas","Murali, a struggling singer, starts liking Priya, after bonding with her over the telephone. While he finds various ways to meet her, her marriage gets fixed with another man, Darshan.",0.0
Abhay,Kannada,"Action, Drama",0.0,0.0286,2009-10-02,"Darshan Thoogudeepa Srinivas, Aarti Thakur, Pradeep Ram Singh Rawat, Om Prakash Rao, Salim Baig","Abhay falls for Aarti, a woman who is betrothed to an unpleasant man and is running away from her engagement. After Aarti shares with him her woes, Abhay devises a plan to save her.",0.0
Gudugu,Kannada,"Family, Drama",0.0,0.0286,2025-07-07,"G.U Prem Kumar, Nidhi Srikanth, Aniruddha Girish, Rashmi Uday","After the death of their mother fractures their family, a distant brother and sister each escaping into their own worlds are forced to confront their grief and broken bond during an unexpected reunion.",0.0
Yodha,Kannada,"Action, Drama",0.0,0.0286,2009-06-19,"Darshan Thoogudeepa Srinivas, Nikita Thukral, Ashish Vidhyarthi, Rahul Dev, Avinash","Captain Ram is a military commando who rescues Patil, the tourism minister of Karnataka from Jehadi terrorists. Taking a liking for his heroics, Patil engages him to provide security.",0.0
Bhoopathi,Kannada,"Action, Drama",0.0,0.0286,2007-02-16,"Darshan Thoogudeepa Srinivas, Sherin Shringar, Sumalatha, K. S. Ashwath, Mukesh Rishi","When Guru's family is assaulted by his ladylove's father's goons, he has to retaliate, which will pit him against the system, and also alienate him from his girlfriend Anita.",0.0
Yashwanth,Kannada,"Action, Romance, Drama",0.0,0.0286,2005-02-04,"Sriimurali, Rakshita, Pavan Kumar, Vinayak Joshi, Ramesh Bhat","Yashwanth (Murali) an unemployed youth loses 50,000 bucks kept for his mother's operation when his folks are away from home. The whole story revolves around the consequences of how Yashwanth earns the money back before his parents return. During the course, he meets the heroine (Rakshita) who flees her home to avoid a forced marriage.",0.0
Hemavathi,Kannada,Drama,0.0,0.0286,1977-09-02,"Udaykumar, Loknath, G. V. Iyer","Hemavathi, a noble priest's daughter, is married off to a jobless man in the city who abandons her. When she returns to her father's village, a caste-based struggle awaits her.",0.0
Sarasammana Samadhi,Kannada,Drama,0.0,0.0286,2011-12-30,"Lakshmi Hegde, Shafi, Radha Ramachandra, Pradeep Badekkila, Manasa Joshi","Based on the novel of same name by K. Shivaram Karanth. Sarasamma, a woman who lost her life in the practice of Sati, is worshiped by women in troubled relationships. The movie shows the stories centered to these women and societal issues faced by them.",0.0
Hannele Chiguridaga,Kannada,"Family, Drama",0.0,0.0286,1968-07-25,"Dr. Rajkumar, Kalpana, R. Nagendra Rao, B. V. Radha, Dinesh","Based on Triveni's novel.  An orthodox patriarch (Nagendra Rao) is upset when one of his five sons (Arun Kumar) wants to marry a theatre actress (Premalatha). The old mans daughter Malathi (Kalpana) is widowed and her friend Prasad (Rajkumar), who had arranged Malathis marriage, also loses his wife. The patriarch refuses to let Malathi marry Prasad, leading to extensive debate and a revolt within the family before he relents.  The original novel, working within a social reform tradition, strongly advocated widow remarriage",0.0
Mullina Gulabi,Kannada,Drama,0.0,0.0286,1982-05-07,"Anant Nag, Aarathi, Jai Jagadish, Roopa, T. N. Balakrishna",Aarathi arrives at the estate owned by two brothers played by Anant Nag and Jai Jagadish and becomes a daily-wage labourer. When younger brother Jai Jagadish falls for her and wants to marry her all hell breaks loose.,0.0
Third Krishnappa,Kannada,"Drama, Comedy",7.0,0.0286,2024-05-24,"Rangayana Raghu, Sampath Maitreya","Veeranna, a local politician aiming for re-election, constructs a Ganesha temple to win back the trust of his village, Narayangatta. The planned celebrity inauguration takes a tragic turn when the chosen celebrity dies suddenly. As the village grapples with shock, the focus shifts to finding a suitable replacement for the inauguration. Teacher Krishnappa suggests his Bangalore friend Nandish, who promises Chief Minister attendance. The village embraces this hope, making Krishnappa a local hero. The story unfolds as the village eagerly anticipates the inauguration, raising questions about the Chief Minister's involvement and the possibility of a scam.",1.0
Gooli,Kannada,Drama,0.0,0.0286,2008-03-21,"Sudeep, Mamta Mohandas",A 2008 Indian Kannada-language action film.,0.0
Venus: Try Flap,Kannada,"Drama, Science Fiction",0.0,0.0286,2024-10-31,"Davis, Sagar M.S, Srikanth Richi, Vinay S.R, Bindu","In the bustling, mist-laden Silicon City of 2028, Shukra stumbles upon a mysterious bag of oranges. What seems like a trivial discovery quickly spirals into an unexpected journey, which pulls him deeper into a web of unlikely encounters.",0.0
Neene Neene,Kannada,Drama,0.0,0.0286,2008-06-06,"Aishwarya Nag, Sammir Dattani, Anant Nag",Two independently thinking software professionals are bound by marriage. They remain united because of the maturity they show in dealing with their differences.,0.0
Raajadhaani,Kannada,Drama,0.0,0.0286,2011-06-03,"Yash, Prakash Raj, Umashree, Ramesh Bhat, Sheena Shahabadi",,0.0
Love Maadi Nodu,Kannada,"Romance, Drama",0.0,0.0286,1989-01-01,"Kashinath, Manjunath, Sri Latha, Shridhar","Dr Anand marries Sandhya, who is in love with an aspiring music director, Manjunath. Anand promises to unite the lovers but asks Sandhya to stay with him for a week.",0.0
Sati Sulochana,Kannada,Fantasy,0.0,0.0286,1934-03-01,"Subbaiah Naidu, R. Nagendra Rao, Y. V. Rao","Sati Sulochana is based on the character Sulochana from the Ramayana. She is the wife of Indrajit and the daughter-in-law of Ravana, the demon-king in Ramayana.",0.0
Bhoomige Banda Bhagavantha,Kannada,Drama,0.0,0.0286,1981-08-03,"Lokesh, Lakshmi, Jai Jagadish, Roja Ramani, Vajramuni","A sage predicts that there will be two men in Ganga's life. Shortly, she comes across Ranga, a bandit who loves her. Once she gets married, Ganga and her husband are abducted by Ranga",0.0
Anishchitha,Kannada,Drama,0.0,0.0286,2010-01-22,"Pavitra Lokesh, Devaraj, Suresh Heblikar, Honnavalli Krishna, Shankar Bhat",Shankar Bhat practises black magic to get things done and fulfil all his wishes because of which his close ones suffer the consequences.,0.0
Raj Sounds and Lights,Kannada,"Action, Comedy, Drama",0.0,0.0286,2022-05-20,"Yasha Shivakumar, Vineeth Kumar","Rishi, the only son of Rajanna who is a well known Event Manager, struggles to prove himself worthy to his father. Will he be successful in solving the problems and making the event successful or will there be a twist?",0.0
Home Minister,Kannada,"Action, Drama",0.0,0.0286,2022-04-01,"Upendra, Vedhika","Home Minister is a Kannada movie, directed by Sujay K Srihari. The film is a family drama with a political backdrop, which stars Upendra and Vedhika in lead roles. Supporting roles include Sadhu Kokila and Avinash. It is produced by Poorna Naidu.",0.0
Jagajyothi Basveshwara,Kannada,"History, Drama",7.0,0.0286,1959-03-30,"Honnappa Bhagavathar, Dr. Rajkumar, K. S. Ashwath, B. Saroja Devi, T. R. Narasimharaju","The life of Basava, a philosopher and social reformer from Karnataka who lived in the 12th century A.D.",1.0
Rajeeva,Kannada,"Action, Drama",0.0,0.0286,2020-01-03,"Mayur Patel, Akshatha Sreedhar Shastry, Shankar Ashwath",Rajeeva is a Kannada movie starring Mayur Patel and Akshatha Sreedhar Shastry in prominent roles. It is a drama directed by Flying King Manju.,0.0
Pinki Elli?,Kannada,"Drama, Thriller",0.0,0.0286,2020-11-08,"Akshatha Pandavapura, Gunjalamma, Deepak Subramanya, Anoop Shoonya, Sangamma","Bindu and Girish are a seemingly typical middle-class working couple in an urban setup in India with an 8 months old baby girl, Pinki. One day when Bindu returns home very early from office, she discovers to her horror that Pinki is not home and neither is the maid Sannamma who is supposed to be taking care of Pinki. Thus, begins a frantic day of search that takes her to strange places, people, social realities, forcing her to confront her past, present and the future.",0.0
Kraanthiveera Sangolli Raayanna,Kannada,"Drama, History, War",3.5,0.0286,2012-11-01,"Darshan Thoogudeepa Srinivas, Shashikumar, Jaya Prada, Umashree",Life saga of Indian brave freedom fighter Sangolli Rayanna against British...,2.0
THE REDEMPTION,Kannada,Drama,0.0,0.0286,2019-12-09,"Darshan, Murali, Rajanish","Manja and Ravi, two dalit kids live in a tiny village in the western ghats. Vaasudeva, a kid from an orthodox brahmin family wants to be friends with them. This leaves Manja and Ravi in a conflict with their daily lives.",0.0
Rajahamsa,Kannada,"Action, Romance",0.0,0.0286,2017-09-08,"Gowrishankar, Ranjani Raghavan, Yamuna, Sridhar","Rajahamsa movie is a romantic entertainer written and directed by Jadesh Kumar Hampi while Joshua Sridhar scored music for this movie.  Gowri Shikar and Puttagowri Maduve serial fame Ranjani Raghavan are playing the main lead roles along with Sridhar, BC Patil, Yamuna, Raju Talikote, Bullet Prakash in supporting roles.",0.0
Shivu Paru,Kannada,"Romance, Fantasy, Mystery",0.0,0.0286,2018-06-08,"America Suresh, Disha Poovaiah, Ramesh Bhat, Honnavalli Krishna, Chitra Shenoy",A star-crossed romantic love story of an ill-fated girl Paru who falls in love and eventually get married to a TV anchor Shivu who is coincidentally her lover from the past life who gets killed. Paru kills herself to join her dead husband.,0.0
Plus,Kannada,Drama,5.0,0.0286,2015-10-16,Shalini Vadnikatti,A businessman tries to solve his problems with the help of his son and two other youngsters,1.0
Pallavi,Kannada,Drama,0.0,0.0286,1976-01-01,"P. Lankesh, Vimala Naidu, T.S. Seetaram","After marrying her boss a young woman is accused by her former lover, who's on the run from the police, of betraying her former ideals for financial security.",0.0
Mast Maja Maadi,Kannada,Drama,0.0,0.0286,2008-12-12,"Sudeep, Upendra, Vijay Raghavendra, Diganth Manchale, Rangayana Raghu",A 2008 Kannada film.,0.0
Kaanooru Heggadithi,Kannada,Drama,0.0,0.0286,1999-01-01,"Girish Karnad, Mallika Prasad, Tara","Subbamma (Tara), third wife of Chandre Gowda (Girish Karnad), is a rebellious mistress of the household and encourages sporadic acts of defiance against men from among her women friends.",0.0
Cheluveye Ninne Nodalu,Kannada,Romance,0.0,0.0286,2010-08-06,"Shivaraj Kumar, Sonal Chauhan, Ramesh Aravind, Prem Kumar, Kavya","The life of Vishwa, a tourist guide, takes a turn when he meets Prakruthi.",0.0
Nava Bharatha,Kannada,"Action, Drama",0.0,0.0281,1987-12-31,"Ambareesh, Mahalakshmi, T. N. Balakrishna, Doddanna, Devaraj","Satya, a brave man, and his girlfriend Saraswati, a school teacher, try to bring a change in the society by fighting against the corrupt practices despite the many hurdles that come their way.",0.0
Sangliyana Part 3,Kannada,"Action, Drama",0.0,0.0281,1997-05-23,"Devaraj, Sithara, Srikanya, Ramesh Bhat, Shobaraj","An upright police officer is determined to wipe out corruption in the society. Putting his life at risk, he has to fend off several obstacles that come his way.",0.0
Romeo Juliet,Kannada,"Romance, Drama",0.0,0.0281,2002-10-11,"Vijay Raghavendra, Radhika Kumaraswamy, Reethu Singh, V. Nagendra Prasad, Bharath Bhagavathar","Though two college friends become inseparable, the boy is in pursuit of his dream girl. However, with time, he realises that his close friend is his soulmate.",0.0
Dear Vikram,Kannada,"Action, Drama",8.0,0.0281,2022-06-30,"Sathish Ninasam, Shraddha Srinath, Vasishta N. Simha","When Nitya, an academically bright student meets Vikram, who has strong views on politics and idealism, it seems like a match made in heaven. With time they realise that their views are diametrically opposite and that they want different",2.0
Nanna Thamma,Kannada,"Family, Drama",0.0,0.0268,1970-10-26,"Dr. Rajkumar, Jayanthi, Gangadhar, R. Nagendra Rao, T. N. Balakrishna",The film is a remake of the director's own 1969 Telugu movie Jarigina Katha.,0.0
Baala Bandhana,Kannada,"Family, Drama",0.0,0.0268,1971-02-11,"Dr. Rajkumar, Jayanthi, Sampath, T. N. Balakrishna, Dwarakish","Orphaned as an infant, Ranga (played by Rajkumar) is brought up by his distant relative Chandrashekhar Rao Bahadur (Sampath) and his compassionate wife Parvathi (M Jayashree). Life takes a cruel turn for Chandrashekhar Rao when he loses all his wealth in share market. His daughter's marriage is called off, his sons attitude change and he is forced to send Ranga and Lakshmi out. How Ranga sets right the turmoil in the family and reunites them forms rest of the story.",0.0
Thayi Devaru,Kannada,"Family, Drama",0.0,0.0268,1971-03-31,"Dr. Rajkumar, M. V. Rajamma, Bharathi Rao, Papamma, B. Jaya","Mohan is abandoned by his father after his mother's death. Several years later, his life changes when he comes face-to-face with his father, who is now a murderer.",0.0
Abracadabra,Kannada,Drama,0.0,0.0268,2024-03-02,"Anant Nag, Siri Ravikumar, B. V. Shrunga, Avinash Rai","A retired widower tries to make sense of a lived life, confronted by questions he hasnt dared to ask himself. Alongside is a young womans quest for identity while navigating relationships that have kept her tied down. Hustling through this world is a Magician, who dreams of becoming a grand illusionist, the best that can be. Also, a part of this world is a young man caught in a place he doesnt want to be in, meandering to find himself in a mess that he cannot climb out of.",0.0
Bhari Bharjari Bete,Kannada,Drama,0.0,0.0264,1981-09-30,"Ambareesh, Shankar Nag, Jayamala, Swapna, M. P. Shankar","Movie starring Ambarish, Shankar Nag, Jayamala and directed by Rajendra Singh Babu.",0.0
Please Turn Over,Kannada,Comedy,0.0,0.0264,2016-07-29,"Kailash TV, Adithi Kalkunte, Sudha Belawadi, Sharath Bhagavan, Anirudh Acharya","A young, cricketer turned teacher, has to overcome a big challenge in his personal life; and teach a motley bunch of kids what it means to play hard but fair.",0.0
1st Rank Raju,Kannada,"Romance, Comedy, Drama",7.0,0.0264,2015-11-27,"Gurunandan, Apoorva Gowda, Tanishka Kapoor, Ananth Nag, Achyuth Kumar","Raju is a quintessential geek, who aims at always securing the first place. His parents sacrifice everything to ensure he is a consistent topper. What happens when he has to face the real world on his own?",5.0
Kappu Bilupu,Kannada,Drama,0.0,0.0264,1959-01-01,"Kalpana, Rajesh, R. N. Sudarshan, T. N. Balakrishna, Advani Lakshmi Devi","A fearless young woman is the complete opposite of her timid twin sister. When their stepmother abuses her sister, she decides to step in and put an end to her evil deeds.",0.0
Rangan Style,Kannada,"Action, Comedy, Drama",0.0,0.0264,2014-02-21,"Pradeep, Kannika Tiwari, Sudeep, Sadhu Kokila, Sharath Lohitashwa","Rangan Style is a Kannada Romantic Comedy Drama film written and directed by Prashanth S starring Pradeep and Kannika Tiwari in the lead roles. This film also starring Sudeep in an important guest role and also starring Rekha Das, Sadhu Kokila, Gurukiran, Sharath Lohitashwa, Tabla Nani and others.",0.0
Maha Prachandaru,Kannada,"Action, Adventure, Thriller",0.0,0.0261,1981-07-13,"Vishnuvardhan, Ambareesh, Prabhakar, Halam, Sudheer","Natraj and his gang, who are involved in idol heists, get an assignment to steal a valuable idol of Lord Rama from an ancient temple. Alongside, a brave police officer weaves a plan to capture them.",0.0
Sangharsha,Kannada,"Action, Drama, Thriller",0.0,0.0261,1993-01-01,"Vishnuvardhan, Shivaranjani, Geetha, B. C. Patil, Thyagarajan","The film follows a young scientist's murder, witnessed by Sujata, who becomes involved with Mahesh, a crime branch specialist working on the ""Blue X"" project. Their lives are threatened as they uncover the connection between the murder and the project.",0.0
Deepavali,Kannada,"Comedy, Drama",0.0,0.0261,2000-05-08,"Vishnuvardhan, Ramesh Aravind, Bhavana Ramanna, Chandini, Ramesh Bhat","The sudden death of a rich woman's son paves way for her relatives to exploit her. However, when a young man enters her life, she finds a ray of hope as he vows to protect her.",0.0
Pattanakke Banda Putta,Kannada,"Comedy, Drama, Action",0.0,0.0261,1996-09-19,"Jaggesh, Subhashri, Rajesh, Srinath, Mukhyamantri Chandru","Putta, an orphan, encounters his birth father after ages and comes to the city with him. But he ends up meeting his step-brothers, who had attempted to misbehave with his girlfriend.",0.0
Swabhimana,Kannada,"Romance, Drama",0.0,0.0261,1985-09-12,"V. Ravichandran, Mahalakshmi, Prabhakar, Aarathi, Mukhyamantri Chandru","Vijay is a rich man who has no interest in looking after his father's business. He falls in love with Vani, an intelligent woman, who tries to bring about a change in him.",0.0
Boss,Kannada,"Action, Thriller",0.0,0.0261,2011-01-14,"Darshan Thoogudeepa Srinivas, Navya Nair, Rekha Vedavyas, Prabhu, Umashree","A man is ousted from his family by his father due to bad behaviour. However, when he learns that his twin brother has been killed, he sets out to find the culprit.",0.0
Dudde Doddappa,Kannada,Drama,7.0,0.0261,1966-02-09,"B. Ramakrishnaiah Panthulu, M. V. Rajamma, T. R. Narasimharaju, Bharathi Rao, Shivaram","Dudde Doddappa is a 1966 Indian Kannada-language film, directed and produced by B. R. Panthulu. The film stars B. R. Panthulu, M. V. Rajamma, Ramesh and Narasimharaju. It was remade in Tamil as Namma Veettu Lakshmi (1966) and in Telugu as Lakshmi Nivasam (1968).",1.0
,Kannada,Drama,0.0,0.0261,2011-10-21,"Diganth Manchale, Sanjjanaa Galrani, Doddarange Gowda",,
Damayanthi,Kannada,Drama,0.0,0.0261,2019-11-29,"Radhika Kumaraswamy, Saurav Lokesh, Sharan Ulthi, Sadhu Kokila, Tabla Nani","A young man struggles to pay off his father's debts and decides to visit his family's abandoned bungalow. However, he soon realises that it is haunted by a vengeful ghost.",0.0
Puttaraju Lover of Shashikala,Kannada,"Drama, Romance",0.0,0.0261,2018-08-10,"Amith Gowda, Jayashree Aradhya, Sushmitha Sidhappa, Naresh Dingri",,0.0
Hosa Climax,Kannada,Drama,0.0,0.0261,2018-08-10,"Anitha Bhat, Naresh Gandhi",,0.0
Cigarette,Kannada,"Drama, Comedy",6.0,0.0261,2015-09-11,"Nagashekar, Rakshita Ponnamma, Suresh Heblikar, Sadhu Kokila, Lucky Shankar","Cigarette is a Kannada drama, starring Nagashekhar, Roopasri, Rakshita Ponnamma and Sadhu Kokila. The main emphasis of the film is to bring awareness on the ill effects of smoking.",1.0
Bhale Chathura,Kannada,"Action, Drama",0.0,0.0261,1990-09-19,"Shankar Nag, Chandrika, B. Saroja Devi, Pandari Bai, Srinivasa Murthy","Chamundeshwari and her daughter, Kamala, are rich and pompous. Shekar decides to teach them a lesson after a young girl loses her leg in an accident caused by Kamala's negligence.",0.0
Bandhu Balaga,Kannada,Drama,0.0,0.0261,2008-06-07,"Shivaraj Kumar, Poonam Kaur, Tejaswini Prakash, Shashikumar, Doddanna","Bandhu Balaga is a 2008 Kannada film directed by Naganna and produced by Soorappa Babu and Kamalakar. The film stars Shivaraj Kumar, Poonam Kaur, Tejaswini and Shashikumar in lead roles. Music was composed by Hamsalekha.",0.0
Andar Bahar,Kannada,Drama,0.0,0.0261,2013-04-05,"Shivaraj Kumar, Parvathy Thiruvothu, Arundathi Nag, Shashikumar, Chaswa","Andar Bahar is a 2013 Kannada film directed by Phaneesh S Ramanathapura and produced by Rajanish, Prasad, Ambareesh, Bhaskar, Srinivas and Avinash. The film stars Shivaraj Kumar, Parvathi Menon, Arundathi Nag and Shashikumar in lead roles. Music was composed by Vijay Prakash.",0.0
Snehithara Saval,Kannada,Drama,0.0,0.0256,1981-09-23,"Vishnuvardhan, Ambareesh","Prasad and Raja, two best friends who get separated in a fire, grow up in two different communities. However, after a few years, they unite to fight against an evil man.",0.0
Vaalee,Kannada,"Drama, Thriller",0.0,0.0256,2001-10-19,"Sudeep, Sadhu Kokila, Bank Janardhan, Vaijayanthi",Deva secretly loves his twin brother's wife Priya. He tries everything to separate the two and goes to the extent of killing his twin brother.,0.0
Desiderium,Kannada,"Drama, Science Fiction",10.0,0.0256,2023-02-23,"Sohan Shetty, Sahana P",A man haunted by his past has to go back through his memories to find an element. But things don't work out as planned.,1.0
Seventeeners,Kannada,Drama,0.0,0.0256,2021-11-20,"Sherlyn Bhosale, Neeraj Mathew, Rekha Kudligi, Ravi Hebbar, Gunjalamma","Hari and Deepa enter a classroom on a Saturday evening after the classes are over. The two 17-years-olds appear to make a video as they indulge in intimacy off-screen. Monday morning, the two are summoned to the principal's office and are told that their video is now on the internet. Their parents are called and given the news of rustication, pending committee decision whether to expel or retain them. The two families are devastated by the news, as they try to pick up the pieces and move forward. At the committee meeting, chaired by the principal, they discuss the fate of Hari and Deepa. Owing to past incidents of misdemeanor, the committee, with the exception of physical trainer Abdul, vote to expel Deepa and retain Hari. But Abdul brings up the caste angle to it. While Hari is a Brahmin boy, Deepa is a Dalit and the issue takes a dramatic turn, leading to irreversible changes in the lives of the stake holders.",0.0
Jeevana Chaithra,Kannada,Drama,7.0,0.0256,1992-01-01,"Dr. Rajkumar, Madhavi, K. S. Ashwath, Pandari Bai, Chi. Guru Dutt","The film is based on a Kannada novel Vyapthi Prapthi written by Vishalakshi Dakshinamurthy. Jeevana Chaitra tracks the life and times of Vishwanath, from his youth, through the days of his jodi inamathi when he becomes Jodidar Vishwanatha Raya to his end.",1.0
Kitthurina Huli,Kannada,"Action, Drama",0.0,0.0239,1991-03-27,"Malashri, Shashikumar, Chi. Guru Dutt, Mukhyamantri Chandru, Keerthiraj","When Vijay falls for Bharathi, an admirable college student who fights for justice, he gets transformed. However, their families, who have a history of rivalry between them, create obstacles for them.",0.0
Veerappa Nayaka,Kannada,"Action, Drama",0.0,0.0239,1999-01-01,"Vishnuvardhan, Shruti, Sourav, Bhavyashree Rai, Ashalatha","Veerappa is a strong proponent of Gandhian principles based on non-violence. However, his preaching falls on deaf ears when his own son grows up to become a terrorist.",0.0
Chinnari Mutha,Kannada,"Family, Drama",0.0,0.0239,1993-08-13,"Vijay Raghavendra, H. G. Dattatreya, Avinash, Sudharani, Sridhar","Frightened of being punished by his master, an orphaned boy runs away to the city. There, he faces many challenges but later earns an opportunity to become a runner after meeting an athletics coach.",0.0
Maatonda Heluve,Kannada,"Drama, Romance, Comedy",0.0,0.0239,2025-06-13,"Mayur Kadi, Apoorva Aradhya, Girish Shivanna, P. D. Sathish Chandra, Karthik Pattar","Mayur, a Radio Jockey from Hubli-Dharwad hosts a popular show titled 'Patch Up Stories with Mayur,' where he offers heartfelt relationship advice to young couples. Despite helping couples mend their relationships, Mayur remains single, holding firmly to his belief in the 'one love for life' concept. His life takes a turn when he meets Khushi, a spirited girl from Mysore.",0.0
Chaitrada Chandrama,Kannada,"Romance, Drama",0.0,0.0239,2008-09-06,"Amulya, Vijay Jatti, Pankaj Narayan, Shobaraj, Veena Sundar","Pankaj, a cricket player, falls in love with his classmate, Ammu, and elopes to Kashmir without playing the national level championship. Subsequently, Ammu's father asks Pankaj to prove his worth.",0.0
Naanu Kusuma,Kannada,Drama,0.0,0.0239,2023-01-05,"Krishne Gowda, Sridhar Kaveri, Sanatani, Greeshma Sridhar","The feeling of comforting Kusuma, who is silently protesting against the malevolent society that fulfills the needs of the body.",0.0
Purushothama,Kannada,Drama,0.0,0.0239,2022-05-06,"Harish K.V, Apurva, Jai Kiran",Purushothama is a suspense thriller Kannada movie with a social theme under the guise of a family drama.,0.0
Body God,Kannada,Drama,0.0,0.0239,2022-04-01,"Deepika Aradhya, Guruprasad, Manoj Kumaraswamy","Vasu, a middle class man leading a complicated life is appointed to look after Puttanna, a paralyzed and arrogant old man. When Puttanna mysteriously dies, Vasu covers the death and convinces everyone that Puttanna is alive. How long will it work?",0.0
Gosi Gang,Kannada,"Comedy, Drama",0.0,0.0239,2019-03-08,"Rohit Abhay, Yathiraj Jaggesh, Bank Janardhan, Ajay Karthik, Sonu Patil",A group of carefree college students enjoy their lives until they come in contact with a mafia and get involved in drug abuse.,0.0
Anuraaga Aralithu,Kannada,Drama,0.0,0.0239,1986-05-21,"Dr. Rajkumar, Madhavi, Geetha, K. S. Ashwath","Rajkumar has been forced to marry the female owner of the factory where he works. He tolerates her boorish behaviour to keep his aged mother happy but after her death, he decides to teach his wife a lesson.",0.0
Solillada Saradara,Kannada,"Romance, Drama",0.0,0.0218,1992-04-20,"Ambareesh, Malashri, Bhavya, Mukhyamantri Chandru, Doddanna",,0.0
Mahadeshwara Pooja Phala,Kannada,"Family, Drama",0.0,0.0218,1974-11-01,"Srinath, B. V. Radha, B. Ramadevi, T. N. Balakrishna, Rajanand","Parvathi, an ardent devotee of Lord Shiva, faces many problems in her life but gets settled when she marries a good man. Many other people are similarly helped due to their faith in God.",0.0
Mandya,Kannada,"Action, Drama",0.0,0.0218,2006-01-06,"Darshan Thoogudeepa Srinivas, Rakshita, Radhika Kumaraswamy, Swasthik Shankar, Diganth Manchale",A young and honest police officer comes to Hubli to put an end to the criminal activities. He finds it difficult to achieve his objective when he is confronted by a powerful family of,0.0
Operation Antha,Kannada,Drama,0.0,0.0218,1995-12-02,"Ambareesh, S V Rajendra Singh Babu, Bank Janardhan, Sadhu Kokila",A 1995 Kannada film,0.0
Sindhoora Thilaka,Kannada,"Romance, Drama",0.0,0.0214,1992-12-20,"Sunil, Malashri, Shruti, Jai Jagadish, Jaggesh","Revathy, a young girl, is adopted by Sulakshana, a lonely woman. After Sulakshana's death, however, Revathy finds herself dealing with many obstacles.",0.0
Shruthi,Kannada,"Drama, Music",0.0,0.0214,1990-10-24,"Shruti, Sunil, Indudhar, Honnavalli Krishna, Srivatsa",The film tells the story of four struggling friends aspiring to be musicians who accidentally meet a girl Shruthi who is in search of her lover. Shruthi joins the gang of friends and helps them change their fortunes in the music industry. The sudden arrival of Shruthi's lover takes a turn on their relationships.,0.0
Police Papanna,Kannada,"Drama, Action",0.0,0.0214,1984-03-06,"Dwarakish, Jayamalini, Udaykumar, Musuri Krishnamurthy, Vishnuvardhan","Papanna, a simpleton, is the only son of a sincere policeman. While on his deathbed, his father requests his friend to help Papanna become a police officer.",0.0
Ravi Varma,Kannada,"Action, Drama",0.0,0.0214,1992-06-04,"Vishnuvardhan, Bhavya, Rupini, Ashok, Mysore Lokesh",Ravivarma is an artist with a special talent. His life turns upside down when he helps a police officer trace a notorious criminal through his artistic skills.,0.0
Vishnu Vijaya,Kannada,"Action, Drama",0.0,0.0214,1993-11-26,"Vishnuvardhan, Akshay Kumar, Pankaj Dheer, Ashwini Bhave, Mamta Kulkarni","Police officers Vijay and Vishnu vow to maintain peace in the country; however, things change when two gangsters become a threat to the country's security. It is up to Vijay and Vishnu to stop them.",0.0
Karulina Kudi,Kannada,"Family, Drama",0.0,0.0214,1995-09-28,"Vishnuvardhan, Sithara, Ambareesh, Shamili, Sathyapriya","Yashodha gets separated from her daughter, Krishnaveni, due to her mother-in-law's scheming and loses her sanity. However, years later, Krishnaveni reunites with her mother in a mental asylum.",0.0
Ellaranthalla Nanna Ganda,Kannada,"Action, Drama",0.0,0.0214,1997-04-29,"Vishnuvardhan, Prema, Umashree, Tara, Girija Lokesh","When Surya accuses Vishwa Prasad, a politician, of acquiring his position through political influence, Vishwa swears to destroy him.",0.0
Mahakshathriya,Kannada,"Action, Drama",0.0,0.0214,1994-06-03,"Vishnuvardhan, Sonu Walia, Ramkumar, Sudharani, Ravi Ashwath","A young man, who is short-tempered, is sent to jail for committing a murder. However, his life takes a turn for the better when a prison officer tries to bring about a change in him.",0.0
Kunthi Puthra,Kannada,"Action, Drama, Romance",0.0,0.0214,1994-03-08,"Vishnuvardhan, Sonakshi, Shashikumar, Rajanand, Mukhyamantri Chandru","Surya, an aid to the don, is feared by all the townspeople due to his association. He is assigned a job to kidnap the daughter of a wealthy businessman. However, he begins to fall in love with her.",0.0
O Nanna Nalle,Kannada,"Romance, Drama",0.0,0.0214,2000-11-09,"V. Ravichandran, Isha Koppikar, Srinivasa Murthy, Sadhu Kokila, Kishori Balal","A young woman loses her eyesight and has to struggle to get accustomed to her surroundings. In a twist of events, she receives help from a musician that she disliked in the past.",0.0
Guru Brahma,Kannada,"Romance, Drama",0.0,0.0214,1992-08-04,"V. Ravichandran, Sukanya, Lokesh, Sumithra, Ramakrishna","Guru and Bramha, two brothers belonging to a lineage of twins on their paternal side, deliberate upon marriage as their family insists.",0.0
Gruha Pravesha,Kannada,"Family, Drama",0.0,0.0214,1991-10-03,"Malashri, Devaraj, Sridhar, Mukhyamantri Chandru, Sadashiva Brahmavar","Jyothi is all set to marry her fiance, Sridhar, chosen by her parents. But in a cruel twist of fate, she is forced to marry Venu, a jealous college mate, who assaulted her.",0.0
Challenge Gopalakrishna,Kannada,"Comedy, Drama",0.0,0.0214,1990-07-30,"Anant Nag, Ashwini, Shashikumar, Mukhyamantri Chandru, Umashree","A rich man's son falls in love with A Miser's daughter, and he has to prove himself now to be accepted as a groom for his daughter.",0.0
Chaitrada Premanjali,Kannada,"Romance, Drama",0.0,0.0214,1992-02-07,"Raghuveer, Vinodini, Lokesh, Srinivasa Murthy, Shobaraj",Prem falls in love with Anjali but her father disapproves of their relationship. Their problems increase manifold when her father gets her engaged to a rich womaniser.,0.0
Nee Tata Naa Birla,Kannada,"Comedy, Drama",0.0,0.0214,2008-06-27,"V. Ravichandran, Jaggesh, Pooja Gandhi, Jennifer Kotwal, Nikita Thukral",Ravi and Jaggu are friends who are good for nothing and get kicked out of their houses. Hilarious events follow when a politician sends them on a mission to get a secret code from two girls.,0.0
Brahma Vishnu Maheshwara,Kannada,"Action, Drama",0.0,0.0214,1988-01-01,"Anant Nag, Ambareesh, V. Ravichandran, Mahalakshmi, Kiran Juneja","Three friends grow up to be successful professionals. Although they do not stay in touch over the years, they eventually reunite for a common cause.",0.0
Jayasimha,Kannada,"Action, Drama",0.0,0.0214,1987-05-21,"Vishnuvardhan, Mahalakshmi, Jayamalini, Umashree, Kanchana","Jayasimha, a forest officer, endeavours to stop animal poaching in a village he is transferred to. However, his efforts land him and his family in trouble.",0.0
Shivanaga,Kannada,"Action, Fantasy",0.0,0.0214,1992-11-14,"Arjun Sarja, Malashri, Mukhyamantri Chandru, Doddanna, Sundar Krishna Urs","Shiva and his wife, Nagamma, are held captive by his evil uncles who are hell-bent on acquiring his wealth. Two snakes assume the form of Shiva and Nagamma to save them from their abusive family.",0.0
Suvvi Suvvalali,Kannada,"Family, Drama",0.0,0.0214,1998-08-21,"Ramesh Aravind, Chippy, Charulatha, Mukhyamantri Chandru, Ashalatha","Chandana learns that she is infertile but her unmarried sister, Kasturi, promises that she can adopt her child when it is born. However, their lives turn upside down on the day of Kasturi's marriage.",0.0
Narasimha,Kannada,"Action, Drama",0.0,0.0214,2012-03-23,"V. Ravichandran, Nikesha Patel, Sanjjanaa Galrani, Mohan Shankar, Sadhu Kokila","Varsha falls in love with Narsimha, who has chosen to stay unmarried for the rest of his life. Will Varsha be able to convince Narsimha to marry her?",0.0
Ee Rajeev Gandhi Alla,Kannada,"Action, Drama",0.0,0.0214,2007-01-12,"Vijay Raghavendra, Rakshita, Duniya Vijay, Harish Rai, Kote Prabhakar","Inspector Rajeeva and his four colleagues, who work in City Crime Branch, are tasked with eradicating crimes in the city. However, their lives are threatened and they must struggle to survive.",0.0
Purushotthama,Kannada,Drama,0.0,0.0214,1992-04-10,Shivaraj Kumar,"A young woman hires a fraudster, Raja, to seek revenge for her father's death. But in the process, he transforms into an honest man and fights for truth and justice.",0.0
Andaman,Kannada,Drama,0.0,0.0214,1998-04-10,Shivaraj Kumar,"Due to a misunderstanding, Monisha and Anand, a happily married couple, decide to get a divorce and fight for their daughter's affection. Soon, Monisha's friend's involvement in their dispute emerges.",0.0
Jothe Jotheyali,Kannada,Drama,0.0,0.0214,2006-09-21,"Divya Spandana, Prem Kumar, Darshan Thoogudeepa Srinivas, Tharun Sudhir, Sharan","Nakul and Divya, heading for divorce. Through flashbacks, we see their love story, marriage, and struggles.  Misunderstandings and neglect lead to separation. After the divorce, Nakul dies saving Divya from a criminal, making her realize his true love.",0.0
Surya Muluguttiddante,Kannada,"Drama, Fantasy",0.0,0.0214,2025-01-12,"G.U Prem Kumar, G.V Uday Kumar",A dull young man sits in a park with his lively father talking about fond memories to cheer the young man and make him realise the world around him.,0.0
Bili Hendthi,Kannada,Drama,0.0,0.0214,1975-01-01,"Aarathi, Loknath, Leelavathi, Uma Shivakumar","Sharada (Aarathi) is engaged to Gopi (Anil Kumar), who is studying abroad. She shares a close bond with her future in-laws. However, when her fianc returns, she discovers that he has married Elisa (Margaret Thomsen), a white woman, and is no longer interested in her.",0.0
Venkya,Kannada,Drama,0.0,0.0214,2024-11-23,"Sagar Puranik, Rupali Sood","The film, titled Venkya, is said to trace the protagonists life journey. Interstingly, Sagar Puranik is not only directing Venkya but also acting in the film. The director and actor, who has previously played a supporting character in Ring Road Shubha will be playing the titular role in Venkya. The upcoming project is produced by Apeksha and Pavan Wadeyar under the Wadeyar Films banner, along with Avinash V Rai and Mohan Lal Menon.",0.0
Sangeetha Sagara Ganayogi Panchakshara Gavai,Kannada,Drama,0.0,0.0214,1995-07-21,"Lokesh, Girish Karnad, Enagi Balappa, Kalyan Kumar, Vijay Raghavendra",,0.0
Metamorphosis,Kannada,Drama,9.0,0.0214,2024-07-26,"Raj B Shetty, Jaishankar Aryar, Lekha Naidu, Anjan Bharadwaj, Bharath GB","Every worm has an opportunity to transform itself into a colorful butterfly at least once in its lifetime. But the road to transformation	is painful and	full of consequences. Will the worm decide to continue existing as a worm, or will it break its cocoon and finally bloom into a beautiful butterfly, which forms the genesis of Roopanthara?",1.0
Duality,Kannada,Drama,0.0,0.0214,2024-03-02,"Bhaskar Manipal, Radhika Bhat, Rajendra Nayak, Bensu Peter, Anuraj Chouta","A feature film that revolves around the life of Chukki who lives in the coastal town of Udupi, where he is famous for playing characters in a unique traditional art form. Chukki seemingly trapped in society falls in love and decides to leave the coastal town. Chukki's life decisions turn out to be grave when the very people who applauded his performance on stage ridicule him. His life turns miserable under the deep blue night sky not knowing where to head on a caliginous path. The film showcases the colorful, subtle journey of the coastal art form and Chukkis struggles in different spheres of his life which also quietly affects many lives surrounding him and the traditional art form",0.0
Kreem,Kannada,"Action, Thriller",0.0,0.0214,2024-03-01,"Achyuth Kumar, Samyuktha Hegde, Arun Sagar, Roshan Agnisreedhar Bachan, Agni Sreedhar","A neo-noir thriller based on an incredible true story/account. A mysterious girl infiltrates an order, a cult that practices human sacrifice for wealth and power.",0.0
Ladies Bar,Kannada,Drama,0.0,0.0214,2024-02-16,"T. M. Somaraj, Harish Raj, Prerana M.J. Gowda, Diana Jessika, Chitra Gowda",Amar opens a bar exclusively for women named Ladies Bar. A social worker named Sudhakar fights against this bar deeming it harmful to their culture. Will the bar open and run successfully?,0.0
Jalapata,Kannada,Drama,0.0,0.0214,2024-01-13,"Nagashree Begar, Rekha Premkuma, M. Rajesh","Jalapata is an environmental-oriented movie in which Vihan travels from America to his Indian village, seeking his grandmother.",0.0
Devara Kanassu,Kannada,"Drama, Family",0.0,0.0214,2023-07-21,"Deepak Belvathahalli, Amoolya Aravind Nadig, Yuvraj Kini, Mak Mani, Aarushi Vedikha",A boy from a humble background pines to own a bicycle.,0.0
Vivekananda By Vivekananda,Kannada,Drama,0.0,0.0214,2018-10-04,"Balaji Manohar, Rameshwarananda Swami","The film is based on the autobiographical writings of Swami Vivekananda, the 19th Century warrior monk of India.  Vivekananda by Vivekananda begins with the young Swami swimming across the turbulent Indian Ocean, climbing the rock in the middle of the Ocean to meditate. In solitude, he realizes his lifes mission Upliftment of the masses of India. Thereupon, begins one of the most adventurous journeys in Indian history.",0.0
Chicken Curry,Kannada,Drama,0.0,0.0214,2022-07-15,Akshatha Pandavapura,This story is about the struggles of women in modern society who have to fight against injustices,0.0
Namo Bhootatma,Kannada,"Horror, Comedy",0.0,0.0214,2014-10-28,"Komal Kumar, Iswarya Menon, Anaswara Kumar, Gayathri Iyer, Harish Raj","A man inherits a bungalow which he renovates and turns into a hotel. As customers begin to arrive, each one invariably ends up dead and the owner begins to suspect that the house may be haunted.",0.0
Bhagyavantha,Kannada,Drama,0.0,0.0214,1981-01-01,"Puneeth Rajkumar, Aarathi, Jai Jagadish, Dr. Rajkumar","Krishna, a child, faces various obstacles as he is considered unlucky by his family who avoids him. However, he finds comfort in his paternal uncle, who cares for him.",0.0
Yellow Board,Kannada,"Crime, Drama, Thriller",1.0,0.0214,2022-03-04,"Pradeep, Ahalya Suresh, Sadhu Kokila, Sneha Singh, Srinivas Bindiganavale","Journey through the lives of Bangalore's taxi drivers and their struggles, and how a hero will rise among them.",1.0
Tiger's Pond,Kannada,"Drama, Crime",0.0,0.0214,2025-02-15,"Achyuth Kumar, Dileesh Pothan, Gopal Hegde, Sumitra, Natesh Hegde","In the sleepy hamlet of Vaghachipani, an under-aged sheperdess is discovered to be pregnant. Her employer who is hellbent on becoming the chairman of the village-council is making every effort to cover it up, resulting in more cover-ups threatening to be exposed. Mentally-deficient, the young sheperdess has no idea what a pregnancy is.",0.0
The Bell,Kannada,"Horror, Drama",0.0,0.0214,2022-03-28,"Bhavani Prakash, Ashwin Hassan, Asha Rani, Manoj Puttur, Ramya Krishna","A couple move into a house putting in all their life savings into buying it, only to realise that the broker failed to mention that the house was haunted. With no where else to go, they seek the help of a witch. in this house a mother killed by a mother. Do they find their answers, karma is boomerang what goes that comes around.",0.0
Stalker,Kannada,Thriller,0.0,0.0214,2022-03-05,"Ramesh Annavarapu, Namrata Patil, Aishwarya Nambiar, Suman Nagarkar","Arvind is a doting father to 16 year old Anu. One day Anu starts receiving text messages from unknown nos. She confronts her friends but they deny it. She finds herself stalked where ever she goes. She can't divulge this to anyone as the stalker threatens to kill her parents if she does so. Caught in this traumatic situation, she becomes a recluse and a mental wreck. Her parents are unable to fathom what is happening with her. How Anu and the family get out of the situation forms the crux of the film.",0.0
Bahukrita Vesham,Kannada,"Crime, Thriller",0.0,0.0214,2022-02-18,"Shashikanth B, Vaishnavi Gowda, Karan Aryan",,0.0
Vishnu Circle,Kannada,"Action, Romance",0.0,0.0214,2019-09-06,"Gururaj Jaggesh, Samita Vinya","Youngster Vishnu is a big fan of Sandalwood legend (and his namesake) Dr. Vishnuvardhan. The film tells the story of three women who walk into Vishnu`s life at various points of time - Aakruthi, Samskruthi and Prakruthi - and their impact on him.",0.0
Shourya,Kannada,"Action, Drama",0.0,0.0214,2010-08-20,"Darshan Thoogudeepa Srinivas, Madalasa Sharma, Reema Wohra, Sampath Raj, John Kokken","Surya and his sister, Vidya, are orphans who are often mistreated by local ruffians. Years later, Surya grows up and becomes an honest police officer and sets off to find the killers of his guardian.",0.0
Siliconn City,Kannada,"Action, Thriller",0.0,0.0214,2017-06-16,"Srinagar Kitty, Suraj Gowda, Kavya Shetty, Ekta Rathod, Chikkanna","Siliconn City is a 2017 Kannada action film directed by Murali Gurappa, in his first direction. The film features Srinagar Kitty, Anil Siddhu, Suraj Gowda, Kavya Shetty and Ekta Rathod in the lead roles. The film is a remake of Tamil film Metro.",0.0
Nanjundi Kalyana,Kannada,"Romance, Drama",0.0,0.0214,1989-02-06,"Raghavendra Rajkumar, Malashri, Sundar Krishna Urs, G.V. Shivanand, Thoogudeepa Srinivas","Nanjundi Kalyana is an 1989 Indian Kannada romantic comedy film directed by M. S. Rajashekar and starring Raghavendra Rajkumar, with Malashri, Girija Lokesh and Sunder Krishna Urs as the lead cast.",0.0
Belli Kalungura,Kannada,"Romance, Drama",0.0,0.0193,1992-01-10,"Sunil, Malashri, Tara, Girija Lokesh, Master Anand","Krishna, a rich man, marries Bhadra. Soon after their wedding, his relatives start misbehaving with her and ask her to leave him alone.",0.0
Nam Duniya Nam Style,Kannada,"Drama, Romance",0.0,0.0193,2013-06-28,"Likith Shetty, Darling Krishna, Vinayak Joshi, Milana Nagaraj, Kavya Shetty","Nam Duniya Nam Style is a 2013 Kannada adventure film, written, directed and produced by Preetham Gubbi. It stars Likith Shetty, Vinayak Joshi, Krishna, Sonia Gowda, Milana Nagaraj, Kavya Shetty. The film is ""about three people who hail from different backgrounds and who have been friends for 15 years. The trio are a jovial and fun-loving lot, and are excited about their first travel abroad together"", said Preetham, who admitted he was inspired by the Hindi film Dil Chahta Hai. H C Venu was the cinematographer, while Shaan Rahman composed the music for the movie. The film was extensively shot in Karnataka, Kashmir and Malaysia",0.0
Santa,Kannada,Action,6.0,0.0193,2007-05-18,"Shivaraj Kumar, Sangliana, Aarti Chabria","Santa is a 2007 Kannada film directed by S. Muralimohan and produced by Vijayakumar and K. P. Srikanth. The film stars Shivaraj Kumar, Aarti Chhabria and Sangliana in lead roles. Music was composed by Gurukiran.",1.0
Nanda Gokula,Kannada,"Family, Drama",0.0,0.0168,1972-06-23,"Dr. Rajkumar, Jayanthi, K. S. Ashwath, T. N. Balakrishna, Sampath","Sridar abandons his family and marries Mohini, the daughter of a rich business tycoon. However, Sridar's father, who meets with an accident, wishes to reunite with his son before dying.",0.0
Baadada Hoo,Kannada,Drama,0.0,0.0168,1982-01-01,"Anant Nag, Padmapriya, K. S. Ashwath, Loknath, Sudharani",Hema is a girl from a poor household who is forced to work to earn a living. Trouble ensues when she finds employment in a place owned by a man she shares a bitter past with.,0.0
Thumbida Mane,Kannada,"Family, Drama",0.0,0.0168,1995-05-02,"Vishnuvardhan, Vinaya Prasad, Shashikumar, Shruti, Umashree","Movie starring Vsihnuvardhan, Shashikumar, Vinaya Prasad and is directed by S Umesh.",0.0
Avasthe,Kannada,Drama,0.0,0.0168,1987-06-25,"Anant Nag, B.V. Karanth, Archana Vishwanath","1987 Kannada political drama film directed and co-produced by Krishna Masadi and is based on the novel written by the acclaimed writer U. R. Ananthamurthy. The film starred Anant Nag in the lead role along with a host of real-time politicians like J. H. Patel, D. B. Chandre Gowda, M. P. Prakash and B. K. Chandrashekar in the key roles.[1] Other pivotal roles were played by B. V. Karanth, M. Bhaktavatsala, Chandrashekhara Kambara, Archana and Bhargavi Narayan.  The film's score and songs were composed by Vijaya Bhaskar. The film upon release was critically acclaimed and won multiple awards at the Karnataka State Film Awards for the year 198788.",0.0
Noorondu Nenapu,Kannada,"Drama, Romance",0.0,0.0168,2017-06-09,"Chethan Kumar, Meghana Raj, Rajavardan, Sushmita Joshi","During the 1980s, Shreyas, an affluent young man, befriends DSP and his gang in his new college. Meenu, a gang member, falls in love with Shreyas but unfortunately, he has his heart set on Shruthi.",0.0
3 Gante 30 Dina 30 Second,Kannada,Drama,0.0,0.0168,2018-01-19,"Arun Gowda, Kavya Shetty, Devaraj","3 Gante 30 Dina 30 Second is a Kannada Feature Love Story written and directed by adman G K Madhusudhan. Film is produced by Chandrashekar R Padmashali and like minded producers under the banner Brain Share Creations Pvt Ltd. This is a story of a reality game takes place between the Hero and Heroine! The movie has a blend of youngsters Arun Gowda & Kavya Shetty in lead roles along with powerhouse performers Devaraj, Sudharani, Edakallu Guddada Mele Chandrashekhar, Ramesh Bhat, Anantavelu, T.S.Nagabharana and Gururaj Hosakote.",0.0
Bahuparak,Kannada,Drama,3.0,0.0168,2014-07-25,"Srinagar Kitty, Meghana Raj","Manas, Mani and Mauni are at a critical stage in their lives wherein Manas is caught in a love triangle, Mani is on his way to become a crime boss and Mauni resorts to corruption for political gains.",2.0
Haavina Hede,Kannada,Drama,0.0,0.0168,1981-12-01,Dr. Rajkumar,It is a 1981 Indian Kannada-language action film directed by V. Somashekhar and produced by Parvathamma Rajkumar. The film featured Rajkumar and Sulakshana playing pivotal roles. The film was written by M. D. Sundar and had lyrics and dialogues written by Chi. Udaya Shankar.,0.0
Seetheyalla Savithri,Kannada,"Family, Drama",0.0,0.0143,1973-07-25,"Vishnuvardhan, Jayalakshmi, Udaya Chandrika, Ambareesh, T. N. Balakrishna","When Shankar marries his lover Gauri, his rival cousin enlists a prostitute to ruin their marriage. However, a strong-willed Gauri decides to save her husband from his cousin's vicious plan.",0.0
Time Bomb,Kannada,"Action, Drama",0.0,0.0143,1994-02-04,"Vishnuvardhan, Prabhakar, Devaraj, Shruti, Sowmya Kulkarni","Movie starring by Vishnu Vardhan, Soumya Kulkarni, Puneet Issar and directed by Joe Simon.",0.0
Bangarada Kalasha,Kannada,"Action, Drama",0.0,0.0143,1995-04-20,"Vishnuvardhan, Sithara, Anjana, Dheerendra Gopal, Shobaraj","Nagraj, an orphan raised by a poor woman, grows up to become the protector of his village. Nagaraj's life changes when he meets Uma, the new teacher in the village.",0.0
Himapatha,Kannada,"Drama, Romance",0.0,0.0143,1995-11-22,"Vishnuvardhan, Jaya Prada, Suhasini Maniratnam, Jai Jagadish, Jayanthi","Sumithra's lover Aravind, a photographer, goes missing after he goes to Shimla for a project. However, Sumithra sets out to look for Aravind after she finds out that he is alive.",0.0
Hello Daddy,Kannada,"Action, Fantasy, Comedy, Drama",0.0,0.0143,1996-01-01,"Vishnuvardhan, Sonakshi, Surabhi, Vaishali Kasaravalli, Lohithaswa","Prakash, a widower, is a government official responsible for confiscating lands acquired by criminals illegally. His son wants him to get a life and tries to find a suitor.",0.0
Jeevanadi,Kannada,"Family, Drama",0.0,0.0143,1996-09-10,"Vishnuvardhan, Khushboo, Anant Nag, Urvashi, Srinivasa Murthy","After several years of marriage, a couple becomes parents. However, after a childless couple finds their infant boy, they take him away and try to raise him as their own son.",0.0
Baalina Jyothi,Kannada,"Family, Drama",0.0,0.0143,1996-08-12,"Vishnuvardhan, Aamani, Srinivasa Murthy, Rekha Das, Vinaya Prasad",,0.0
Janani Janmabhoomi,Kannada,"Action, Drama",0.0,0.0143,1997-02-17,"Vishnuvardhan, B. Saroja Devi, Srikanya, Geethanjali, Harish Rai","Yashwanth, a scientist, wants his inventions to contribute to the nation's growth. However, some notorious criminals try to use his creations for their personal gains.",0.0
Samrat,Kannada,"Action, Drama",0.0,0.0143,1994-05-04,"Vishnuvardhan, Sowmya Kulkarni, Vinaya Prasad, Vajramuni, Shanthamma","When Kulkarni and Bandari plan to kill the CM, Samrat, an unemployed man, saves him. However, Samrat promises to put an end to Bandari's tantrums.",0.0
Julie,Kannada,"Drama, Romance",0.0,0.0143,2006-05-12,"Divya Spandana, Dino Morea, Sihi Kahi Chandru, Ramesh Bhat, Chitra Shenoy","A couple faces challenges when the girl gets pregnant before their marriage. Her lover forces her to abort the baby, but she refuses and decides to raise it against social humiliations.",0.0
Sriramachandra,Kannada,"Drama, Romance, Comedy, Action",0.0,0.0143,1992-12-01,"V. Ravichandran, Mohini, Srinath, Sumithra, Vajramuni","Twins Srirama and Chandra are separated after their parents' divorce. When Srirama is killed by his greedy manager, he returns as a ghost and possesses his twin to exact revenge.",0.0
Gundana Maduve,Kannada,"Comedy, Drama, Romance",0.0,0.0143,1993-04-28,"Jaggesh, Roopa Sri, Vinaya Prasad, Lokesh, Ashalatha","A man is head over heels in love with a girl, but her mother is against their relationship. He decides to fight against all odds to unite with his lover.",0.0
Alli Ramachari Illi Brahmachari,Kannada,"Romance, Comedy, Drama",0.0,0.0143,1992-11-05,"Jaggesh, Swathi Ganguli, Prathibha, Abhijith, Disco Shanti","Ramachari is a village simpleton, while his lookalike, Raja, is a foreign-educated wealthy industrialist. They switch places following a road accident, causing chaos.",0.0
Bevu Bella,Kannada,"Romance, Drama, Action",0.0,0.0143,1993-09-21,"Jaggesh, Roopa Sri, Lokesh, S. Narayan, Shobaraj","A young man is married to his maternal uncle's daughter and leads a happy life. However, things take a turn when his friend, Sridhar, sets his eyes upon his in-laws' wealth.",0.0
Bhairava,Kannada,"Action, Drama",0.0,0.0143,1994-10-21,"Jaggesh, Nandini Singh, Vajramuni, Pramila Joshai, Doddanna","Bhairava is an orphan who is speech-impaired and is being enslaved by Nanjegowda, a wealthy man. When a dark secret about Nanjegowda is let loose, Bhairava vows to take revenge against him.",0.0
Bal Nan Maga,Kannada,"Comedy, Romance",0.0,0.0143,1995-06-21,"Jaggesh, Mohana, B. V. Radha, Umashree, Vanishree","Jagdeesh, who does menial jobs, loves Sangeetha and tries to win her father's approval. However, her father asks him to arrange INR 1 lakh in order to marry her.",0.0
Bhanda Alla Bahaddur,Kannada,"Comedy, Action, Drama",0.0,0.0143,1997-04-17,"Jaggesh, Subhashri, Kalyan Kumar, Doddanna, Mukhyamantri Chandru","Following a misunderstanding, Krishna's grandfather throws him out of the house. His life takes a huge turn when he moves to the town and gets married to a rich girl.",0.0
Swarna Samsara,Kannada,"Family, Drama",0.0,0.0143,1990-04-20,"Anant Nag, Mahalakshmi, Mukhyamantri Chandru, Avinash, Sihi Kahi Chandru","Shridhar, a happy and content bachelor, is forced to marry Chitralekha, an ambitious girl, under peer pressure. However, his penny-pinching attitude starts getting in the way of their marriage.",0.0
Maneli Ili Beedili Huli,Kannada,"Comedy, Drama",0.0,0.0143,1990-12-14,"Anant Nag, Mahalakshmi, Shashikumar, Tara, Mysore Lokesh","Puroshottam, the managing director of a company, is dreaded by his employees but at home, treated poorly by his wife. Shivaram, who works under Puroshottam, helps him tame his spouse.",0.0
Kasu Iddone Basu,Kannada,"Comedy, Drama",0.0,0.0143,2003-08-29,"Jaggesh, Radhika Chaudhari, Komal Kumar, Doddanna, Bank Janardhan",Kasu Iddone Basu is a 2003 Indian Kannada comedy film starring Jaggesh and his younger brother Komal opposite Radhika Chaudhari in the lead roles. The film directed by A. R. Babu has musical score by V. Manohar.,0.0
Dhani,Kannada,"Action, Drama",0.0,0.0143,1996-05-13,"Vishnuvardhan, Vinita, Umashree, Dheerendra Gopal, Tara","Two despicable brothers cheat their employer, steal his wealth, kill him and throw his son into the river. When the boy survives and grows up, he decides to take revenge on the men who ruined him.",0.0
Amrutha Vani,Kannada,"Romance, Drama",0.0,0.0143,2007-05-18,"Naveen Krishna, Radhika Kumaraswamy, Ajai Rao, Doddanna, Sadhu Kokila","Vishwas and Samarth, two best friends, fall in love with the same girl. However, Samarth decides to hide his feelings and sacrifice his love.",0.0
Neenandre Ishta,Kannada,"Romance, Drama",0.0,0.0143,2003-02-07,"Darshan Thoogudeepa Srinivas, Malavika, Harish Raju, Akhila, Srinath","To pursue her education, Gayatri moves to her childhood friend Ajay's house in the city. However, problems arise when she falls in love with her classmate.",0.0
Nava Bharathi,Kannada,Drama,0.0,0.0143,2005-04-15,"Sourav, Ushakiran, Anitha Nayyar, Kaushiki, Srividhya","Womaniser Sourav assaults Gayathri. Later, she decides to seek revenge for his atrocity.",0.0
Bhagavan,Kannada,"Action, Drama",0.0,0.0143,2004-08-06,"Darshan Thoogudeepa Srinivas, Daisy Bopanna, Bhavana Ramanna, Sai Kumar, Rangayana Raghu","When Bhagawan, an unemployed man, rescues a film actress, Nanditha, from a few unruly thugs, she falls in love with him.",0.0
Kiladigalu,Kannada,"Action, Comedy, Drama",0.0,0.0143,1994-10-07,"Vishnuvardhan, Swarna, Sriraksha, Avinash, B. C. Patil",Hari and Krishna's uncle takes advantage of their innocence and tries to murder them for their wealth. A lawyer tries to outsmart him by hiring doppelgangers of Hari and Krishna.,0.0
Sirikantada Vodeya,Kannada,Documentary,0.0,0.0143,2025-03-06,"Chandra Ashwath, T. S. Nagabharana, T. N. Seetharam, H.S. Venkatesh Murthy, Muddukrishna","This brief biopic traces the incredible musical journey of C Ashwath - the king of Kannada light music. The story unfolds through the rich anecdotes of Sriyuths TS Nagabharana, HS Venkateshamurthy, TN Seetaram, Muddukrishna, BR Lakshman Rao, Smt. BK Sumitra, MD Pallavi and the singer's wife - Chandra Ashwath. Excerpts from his concerts bring out the evergreen melodies that he composed and sang.",0.0
Beli Hoo,Kannada,Drama,0.0,0.0143,2025-03-08,"Sampath Maitreya, Swetha Srinivas, Lion S Venkatesh, Master Thejas B V, Master Manish B V","The Fragrance of Kindness is a film about a young mother, Asha whose dreams of a happy married life are shattered as her husband is alcoholic and unemployed. With two young children to raise she is forced to fend for herself in rural Karnataka. She learns to drive an ambulance and conducts funerals of unclaimed, abandoned and decomposed bodies. The social stigma, the inhuman treatment from family and society and the painful reality of burying her sister from suicide bring into focus Asha's grit and compassion.",0.0
1990's,Kannada,"Action, Drama, Romance, Family",5.0,0.0143,2025-02-28,"R Arun Kumar, Rani Warad, Arun Kumar","Set in a picturesque village in the 1990s, this timeless tale follows two lovers from different castes who defy societal norms. As they struggle against tradition and prejudice, their love is put to the ultimate test. Will they stand together or succumb to fate? A story of resilience, destiny, and the enduring power of love.",1.0
Kaadumale,Kannada,"Drama, Science Fiction",2.0,0.0143,2025-01-31,"Harshan, Sangeetha, Gautham, Gilli Manju, Karthik Bhatt","A woman's suicide attempt lands her in a mysterious realm where she meets a man haunted by a supernatural force. Together, they face the dark secrets of their forest prison as time runs out and malevolent powers close in.",1.0
Talaq Talaq Talaq,Kannada,Drama,0.0,0.0143,2021-01-22,"Imtiaz Baig, Ravi Bhat, Praveen Pura Lakshmana, Srinivasa Murthy, R.J. Nethra",,0.0
MRP,Kannada,Drama,0.0,0.0143,2022-10-07,"Vijay Chendur, Chaitra Reddy","Fat middle aged man named Sheelavanth is a gluten free techie. His mother tired of finding an alliance for him due to his overweight. One fine day a family comes forward to give their daughter to marriage him. But fate creates turmoil in Sheelavanth's married life. Due to an accident in the past heroine will be suffering from memory loss. When regains her memory next day of the marriage, she fails to recognize her husband and refuses to accept the marriage which took place. Will Sheelavanth be able to get back his wife? Will he be accepted for his character or rejected for being fatty is the climax of the movie. It's a comedy and family oriented movie",0.0
Shalivahana Shakhe,Kannada,Drama,0.0,0.0143,2024-09-13,"Girish G, Chillar Manja, Shylesh Kumar, Sundar, Supritha Sathyanarayana","In the fictional village of Shaalivahana, Ranga and his friends discover a time turner on the very day they lose a dear friend. Overcome by the grief, they decide to manipulate time with the help of a time-turner. Their meddling with time leads to unforeseen consequences. As the story unfolds they grapple with the repercussions of altering time.",0.0
Hosa Theerpu,Kannada,Drama,0.0,0.0143,1983-05-19,"Ambareesh, Anant Nag, Jayanthi, Jayamala","After a truck driver kills a farmer while driving in an inebriated state, the court orders him to look after the farmer's family. Soon, the driver realises that his punishment is worse than prison.",0.0
Purloined Possession,Kannada,"Drama, Thriller, Crime",10.0,0.0143,2024-12-21,"Davis, Vinay S.R, Sagar M.S","In his pursuit of a master of disguise, Vinay finds himself drawn into a world where deception reigns and identities are fluid. As his search deepens, questions of guilt and innocence begin to intertwine, forcing him to confront the shadows within himself.",1.0
Yaru Hone,Kannada,Drama,0.0,0.0143,1989-07-25,"K. S. Ashwath, Umashree",First Best Film  Best Supporting Actress  Umashree,0.0
Yetu Yeduretu,Kannada,Drama,0.0,0.0143,1981-03-01,"Srinath, Lakshmi, Sundar Krishna Urs",Man against Evil in his village.,0.0
For Regn,Kannada,"Romance, Comedy",0.0,0.0143,2024-02-23,"Pruthvi Ambaar, Milana Nagaraj, Sudha Belawadi, P. Ravi Shankar, Babu Hirannaiah",The protagonists play dual roles to escape a self-created chakravyuha. Will they get out of the mess or get dragged further into it?,0.0
Onty Bunty Love Story,Kannada,"Drama, Romance",0.0,0.0143,2024-01-05,"Yatish Pannasamudra, Vaibhav Vardhan, Shweta S Bhat",Onty is desperately in need of a girlfriend. To fulfill his wish he takes help from his best friend Bunty but finds shocking twists and turns which might put their friendship in danger.,0.0
Osmitay,Kannada,Drama,0.0,0.0143,2023-09-15,"Stany Alvares, Ashwin D'Costa, Wencita Dias, Denis Monteiro, Nellu Permannur","A young man as he embarks on a quest to discover his true identity. Along the way, he unravels the fascinating history of the Konkani language, exploring its path through struggle, foreign invasion and exodus.",0.0
Crony,Kannada,"Horror, Thriller",0.0,0.0143,2017-08-27,"Abhilash Shetty, Sunil Ambore, Eshwar","Aarav decides to remove his deceased friend Ricky from his social media list. However, soon after, a series of strange events begin to occur.",0.0
Edurmaneli Ganda Pakkadmaneli Hendthi,Kannada,"Comedy, Drama",0.0,0.0143,1992-04-08,"Shashikumar, Shruti, Mukhyamantri Chandru, Mysore Lokesh, Umashree","Vasudev, a miser, tries to control his pregnant wife's spending habits. Furious, she leaves him. Years later, unknowingly she rents a house opposite his.",0.0
Love Andre..?,Kannada,"Drama, Comedy, Romance",0.0,0.0143,2023-09-11,"srikanta SR, Akhil S Nair, Yashwath rajkumar, Innocent boy yashu, Tejas",Plot: 4 friends get drunk and discuss their love life.,0.0
Butterfly,Kannada,"Drama, Family",0.0,0.0143,2023-08-02,"Taman Arya, Rakshith Ramamurthy, Amulya Krishnamurty",,0.0
Sri Ranga,Kannada,Comedy,0.0,0.0143,2022-07-22,"Venkat Bharadwaj, Sagar Jayaram, Gururaj Hosakote, Rachana, Roopan Rayappan",Sri Ranga's tech savvy mother is looking for a good match for him. What will happen when he likes 2 girls?,0.0
Instant Karma,Kannada,Thriller,0.0,0.0143,2022-04-01,"Anjan Dev, Bala Rajwadi, Prajwal Shetty, Yash Shetty","A group of five men, are linked to one man who planned a heist to steal election money. After stealing the item, that contains the money, they realize it is empty. Was their information wrong or did one of them con them all?",0.0
Malla,Kannada,"Romance, Action",0.0,0.0143,2004-02-27,"V. Ravichandran, Priyanka Upendra, Mohan Shankar, Umashree, Pavitra Lokesh","Shiva, a florist's son, grows up to become a gangster. After his father is murdered, he sets out to take revenge against the culprits.",0.0
Connect 55,Kannada,Drama,0.0,0.0143,2020-07-25,"Outstanding Yogi, Abhishek, Aishwarya, Sampath Kumar, Shruthi Gowda","It is a suspense crime thriller movie, In this movie shows a what are the problems face to girls in social media. Girls must watch this movie.",0.0
Bilindar,Kannada,Drama,0.0,0.0143,2016-04-22,"Ravi Basrur, Sheeja Shetty, Ragu Pandeshwar, Vijay Basrur","A bold young man is faced with several difficult circumstances since childhood, and as a consequence, he adopts a life of violence and crime. Given the right incentive and opportunity, can he reform himself and become a productive and law abiding member of society?",0.0
Inject 0.7,Kannada,Thriller,0.0,0.0143,2019-10-11,"H. Niranjan Double, Thara Chennappaji, Prajna Mallur, Roopa Gowda, Seyon Ragu","A story about investigative suspense-thriller, love and human values revolving around the suicide of a female doctor. The story takes an unexpected turn after finding a suicide note as ""I WANT TO SEE LIFE AFTER DEATH""",0.0
Digbhayam,Kannada,Drama,0.0,0.0143,2019-05-24,"Amith, Kavitha Bist, Monisha Gowda, Hamsa Gowda, Amith Lokesh","An investigative officer investigates a sensational and challenging murder case, which has many layers.",0.0
Husharagiri,Kannada,Drama,0.0,0.0143,2000-01-01,"Rekha Das, Badari Prasad, Vasanth Kumar K, Sabhapathi, Dr Sugunarthi",An adult themed Kannada movie,0.0
Babru,Kannada,"Drama, Thriller",5.0,0.0143,2019-12-06,"Suman Nagarkar, Mahi Hiremath, Aditya Rao, Ashwini Sharma, Bharath KS","A breathtaking thriller about two strangers with different motives, brought together by a common language, and an epic road trip across the United States that takes interesting twists at every turn. Some journeys change destinies.",2.0
Sarvasva,Kannada,Thriller,0.0,0.0143,2017-10-27,"Sathvika Appaiah, Ranusha Kashvi, Tilak Shekar, Chetan Vardhan",,0.0
Gowdru Cycle,Kannada,"Comedy, Drama",0.0,0.0143,2019-04-05,"Shasikanth, Bimbashri Ninasam","A comedy film directed by Prashanth K Yallampalli, starring Bimbashri Ninasam, and Shasikanth in the lead roles.",0.0
Vandana,Kannada,"Drama, Horror, Thriller",0.0,0.0143,2018-08-10,Shobitha Shivanna,,0.0
Shathaya Gathaya,Kannada,Drama,0.0,0.0143,2018-06-08,"Govinde Gowda, M. S. Umesh, Gaddappa, Kuri Prathap, Raghu Ramappa",,0.0
Tabarana Kathe,Kannada,Drama,7.0,0.0143,1986-04-01,"Charu Haasan, Vaishali Kasaravalli, Santosh Nandavanam",Tabara Shetty serves the government till his retirement. But problems emerge after his retirement. Matters worsen when his wife and only companion falls sick.,3.0
Prathyartha,Kannada,"Thriller, Action, Crime, Drama",5.2,0.0143,1999-01-01,"Ramesh Aravind, Raghuvaran, Girish Karnad, Sudeep","Akshay, a family man, finds himself compromising with his conscience when he is blackmailed to murder the home minister of the nation for the safety of his son, Nitin.",2.0
Vritta,Kannada,"Mystery, Thriller",0.0,0.0071,2025-08-01,"Maahir Mohiuddin, Harini Sundararajan, Chaithra J Achar, Master Anuraag, Shashikala",,0.0
Mathadana,Kannada,Drama,0.0,0.0071,2001-01-12,"Anant Nag, Devaraj, Avinash, Prakash Belawadi, Sudha Belawadi",Ram Linge Gowda and Markhande Gowda are at odds with each other as the former refuses the latter to help win the upcoming elections. Film reveals the caste based politics and other dynamics that grip the democratic institution of ballot box in India,0.0
Hendithghelthini,Kannada,"Comedy, Drama",0.0,0.0071,1998-09-15,"Vishnuvardhan, Suhasini Maniratnam, Kashi, Ramakrishna, B. V. Radha","Jayaram adopts a child and is excited to surprise his wife by revealing the truth later. However, problems arise when he goes home to find another child, claiming to be his friend's daughter.",0.0
Mangala Suthra,Kannada,"Family, Drama",0.0,0.0071,1997-01-01,"Vishnuvardhan, Vinaya Prasad, Priya Raman, Loknath, Jai Jagadish","A woman marries Chandrakanth but soon divorces him and also persuades another woman, Sudha, to marry him because of a terrible truth that she is hiding from everybody.",0.0
Premotsava,Kannada,"Romance, Drama",0.0,0.0071,1999-10-22,"Vishnuvardhan, Roja Ramani, Devayani, Ramakrishna, Kashi","Bharath is about to marry Bhavana, a teacher, but things change when his former lover, who he believed was dead, enters his life.",0.0
Yuga Purusha,Kannada,"Action, Drama",0.0,0.0071,1989-05-04,"V. Ravichandran, Khushboo, Moon Moon Sen, Ramakrishna, Leelavathi","While on a break, a man hallucinates of vivid imagery from his past life. As he starts remembering things, his girlfriend observes him falling for an older woman.",0.0
Make Up,Kannada,"Action, Comedy",0.0,0.0071,2002-11-08,"Jaggesh, Laila Khan, Shakti Kapoor, Komal Kumar, Yathiraj Jaggesh","To gather important information about a case, Jaggesh, a police officer, disguises himself as an old woman. During his investigation, he falls in love with a woman.",0.0
Urvashi Kalyana,Kannada,"Comedy, Drama",0.0,0.0071,1993-06-14,"Jaggesh, Priyanka, K. S. Ashwath, Srilalitha, Abhinaya","Akaiya and her daughter, Urvasi, believe that everything can be bought with money and have no respect for fellow humans. Chittapa, a victim of their pomposity, decides to teach them a lesson.",0.0
Sirivantha,Kannada,"Drama, Comedy",0.0,0.0071,2006-09-28,"Vishnuvardhan, Shruti, K. S. Ashwath, Srinath, Doddanna",Narayana Murthy wages a courageous battle to withstand all pressures and fight against corruption to retain the values he has cherished.,0.0
Male Banthu Male,Kannada,"Horror, Drama",0.0,0.0071,1984-08-27,"Arjun Sarja, Indira, K. S. Ashwath, Loknath, Vajramuni","Subbu, a young villager, takes a strong stand against Bakasur, an exploitative village head. However, things turn trickier when a deadly crocodile enters their village.",0.0
Prodigal,Kannada,Drama,0.0,0.0071,2025-04-01,"Nishanth Naidu, Sumukha Prasad","Homeless and broken in Bengaluru, a desperate Putanna returns to his rural family that he once stole from and abandoned.",0.0
Preethisle Beku,Kannada,"Romance, Comedy, Drama",0.0,0.0071,2003-05-02,"Vijay Raghavendra, Chaya Singh, Avinash, K. S. Ashwath, Ramesh Bhat","Vidya sets out to look for her lover, Harish. On the way, she meets and befriends Ganesh who promises to help her search for Harish.",0.0
Nishyabdha,Kannada,"Action, Thriller",0.0,0.0071,1998-03-10,"Vishnuvardhan, Mohini, Revathi, Sumanth, Ramakrishna","Major Vishwanath is a dog lover who lives peacefully with his brother, Vijay. His life takes a drastic turn when he finds Mohini in his garden and brings her to his house.",0.0
Raavana,Kannada,"Thriller, Drama",0.0,0.0071,2024-09-02,"Santhosh Balachandar, K.V Gurudatt, G.V Uday Kumar, Dhanvi Madhyastha, Mounitha M","Set in the backdrop of Urban Bengaluru, this story follows the series of events that led a young drama artist named Ved whose only goal was to play Lord Rama to go bad...",0.0
Fingers of Fury,Kannada,"Comedy, Drama",0.0,0.0071,2025-04-26,"Sahishnu Jogur, Suhas K, Purvik R, Sinchana Salimath, Lokesh Pandey","Ajay who suspects his girlfriend is cheating on him, hires a Freelance Vigilante.",0.0
Parajya,Kannada,Drama,0.0,0.0071,2025-03-04,"Mahadev Hadapad, Prajwal Kollal, Gayathri Heggodu, Veer Badami","Parajya, born in a man's body but yearning to live as a woman, finds solace in joining the Devi tradition. However, his identity and choices soon come under scrutiny as masculinity seeks to control him. Despite having a pure heart, Parajya is trapped in a rigid society where even familyan essential unit of that very societycreates a suffocating reality, leaving no space for him to live as he truly desires.",0.0
Inamdar,Kannada,Drama,0.0,0.0071,2023-10-27,"Ranjan Chatrapati, Chirashree Anchan","The mood around the black beauty On one hand, the Inamdar tribe worships Chhatrapati Shivaji Maharaj as a deity from generation to generation.",0.0
Hajj,Kannada,Drama,0.0,0.0071,2013-07-25,Nikhil Manjoo,Reservation talks about the side-effects of reservation in general in society. It's one of the most relevant and sensitive issues that needs to be told in an effective manner,0.0
Maagiya Kaala,Kannada,Drama,0.0,0.0071,2011-06-24,"Nishanth, Bindhu Shri","Maagiya Kaala  movie is  revolves around a realistic story based Ishwar Chandra written novel Ondu Soorina Kelage. Story revolves around an orphan boy, who is a Buddhist. He looses his parents at a very tender age & finds his parental love in his boss. But unfortunately, his boss also dies of heart attack & this pushes him in the pool of tears. He consults his guru (Buddhist monk) for guidance & his guru advises him to adopt parents from an old-age home.",0.0
Karulina Kare,Kannada,"Drama, Family",8.0,0.0071,1970-03-03,"Dr. Rajkumar, Kalpana, R. Nagendra Rao, R. N. Sudarshan, Dinesh","An honest driver tries to bring his corrupt employer to justice. However, things get complicated when he learns that his employer is actually his biological father.",1.0
Dr. Sukanya,Kannada,Drama,0.0,0.0071,2018-03-23,Radha Ramchandra,"Dr. Sukanya is an accomplished, well trained doctor. She refuses Dr. Arvinds marriage proposal, after learning his bad intentions. Ambujamma, a woman with a wrong intuition about girl child, trusts astrologer more than anyone, forces her daughter-in-law to get aborted from her pregnancy. Anand, son of Ambujamma and his wife Sarala are expecting a baby are forced to check if the fetus is male or female. The conflict between two doctors and an elderly woman is a story of female feticide. What will Dr. Sukanya do to save the child?",0.0
Unfinished Hope,Kannada,Thriller,0.0,0.0071,2024-04-15,"Deepa Gowda, Sagar M.S",A woman's life takes a complex turn when she forgets to take her Hallucination pills while also discovering a personal connection to the case of a missing person.,0.0
Mandya Haida,Kannada,"Romance, Action",0.0,0.0071,2024-02-16,"Abhay Chandru, Bhumika Bhumesh, Balarajwadi, Manohar Gowda, Sadanand Kali",A group fails to create discord in the love between the protagonist's friend and his lover. Will the love story stand true to all tests?,0.0
Best Friends,Kannada,Drama,0.0,0.0071,2019-01-04,"Dravya Shetty, Meghana, Krishne Gowda, Saakshi Meghana, Sumati Patil","College students Aakarshini and Srushti hail from different social backgrounds. Aakarshini is brought up by her poor mother, whereas Srushti comes from a rich family, yet they both stay together. Over time, their relationship grows and they 'fall in love', even wanting to marry each other. The love birds are then expelled from college after a video of them in a compromising situation starts making the rounds. But is their relationship really what it seems to be?",0.0
Sneharshi,Kannada,"Action, Comedy, Drama, Romance",0.0,0.0071,2023-12-14,"Sanjana Krishnamoorthy, Sudha Belawadi, Rangnath Sampath, Kiran Narayan, Chakravarthi",Pruthvi's life leads into a situation where his personal life along with his dearest friend is disturbed and due to unavoidable circumstances Pruthvi has to address the biggest social menace happening in the current metropolitan lives.,0.0
Blank,Kannada,Thriller,0.0,0.0071,2022-02-25,"Krishi Thapanda, Poornachandra Mysuru, Bharat hassan, Prashanth Siddi, Rash Malick",Blank is a journey between dream and reality. Friends who get addicted to a lucid dreaming drug end up in a situation where they can not differentiate between dream and reality.,0.0
Lavishka,Kannada,Drama,0.0,0.0071,2022-10-04,"Vaishali Pala, Sughosha Ramana, Siri Ravikumar","Lavishka, a bold, beautiful yet an unusual girl, meets her dearest friend Kanika, who is going through depression due to her recent breakup. The story turns upside down when Kanika's boyfriend returns.",0.0
Devaru Bekagiddare,Kannada,Drama,0.0,0.0071,2019-10-12,"Shivaram, Prasad Vashist","When he was just a baby, Appu got separated from his family following a gruesome road accident. He was then adopted and raised by a kind villager named Ranganna, who became a father figure to Appu. Years later, following Ranganna`s death, Appu sets out on a journey to find his real parents, even as he tries to reconcile with the loss of his foster father.",0.0
Dava Dava,Kannada,Romance,0.0,0.0071,1999-09-14,"Tharika, Rajakamal, Sampreetha, Mysore Srikantu, Mysore Kemparaj",,0.0
Lungi,Kannada,Drama,0.0,0.0071,2019-10-11,"Pranav Hegde, Radhika Rao",,0.0
Apple Cake,Kannada,Drama,0.0,0.0071,2018-11-23,"Ranjith Kumar Gowda, Arvind Kumar Gowda, Krishna Hanagi, Shubha Raksha, Vijay Shankar",A bunch of four men from different places land up in Bengaluru with dreams of making it big in tinsel town. With rejections and hurdles can each of them realize his dreams?,0.0
Sri Dharmasthala Mahathme,Kannada,Drama,0.0,0.0071,1962-07-13,"H. T. Urs, Dikki Madhava Rao, Prathima Devi, Indira Acharya, C. K. Kalavathi",Sri Dharmasthala Kshetra of Lord Shiva. Story of the greatness of this holy place,0.0
Gowli,Kannada,"Action, Thriller",0.0,0.0071,2023-02-24,"Srinagar Kitty, Paavana Gowda",,0.0
Bhrame,Kannada,Drama,0.0,0.0071,2020-11-01,"Naveen Raghu, Anjana Gowda, Yieshana Sannappanavar, Pavan Kumar","A psychological thriller Brame is based on an incident that happened in Kundapura taluk. Director Charaj Raj of Subba Maththu Subbi has added more flavors to this real incident based cinema. The film centers on a ward boy in the hospital. It is filled with comedy, action and thrills in a good entertainment package says director Charan Raj. You would get different types of Brame in social life watching this film.",0.0
Vajramukhi,Kannada,"Drama, Horror",0.0,0.0071,2019-08-02,"Sanjana Naidu, Dilip Pai, Neethu Shetty","A chance encounter with a mysterious girl in a resort throws the lives of a group of friends into chaos, as hostile spirits and eerie incidents start haunting them.",0.0
Kaal Kg Preethi,Kannada,"Romance, Comedy, Drama",1.0,0.0071,2017-03-03,"Vihan Gowda, Hitha Chandrashekar","1/4 kg Preethi is all about the journey of a young guy (Guru) who falls in love with his college mate (Sri). He kept hesitating to convey this to her, assuming he might get rejected. But then there have been a couple of instances which made Guru and Sri to travel along life's journey together. Do come and watch their journey that's loaded with fun, craziness, fights and enjoy!",1.0
C++,Kannada,"Crime, Drama, Thriller",4.5,0.0071,2019-11-01,"Suresh Leon Rey, Adarsh Sanjeeva, Viraj Vismith, Vishu Veer","A Seat-Edge Suspense Cyber Crime Thriller which exposes the dark side of Internet. It explores the dangerous CRIMES on Cyber Underworld(DeepWeb/DarkNet). Directed by a debutant Director ""Suresh Leon Rey"""" who also acted in a lead role. Music scored by a Swedish Music Director ""John Boberg""(Sweden). Produced by Blue Elephant Cinemas.",2.0
Swartharatna,Kannada,"Comedy, Drama",0.0,0.0071,2018-12-28,"Adarsh Gunduraj, Ishita Varsha, Sneha Singh, Mandeep Rai, Sadhu Kokila",A tech-savvy youngster and slightly arrogant youngster leads a life of comfort with the help of his celebrity friends until he meets and falls in love with a woman whose character is the complete opposite of his own.,0.0
Ondh Kathe Hella,Kannada,"Horror, Thriller",0.0,0.0071,2019-03-08,"Pranathi R Ganiga, Pratheek, Shakthi Somanna, Thandav Ram, Girish G",Five friends with contrasting personalities head out on a road trip from Bangalore to Sakleshpur. This movie is a horror anthology with 5 characters. The key chapter is about 5 friends planning a road trip from Banglore to Sakaleshpur. On their way 4 stories are shared among them and the sub-stories are based on true horror incidents.,0.0
Kavi,Kannada,"Romance, Drama",0.0,0.0071,2018-08-24,"Punith Gowda, Shobitha Shivanna",,0.0
Bitter,Kannada,"Thriller, Crime",6.2,0.0071,2016-11-04,"Aarcher, Krishi Thapanda, Suraj Gowda, Matangi Prasanna","A series of events unfold in modern day Bengaluru, intertwining four different lives: a dancer, a drug peddler, a writer and a psychopath.",4.0
Chithralekha,Kannada,"Thriller, Mystery",0.0,0.0,1992-01-01,"Shruti, Devaraj, Pramila Joshai, Doddanna, Sundar Raj",A young woman is accused of being possessed as all her marriage prospects ended up dead,0.0
Killer Diary,Kannada,"Horror, Thriller",0.0,0.0,1995-02-03,"Shruti, Devaraj, Tara, Umashree, Mukhyamantri Chandru","Kavya, an author, writes a weekly series named Killer Diary. However, things take a turn when someone starts murdering people close to her in the same way as depicted in her stories.",0.0
Manmatha Raja,Kannada,"Comedy, Drama, Romance",0.0,0.0,1989-06-13,"Kashinath, Sudharani, Jaggesh, Om Ganesh, Srinivasa Murthy","Raja, the son of a millionaire, moves out of his family home due to lack of love and care. He falls for Rathi but is forced to marry his father's business partner's daughter.",0.0
Thayigobba Tharle Maga,Kannada,"Comedy, Drama",0.0,0.0,1989-04-13,"Kashinath, Chandrika, Bindu, Jai Jagadish, Srinivasa Murthy","Gopi is ostracised from his village after being falsely accused of a crime. By a twist of fate, he restores power in a magical spirit which helps him to take revenge on the perpetrators.",0.0
Mutthinantha Manushya,Kannada,"Family, Drama",0.0,0.0,1989-01-01,"Prabhakar, Bharathi Rao, Vajramuni, Mukhyamantri Chandru, T. N. Balakrishna","Shivu, an honest man, lives a simple life with his family. However, years later, Shivu's old rival and the enmity between his two sons threaten to create a rift within his family.",0.0
Sahasa Veera,Kannada,"Action, Drama",0.0,0.0,1988-11-03,"Vinod Kumar, Ramakrishna, Gautami Tadimalla, Aparna Vastarey, R. N. Sudarshan",,0.0
Odahuttidavalu,Kannada,"Drama, Family",0.0,0.0,2006-09-01,"V. Ravichandran, Rakshita, Radhika Kumaraswamy, Bhavya, Ashalatha","A man, who owns a pot making business, faces several obstacles in getting his sister married. When nothing works out, he sells his land in order to collect money for the dowry.",0.0
Chikkejamanru,Kannada,"Action, Drama",0.0,0.0,1992-08-14,"V. Ravichandran, Gautami Tadimalla, Jai Jagadish, Shivakumar, Mukhyamantri Chandru","A village landlord is highly respected due to his loyalty and courteousness. When an evil man tries to defame him and create trouble for the villagers, he rises against him to restore peace.",0.0
Bombaat Huduga,Kannada,"Comedy, Romance, Drama",0.0,0.0,1993-02-08,"Jaggesh, Priyanka, Doddanna, Bank Janardhan, Avinash",Friends Dasappa and Thanappa turn rivals as Dasappa thinks Thanappa cheated him financially. But their wives continue to be friends and want to get their children married to end the ongoing rivalry.,0.0
Naanenu Madlilla,Kannada,"Comedy, Drama",0.0,0.0,1999-12-03,"Anant Nag, Sudharani, Chippy, Ramakrishna, Ramkumar",Ramachandra's friends try to set him up with a girl in his wife's absence. But their plan goes awry due to an unfortunate turn of events.,0.0
Rowdy & MLA,Kannada,"Action, Drama",0.0,0.0,1991-09-10,"Ambareesh, Malashri, Srinath, Jai Jagadish, Jaggesh",Shivu is an unemployed graduate who does not get along with his father and dislikes corruption. He decides to fight the social evil and bring about a change by joining politics.,0.0
Bombaat,Kannada,Drama,0.0,0.0,2008-08-08,"Ganesh, Divya Spandana","Shalini, a police commissioner's daughter, mistakes Anand for a criminal and gets him arrested with her father's help. Later, Anand rescues Shalini from a group of gangsters.",0.0
Moda Moda,Kannada,Drama,0.0,0.0,2025-07-01,"Aashith K, Preethi Sagar, Shrungar Haralahalli, Siri K","A couple wants to name their would-be child ""Clouds"".",0.0
REGRET,Kannada,Family,0.0,0.0,2025-01-16,"BHUVAN, CHETHANA PRASAD, ABHINANDHAN, KUMUDHA","A son reflects on his actions and seeks to mend his relationship with his family. Through love and understanding, he finds a way to honor his mother's values. A touching journey of redemption and reconciliation!",0.0
Kavacha,Kannada,"Fantasy, Drama",0.0,0.0,2025-06-07,"Jayaverma Hegde, G.V Uday Kumar, Aniruddha Girish",An unfortunate young girl becomes the target of a vengeful serial killer who is on the loose. The only person standing between the killer and the girl is a visually challenged man who has vowed to protect her at any cost.,3.0
Ambika,Kannada,Drama,0.0,0.0,2024-07-27,"Chetan Yadav, Adhithyaa S, Shreshta, Nithya Shakthi, Chandra Leksha","The film explores their complex relationship, intertwined with suspense and unexpected twists, as Ambikas (the mother) character navigates a dangerous path. This heartfelt tale takes a dark turn when an unexpected tragedy strikes, leaving the audience on the edge of their seats",0.0
Rajani Kantha,Kannada,"Action, Romance",0.0,0.0,2013-03-01,"Duniya Vijay, Aindrita Ray","A man, who is born with a cleft palate, has to face a lot of mockery from people. However, he eventually learns to become stronger.",0.0
Rasarishi Kuvempu,Kannada,Drama,0.0,0.0,2010-07-17,C. R. Simha,"Born in a remote village of Karnataka, Kuvempu, a language professor, pursues his passion for writing and goes on to become a renowned poet.",0.0
Kuuk Aah?,Kannada,"Drama, Comedy",0.0,0.0,2024-01-25,"Aashith K, Shradha Raj, Naveen Tejaswi, Ajay Tambe, Meghana D","While cooking, Anjali realizes that they have run out of salt. She asks Adarsh to fetch a packet of salt. Adarsh is the husband of Anjali. Anjali is the wife of Adarsh.",0.0
Udbhava,Kannada,Drama,0.0,0.0,1990-06-29,Anant Nag,"A young man whiles his time away doing nothing and is unemployed. However, when he is presented with the opportunity to become rich, he is expected to do something in exchange for it.",0.0
Yshamya - The story of Yumas,Kannada,"Action, Drama",0.0,0.0,2024-02-23,"Sajan Chakravarthy Poojary, Tejaswi B shetty, Chandan shetty, Deeksha Dechamma, Vinay Kumar",The story is set in a fictional city called Hiranyanagara. It is about how an illegal drug called YUMAS was established in India in the late 2000s and what conflicts it caused.,0.0
Whispers and Echoes,Kannada,Drama,0.0,0.0,2021-09-28,"Berty Olivera, Khaju Guttal, Sarala Nataraj, Ashwin Yadav","Film reflects thoughts, emotions and memories of the narrator, which echoes all our flaws, depravities, everything that makes us humans and broken.",0.0
Dictionary Mohan,Kannada,Drama,0.0,0.0,2022-11-03,"Aashith K, Vinay Kumar J, Sudhanva Hegde","Mohan writes dictionaries. He needs only a week to learn a new language. One afternoon, he develops a bad stomach ache. He consults a doctor.",0.0
Jadaghatta,Kannada,Drama,0.0,0.0,2022-02-04,"Raghu Danya, Suhana Ramhas","Jadaghatta is a drama film directed by Raghu S, featuring Raghu Danya and Suhana Ramhas in prominent roles.",0.0
Buy 1 Get 1 Free,Kannada,"Crime, Horror",0.0,0.0,2021-11-12,"Kishore, Madhu Milan, Manu Milan","Two twins con people and make a living in the city, an unknown call takes to them historical place and encounter with Manmatha changes their life forever.",0.0
Secrets,Kannada,Drama,0.0,0.0,2019-12-12,"Utsav Prakash, Ram Manjjonaath, Spoorthi Gumaste","Secrets revolves around the lives of three couples, with each character hiding a secret from their past. As these secrets start tumbling out, all three story-lines intertwine as the characters deal with betrayal, regret and loss, all in the hope of finding love and acceptance from their partner.",0.0
Love U 2,Kannada,Drama,0.0,0.0,2018-07-13,"Pavan Kumar, Keerthi Lakshmi, Raghu Bhat",,0.0
Mahavatar Narsimha,,,,,,,"Hiranyakashyap, the tyrannical demon, challenges Vishnu, proclaiming himself a god. However, his son Prahlad remains devoted to Vishnu, who appears as Narsimha to defeat the demon.",6.0
Rudra Garuda Purana,,,,,,,"The story delves into the mystery of a bus accident that occurred 25 years ago, claiming the lives of all its passengers. In a shocking twist, the same bus and its passengers reappear years later, sparking an intense investigation. The bus named ""17A Kaveri Express"" forms the center character in the plot.",0.0
K.G.F: Chapter 3,,,,,,,,0.0
Sapta Sagaradaache Ello  Side A,,,,,,,"In the heart of 'Sapta Sagaradaache Ello (Somewhere Beyond the Seven Seas), resides an ardent love story between Manu and Priya. Set in 2010, the couple hails from a middle-class background. Circumstances land Manu in jail, putting his relationship with Priya in jeopardy.",
U Turn,,,,,,,A journalist who intents to write an article on traffic rule breakers gets dragged into a whirlpool of murder cases and deception.,41.0
Kuladalli Keelyavudo,,,,,,,"Betrayed by his own, Muttarasa must fight against them to survive. The narrative centers on him and his people.",0.0
Hebbuli,,,,,,,A fearless commando arrives home at the news of his brother's suicide until he starts to deeply investigate the reason behind his mysterious demise.,13.0
Rangi Taranga,,,,,,,"Mysterious events begin to unfold after a reclusive novelist and his wife move back to her ancestral village, followed by a journalist.",21.0
Jaggu Dada,,,,,,,"Jaggu Dada's grandfather and father are underworld dons. The wish of his mother is to see him become a big villain. So, he goes to Mumbai to keep the promise made to his grandfather and also finds the girl of his dreams.",7.0
Kirik Party,,,,,,,"Karna from a small town has joined this engineering college and he gangs up with his hostel mates Loki, Alexander, Manja and others to fuel a lot of mischief in the college.",27.0
Tagaru,,,,,,,Duniya Soori's Tagaru takes us on a bloody ride through the dark underbelly of the underworld and their clash against the police.,9.0
Raja Rajendra,,,,,,,"Raja Rajendra is a 2015 Kannada comedy film written and directed by Pon Kumaran. It stars Sharan, Ishita Dutta, Vimala Raman and P. Ravi Shankar in the stellar roles. The film marks the reunion of director Kumaran and actor Sharan after their previous venture, Jai Lalitha. Produced by Uday K. Mehta, the film released on 6 February 2015  The story revolves around Bottle Mani (Sharan), a lame duck, who takes a supari to kill Neelakanta Raju (Ramakrishna), an elderly person from a royal family. He's been assigned the job by none other than the old man's three sons-in-law, who want to grab his property. Mani is assisted by his uncle (Tabla Nani) but he faces a lot of problems in the palace as the family is huge. He misses a couple of chances to kill Raju. There's a twist in the tale when the real Bottle Mani (Ravishankar) walks out of jail only to find that a fraud has usurped his identity and entered the palace. Henceforth, it's only chaos that reigns supreme.",1.0
Kavaludaari,,,,,,,"The story follows two Bangalore cops as they investigate an old case. Anant Nag plays Muthanna, a retired inspector while Rishi is Shyam, a sub-inspector working in the Traffic Police. Their search leads them across trails that will put their wit, resolve and morals to the test.",23.0
Vedha,,,,,,,"Vedha and his daughter Kanaka are on a killing spree. They are being chased by a cop Rama, but they always manage to escape in the nick of time. Can Rama stop the killings?",7.0
Anna Bond,,,,,,,"While working in a medical camp in Singapore, Bond Ravi falls for Meera. He encounters her again in a village while shooting a documentary only to later rescue her from a drug lord.  The movie revolves around Bond Ravi (Puneeth Rajkumar) and the journey of his sudden recognition by the common public as a vigilante known as Annabond  He is also accompanied by Chapathi Babu (Rangayana Raghu) in his journey and finds love in Meera (Priyamani) along with the wrath of a gangster `Charlie` (Jackie Shroff), and how he manages to balance it all.",2.0
Love Mocktail 2,,,,,,,A sequel to Love Mocktail. Revolves around Aadi after the demise of his wife Nidhi. How does he move on from such a loss?,4.0
Mungaru Male,,,,,,,"Preetham loves Nandhini, whose marriage is already fixed. He feels bad and leaves the place. Nandini challenges him to win her heart. Preetham accepts the challenge.",14.0
Bhajarangi,,,,,,,A tantric terrorizes a village called Ramadurga. A man comes to the village to know the mystery of his birth. He learns that his grandfather was killed trying to save the village from the tantrik and he defeats him.,3.0
Naagarahaavu,,,,,,,"Although Ramachari falls madly in love with Alamelu, her parents forbid their marriage and force her to marry another man. But Ramachari can't stand idly by when he discovers his sweetheart's husband has become her pimp. Quietly aiding Ramachari on his quest to save Alamelu is Chamayya, a childless woman who loves him as much as if he were her own son.",6.0
Ondu Motteya Kathe,,,,,,,"Janardhan a 28 year old Kannada Lecturer from Mangalore who is quite an introvert comes to know from an astrologer that he would attain sanyasa (embrace asceticism) if he doesn't get married within a year. Hearing this Janardhan is now in a situation of trouble & desperation as he has never had a decent conversation with females until now in his life & all the proposals his family has seen also has gone in vain as he doesn't look great,physically. Janardhan continues his search for a beautiful bride. In this journey he faces various situations & conflicts which in turn gives him a chance to revisit his inner core & experience his self discovery. Does Janardhan find his bride or does he attain spiritual path? forms the rest of the story.",19.0
Viraat,,,,,,,"The story thinly revolves around power shortage aptly freshened up by ample doses of action, comedy and love. Viraat Prasad (Darshan) is a businessman who wants to provide a solution to the existing power problem and in consultation with the chief minister, a role played by Suhasini, he plans to build a thermal power project. Enter Surendra Singh (Ravi Shankar), an opportunist, who tries to distract the chief minister and take over the project. But the project is handed over to Viraat which does not go down well with Singh. Balancing the friction and the action is romance involving three ladies - Keerthi (Chaitra Chandranath), Spoorthi (Vidisha Srivastava) and Preethi (Isha Chawla), who are head over heels for Viraat, but the latter chooses one among them, managing to maintain his friendship with the other two. How does he handle Singh and the thermal project and who does he select as his love runs in parallel and forms the crux of the film.",3.0
Gubbi Mele Brahmastra,,,,,,,Gubbi Mele Brhmastra is a 2019 Indian Kannada romantic comedy film written and directed by Sujay Shastry making his debut[1] . The film is produced by T.R.Chandrashekhar under his banner Crystal Park Cinemas. A fun journey of software engineer Gubbi and his friend to release his kidnapped girlfriend.,3.0
Kotee,,,,,,,"In his quest for an honest fortune to provide for his sister's marriage and a future in the corrupt Janatha city, a truthful common man- Kotee defies the powerful gang leader Dinoo Saavkaar. When Kotee's defiance leads to mounting debts, he faces a life-altering choice to Eliminate Or be Eliminated",0.0
Manne No 13,,,,,,,"5 IT professionals staying together vacate their house due to a situation. They move into a new house were they start facing horrific incidents at night. It terrifies them to death. When they are about to find out what's happening, they are getting killed one after another . Now they have to find out if it's really haunted or someone planning the terror.",4.0
Paramathma,,,,,,,The story of Paramathma focus on the philosophy that those who are very close to heart leave us quickly. A section of the society believes this and longevity is cut short by destiny as villain.,7.0
Gaalipata,,,,,,,"Three friends, Ganesh (Ganesh), Diganth (Diganth) and Kitty (Rajesh Krishnan) come to Mugilupete. Ganesh falls in love with Sowmya (Daisy Bopanna), a widow, staying with her in-laws Kodandaram (Anant Nag) and Padma (Padmaja Rao) while Diganth and Kitty fall for Kodandaram's daughters Radha (Neethoo) and Pavani (Bhavana Rao) respectively.  While Diganth-Radha and Kitty-Pavani get the green signal for marriage, Sowmya is hesitant to accept Ganesh as her life partner. The director shows how Ganesh wins her heart in a unique way.",5.0
Aatagara,,,,,,,"Ten contestants of a reality show, who come from different backgrounds, are taken to a secluded island. When some of them get killed one after another, it is up to the rest to investigate the matter.",4.0
Immadi Pulikeshi,,,,,,,"Immadi Pulikeshi is based on the story of the famous Kannada ruler Pulakeshin II of the Chalukya dynasty, who was significantly involved in branching out the dynasty to extend over most parts of the Deccan.",2.0
Ekka,,,,,,,"Muttu seeks his deceitful friend Ramesh in Bengaluru, becoming entangled in the city's dark underworld. His journey through challenges involves action, emotions, love, friendship, and a search for justice.",0.0
Head Bush: Vol 1,,,,,,,"Head Bush revolves around Jayaraj, his friends, foes, police officers, and the politicians who changed the course of the political scenario of Bengaluru in the 1970s. The film focuses on the rise and rise of Jayaraj - from a teenager to a rowdy to a mass hero.",2.0
Kitty,,,,,,,"Vijay, an arrogant college boy, gets into frequent clashes with Kitty and Priya, and tries different ways to defame them.",0.0
X & Y,,,,,,,"An eager unborn soul, desperate to experience life, pleads with the Creator to send him to Earth. Tasked with a unique mission, he must find his future parents and ensure their union, only then can he be born.",0.0
45,,,,,,,"A captivating new project by Suraj Production and the Magical Composers Debut film, #45Themovie is set to redefine the cinema-watching experience with its unique narrative and compelling performances.",0.0
Kamana Billu,,,,,,,"The movie stars Rajkumar, Anant Nag and Saritha. The film is based on the novel Mrigathrushna by Ashwini. This climax of the movie inspired a similar sequence in the 1999 Hindi movie Mann and its Telugu remake Ravoyi Chandamama.",0.0
Sparsha,,,,,,,"Sudeep accidentally knocks down Radha on the railway tracks and she loses a leg. Guilt-ridden, he offers to marry her without letting her know that he was behind the accident.",5.0
Preethsod Thappa,,,,,,,Preethsod Thappa (English: Is it wrong to fall in love ?) is a 1998 Indian Kannada language romance-drama musical film directed by Ravichandran and produced by Rockline Venkatesh. The film stars Ravichandran and Shilpa Shetty in the lead roles. Actors Lokesh and Lakshmi and Prakash Raj feature in other prominent roles.  The film is a remake of Telugu blockbuster film Ninne Pelladata (1996) starring Akkineni Nagarjuna and Tabu in the lead roles.,0.0
Natasaarvabhowma,,,,,,,A supernatural force influences a guy's behaviour and helps him finish important tasks.,3.0
Orange,,,,,,,"While on a train journey, a rich lad Ganesh meets a cute bubbly girl Khushi and falls in love with her. He gathers the courage to talk to her but loses her in the crowd.",1.0
Family Pack,,,,,,,Upcoming Kannada comedy entertainer starring Likith Shetty and Amrutha Iyengar in the lead.,0.0
Ghost,,,,,,,"A dreaded gangster called Ghost, takes hostage of a prison, and an efficient police officer Chengappa is immediately deputed to solve the issue. And thus begins the cat and mouse chase between an intelligent criminal and a ruthless police officer.",3.0
Upadhyaksha,,,,,,,Upcoming Kannada film,0.0
Jaana,,,,,,,"Ravishankar, a bank manager, is transferred to Bengaluru where he falls in love with the CM's daughter, Kasturi. Ravi decides to step up when the terrorists kidnap her to settle scores with the CM.",0.0
Krishnam Pranaya Sakhi,,,,,,,"Krishna, a business tycoon, meets Pranaya, an orphan who runs an orphanage. Krishna, worried that his socio-economic status may separate him from Pranaya, pretends to be a driver and becomes employed by Pranaya. Pranaya soon learns about Krishna's identity, but she later accepts his love.",2.0
Aa Dinagalu,,,,,,,"Chetan loves Mallika but his father hires an underworld don, Kotwal, to break their relationship. Irked by his father's actions, Chetan approaches Kotwal's rival, Jayaraj, to defeat him.",6.0
Dandupalya,,,,,,,"A gang of notorious criminals go about looting houses, raping and murdering women. Chalapathy, a brave and brilliant police officer, sets out to capture the gang and bring them to justice.",1.0
Laughing Buddha,,,,,,,Explores the life and personal struggles of a police head constable.,1.0
Gejje Naada,,,,,,,"When a man goes to his grandmother's village, he falls in love with a beautiful girl. However, a notorious criminal lusts over her and begins meddling with her life.",0.0
Nite Road,,,,,,,"On a mysterious road, a man begins to suspect that his brother's death was not accidental. He shares his concerns with Inspector Daksha, who is already investigating the case. As the investigation unfolds, unsettling circumstances come to light, confirming his suspicions. Eventually, he uncovers the hidden stories of individuals who had died in accidents on that same road, revealing the concept of karma that it is not something we are born with, but something we must endure.",0.0
Kumkuma Bhagya,,,,,,,,0.0
Kerebete,,,,,,,"The annual Kerebete fishing event brings together the people of a Karnataka village. During the festivities, a controversial relationship causes tensions.",0.0
Sharavegada Saradara,,,,,,,"Vishwanath Rai is a wealthy, kind-hearted businessman who has earned much respect by his deeds. Naganna, his brother-in-law, plots against him so as to execute some of his wicked schemes and make it big in the field of black money. When the former discovers this he fights Naganna and dies in the process. Thirsty for vengeance, his son Tejashri ""Teja"" returns from abroad after several years to confront his nemesis.",0.0
Bandook,,,,,,,"When brutal murders haunt a remote river island, a retrieval team and a determined investigator uncover chilling secrets buried deeper than the bodies.",0.0
SriKrishna@gmail.com,,,,,,,"Malavika, a single mother, ends up meeting Sathya, an employee in a five-star hotel, by accident. Her daughter begins to call Sathya her father and Malavika employs Sathya to play that part so as not to disappoint her father. An unexpected twist happens when Sathya learns the truth.",2.0
Girmit,,,,,,,"A commercial tale with an all children cast, Girmit is a one of a kind movie.",1.0
Alemari,,,,,,,"Alemari (Kannada: ) is a 2012 released Kannada romantic action drama film starring Yogesh and Radhika Pandit in the lead roles. The story, screenplay, lyrics and direction is by Santhu. The music of the film was composed by Arjun Janya. B. K. Srinivas has produced the venture under BK Srinivasa Productions. The film released in theatres across Karnataka on 9 March 2012.",1.0
Odeya,,,,,,,Gajendra is a kind-hearted man who lives a happy life taking care of his family and the people around him with utmost affection. He has chosen to be a bachelor and hates the term marriage and since his own brothers have to seek his permission for their own marriage proposals they come up with a plan to make him fall in love.,2.0
Nimma Vasthugalige Neeve Javaabdaararu,,,,,,,"The title means ""You are responsible for your belongings."" As humans, we develop profound attachments to our belongings, which often intertwine with our deepest insecurities. Unfortunately, many of these insecurities manifest in reality.",0.0
Magane Mahisha,,,,,,,"Tulu Drama Magane Mahisha directed by Veerendra Shetty will release on April 29, 2022.  Magane Mahisha is the second movie of Veerendra Shetty who earlier directed the blockbuster movie Chaali Polilu that ran for 511 days at a theatre.",0.0
Suryavamsha,,,,,,,An aristocratic patriarch realizes the worth of his most caring son he despised because of his illiteracy. A family learns values forgotten or misunderstood. A great soul overcomes all hindrances thrown at him to finally emerge victorious.,0.0
Myna,,,,,,,"Satya falls for Mynaa, a woman with a physical disability, and marries her. But trouble begins when they meet a doctor who promises to help her but ends up taking her advantage.",3.0
Chandralekha,,,,,,,Four people who decide to commit suicide at a resort find themselves haunted by a vengeful ghost. (A remake of the Telugu film Prema Katha Chitram (2013)),0.0
Ranaranga,,,,,,,"A juvenile delinquent, Anand, becomes a reformed adult and a qualified engineer. Thereafter, he sets out to find his estranged mother and punish the culprits who put him in jail.  This was the 6th and the first action drama movie of Shivarajkumar as a lead actor and the third movie of Shivarajkumar and Sudharani pair. The first collaboration of Shivarajkumar and Hamsalekha combo as well. The movie was directed by the legendary V. Somashekar, known for Premada Kanika, Shankar Guru among other classics.",0.0
Girgitle,,,,,,,"After being overwhelmed by the cheaters who cheat common people day-to-day, Rangayana Raghu { Harishchandra}, decides to write a book in an attempt to reform the corrupted mindsets. The screenplay will twist in the direction of Harishchandra's thoughts influencing and reforming 3 characters involved in underworld activities.",0.0
Amaravathi,,,,,,,"Chenna is the son of a sewage cleaner and is aspiring for a good life by being an ideal student in his college. His mentor, a social reformer, gets him to look beyond his space and fight for the basic rights. Chenna's tryst with this revolution forms the backdrop of this narrative.",0.0
Ravi Chandra,,,,,,,"Ravi Chandra is a 1980 Kannada-language romantic drama film directed by A. V. Sheshagiri Rao, written by Shankar-Sundar and produced by Parvathamma Rajkumar. The film starred Rajkumar in dual roles along with Lakshmi and Sumalatha. Veteran actress Savitri was featured in a prominent role in this film. This was Sumalatha's debut film in Kannada. The screenplay, dialogues and lyrics are written by Chi. Udaya Shankar.",0.0
Nanna Prakara,,,,,,,A police officer sets out to investigate the case of Vismaya who dies mysteriously in an accident. The officer soon finds out that two other girls died on the same spot and tries to uncover the truth.,5.0
Kiccha,,,,,,,"Kiccha, an unemployed gold medalist tries his best to get a job but due to corrupt bribe system, he fails to get any job. This story tells how an intelligent unemployed youth enters politics and turns big playing their own game against them.",0.0
Usire Usire,,,,,,,"Religious conflict tears apart star-crossed lovers from different faiths. Despite threats and heroine's illness, hero risks all to reunite. Tragedy strikes, but hero's sacrifice through organ donation gives heroine a second chance at life.",0.0
Sacred Groves,,,,,,,"After the death of the father, a family is forced to move from their home in the forest to the city, where they barely scrape by.",0.0
Kula Gourava,,,,,,,"Kula Gourava is a 1971 Indian Kannada language romantic drama film directed by Peketi Sivaram and written by G. Balasubramanyam. It stars Rajkumar in triple roles along with Jayanthi and Bharathi. The film was produced under Sri Eswari Productions of N. Veeraswamy. It had a very successful soundtrack composed by T. G. Lingappa. Popular actor-director V. Ravichandran, son of the film producer Veerasamy, appeared in the film as a child artist. The film swept 5 awards at the 1970-71 Karnataka State Film Awards including the best film, best actor, and best editor categories.",1.0
Bell Bottom 2,,,,,,,,0.0
Nadaprabhu Kempegowda,,,,,,,"Historical film based on the life of Kempegowda, founder of Bengaluru",0.0
Harakeya Kuri,,,,,,,Corrupt politicians and their deadly henchmen intimidate and exploit the poor through systemic abuse of political and muscle power.,0.0
Uttarakanda,,,,,,,Upcoming Kannada Movie,0.0
The Plan,,,,,,,"The Plan - youth centric, high energy, prison break, suspense thriller, social and political film treated on world cinema treatment. The film is portrayed on a canvas of a prison amidst of a dense forest. Where, in, trapped lives, battling between Rage, Fear, Revenge and deceit that finally unfolds in to a climax that reflects the ugliness of the social face today's world... It talks about the friendship of four guys, how they live life and a moment of thoughtlessness changes their lives and they find themselves in prison.. What happens next forms the crux of the story.",2.0
Baa Nalle Madhuchandrake,,,,,,,Movie by Nagathihalli Chandrashekar based on his own novel. A couple go to Shimla and the girl is paranoid someone is after her. Based on a real incident,0.0
Small Things Big Things,,,,,,,"If this were a letter, the return address would be: From the students and teachers of Sita School, Silvepura, Bangalore 560090, India. If this were a diary, it would contain entries between 5th June 2012 an 28th April 2013. I return to my first school and join with the present students and teachers in their everyday adventures of learning. Through the stories that unfold we enter imaginary worlds and intimate relationships. 'Small Things, Big Things' is a celebration of when Education becomes Art.",0.0
Kabzaa 2,,,,,,,"Following the capture of his wife and children at the hands of Lord Veer Bahaddur, the dreaded gangster Arkeshwara is pit against officer Bhargava Bakshi and Siddantha in an ultimate battle for supremacy.",0.0
Drama,,,,,,,"The film starts in a village in Mandya where two youngsters Venkatesha and Sathish, who have failed their pre-degree courses seven times, create problems. Nandini, an ultra-modern girl comes to the village and attracts Venkatesha, who is prepared to do anything for pleasing the girl. Both Venkatesha and Sathish follow Nandini to Mysore, where she is pursuing studies. A strict principal of the college humiliates Nandini when she crosses the limits. Meanwhile, the principal gets murdered and a police officer suspects Venkatesha and Nandini to be behind this murder. There is a lot of confusion when it is revealed that Nandini is the daughter of a Dubai-based don, who is trying to kill a Mangalore-based don. What happens in the end is revealed in an interesting climax.",6.0
Bengaluru 560023,,,,,,,"The Cholurpalya Strikers team dream of winning the galli cricket tournament, which they've consistently lost in the finals to the Malleswaram Rockers. Will they be able to do it when the winning stakes are at an all time high?",2.0
Dear Sathya,,,,,,,"Dear Sathya captures the untold story of a common man and the people around him while following the protagonist, navigating his way through the hustle and bustle of a busy life, trying to fulfill his dreams",1.0
Kanakambari,,,,,,,"When a dark but seemingly harmless game goes wrong, the spirit of Nirmala Devi enters the body of Nitya. Soon enough, Nirmala Devi sets out on a mission to avenge her death.",0.0
Shivanna 131,,,,,,,"Dr. Shivarajkumar's 131st film which is yet to tile, is in production now",0.0
St Marks Road,,,,,,,"St Marks Road is a bilingual (Kannada and Tamil) Horror Psychological thriller directed by the duo Magesh and Venkat also known as Magven.  Priyanka Upendra will be playing twins, Dulcie and Vera Vaz. The film is based on true incident that happened on Teraa Vera house on St Marks Road.",0.0
Nimitta Matra,,,,,,,"An investigative journalist, inspired by his father's legacy, delves into a haunting incident from 15 years ago in Mangaluru. The film explores his quest to unravel the mystery and seek justice.",0.0
Huliya,,,,,,,"""Huliya"" is a Kannada-language action drama film released in 1996, directed by K.V. Raju and produced by G. Govind and Kadur Ramesh.",0.0
Daali,,,,,,,"Daali is an upcoming Kannada language film directed by Prabhu Srinivas and produced by Yogesh Narayan under the banner Yogesh Motion Pictures. It is a spin-off of 2018 blockbuster film Tagaru starring Shivarajkumar, Dhananjay and Vasishta Simha. In Daali, Dhananjay reprises his role from Tagaru and it also features Rachitha Ram in an important role.",0.0
Ugragrami,,,,,,,The rise of terrorism and its many facets creates turbulence in a peaceful society.,0.0
Hunter,,,,,,,Upcoming Kannada Film starring Niranjan Sudhindra,0.0
Gowdru Hotel,,,,,,,"A remake of the Malayalam hit 'Ustad Hotel', the film sees an aspiring chef forced to work in a restaurant owned and run by his grandfather, to make ends meet, much against the wishes of his father.",0.0
Veerappan,,,,,,,"A 1991 Kannada Action, Crime movie by Ravindranath starring: Devaraj, Lokesh, Vanitha Vasu",0.0
Hosa Dinachari,,,,,,,"Three Families heal each other, while they spend their most difficult times with Strangers",0.0
Face 2 Face,,,,,,,"A romantic thriller film directed by Sandeep Janardan, starring Rohith Bhanuprakash, Divya Uruduga and Purvi Joshi in the lead roles.",1.0
Prathama Ushakirana,,,,,,,Filmfare South Award-winning Kannada film dealing with child psychiatry.,0.0
Gharga,,,,,,,"Gharga movie is a suspense thriller directed by M Shashidhar and produced by Ashwini Ramprasad while Guru Kiran scored music for this movie.  Arun Ramprasad and Raagavi Gowda are playing the main lead roles along with Saikumar, Arun Sagar, Mitra, Vasishta and many others are seen in supporting roles in this movie.",0.0
Blue Bird,,,,,,,"Sidda is the only child of Maasti, a lazy farmer and Ganapi, a progressive woman who dreams of living in the town. Due to some unavoidable circumstances, the family is forced to move to the city. The film documents Sidda's journey as he explores the dense forest and sustainable living versus the chaotic hustle of the city that makes him feel alienated. Inspired by the folk tales his grandfather narrates, the 10 year old learns to explore all options before he makes the most important decision of returning to his roots.",0.0
Addhuri Lover,,,,,,,A love story film produced by the director-producer AP Arjun,0.0
Kwatle Satisha,,,,,,,"Kwatle Satisha is a Kannada Black Comedy, directed by Mahesh Rao. A young man injures himself on the head while playing cricket with his friends. The young man develops short term memory loss and turns clueless about his wedding. The dilemma of his friends, unfolds into a hilarious situation.",0.0
Hombanna,,,,,,,"In the forests of Karnataka, a farmer and his community face eviction from the land when they get caught in the currents of socio-political change.",2.0
Bumper,,,,,,,Bumper is Dhanveerrahs second film directed by Hari Santhosh,0.0
Goa,,,,,,,"Three youths are born and brought up in a village. Their dream is to marry foreigners and live a fancy life abroad. To materialize their dream, they set off to Goa. Will they hit the jackpot there?",1.0
Mr. X,,,,,,,"While gathering evidence against two notorious criminals, Avinash, an honest lawyer, and his family pass away. Soon, his spirit takes the alias of Mr X and returns to tend to unfinished business.",0.0
Rathaavara,,,,,,,Rathaavara means the King's General who is also the best warrior.,2.0
Kamarottu Checkpost,,,,,,,Sanath and his friends encounter a series of paranormal activities while searching for their friend Pradeep in Kamarottu.,0.0
Aaraariraaro,,,,,,,"A classic case of serendipity is the crux of this film as it unfolds when a thief accidentally finds a bedridden old lady in an old mansion where he sneaks in to steal. A prolonged interaction ensues and he realizes that she is unable to speak and is left at the mercy of an irresponsible nurse. He then decides to carry out the burglary in installments over three months. An impossible journey of two unlikely individuals brought together by fate and an unavoidable emotional tangle forms the essence of this beautifully woven story. Firmly rooted in human emotions with outstanding performances, quality cinematography, impactful music and the symphony of situational comic.",0.0
Ayogya 2,,,,,,,Sequel to Ayogya film,0.0
Lockup Death,,,,,,,"Amar fights for justice after his friend dies in the lock-up due to several injuries caused by policemen. When his attempts fail and they go scot-free, he decides to take revenge against them.",0.0
Shiva Gana,,,,,,,Upcoming Kannada Films starring Shivarajkumar & Ganesh,0.0
Satyamangala,,,,,,,Upcoming Kannada Film starring Dr. Shivarajkumar,0.0
,,,,,,,"Village boy Diganth is in love with Sanjjanaa. But he has to stay away in the city to complete his studies. Another girl falls for him, but he keeps away from her for his village belle. When he comes back to reclaim his love in the village, misfortune has already struck.",
Richard Anthony,,,,,,,"What happens when the sea returns with the hottest blood? A dystopian future or a pitted past. This time Richard Anthony is here to uncover the dark. Continuing its connection with Ulidavaru Kandanthe and its star cast, are you already ready to view the crime thriller movie?  Aghast, you will return to watching the highly anticipated glimpse on loop as it reverberates curiosity. From one frame to the other, it conveys mysterious elements. While setting itself apart from the rest, it's emotionally draining and dramatically shaking, we must promise.",0.0
666 Operation Dream Theatre,,,,,,,Upcoming Kannada film directed by Hemanth Rao,0.0
BRB: First Blood,,,,,,,Once upon a time in 2209 A.D.,0.0
#Naanu Ivala Abhimani,,,,,,,"Lakkavva, despised by her father for being a girl, finds solace in her mother, Durgamma. Despite her challenges with deafness, Lakkavva resolves to be the voice for deaf and mute children. With dreams of funding her cochlear implant, she learns sign language and lip-reading. However, her world is shaken when her brother, in a drunken state, commits a crime, leading to Lakkavva being wrongly accused. Will Lakkavva navigate the injustice to ultimately achieve her dream of receiving the life-changing operation?",0.0
Www.Bhaya.Com (  ),,,,,,,"Prashanth and his friends, who work in a tech firm, get lost in a haunted place in a jungle and on their return, their computers start operating in a hostile manner.",
Kurka,,,,,,,"Munna, the rebellious son of an ex-soldier turned quarry worker, becomes entangled in local power dynamics while grappling with personal loss. His quest for resolution leads to whats described as a 'surreal transformation' as he undergoes a 'test of truth'.",0.0
Golibar,,,,,,,"Kapali, a corrupt politician, rules the city until Arjun, an honest police officer, takes charge and teaches him a lesson.",0.0
The Bangle Seller,,,,,,,"A village bangle seller and his wife cannot conceive a child. The villagers gossip. In this close-knit patriarchal community in South India, hidden desires and relationships find a way to exist. Will the husband's secret ever come out? An intriguing narrative in an elegantly directed debut with exceptional camera work.",1.0
Kidnap,,,,,,,"Vijay meets his college friend Ajay, who is now a successful policeman. Soon, out of jealousy, he kidnaps Ajay's girlfriend.",0.0
Happily Married,,,,,,,"The film is, ironically, about the breakdown of a marriage that began with love. Although the skillful blending of the mystery and relationship drama revolves around the couple, a motley bunch of characters keep cropping up, saying and doing bizarre things that may not always make sense, but as the plot unfolds, it all transforms into a psychological game of 'what' and 'what next?' In short, it's a nail biting psychoanalytic thriller shows the troubling inner workings of a toxic marriage reveal themselves in surprising ways after one of the couple's feuds spins out of control.",0.0
Legacy,,,,,,,Upcoming Kannada Action Thriller Movie,0.0
Galige,,,,,,,"A self-made woman befriends a poor old couple who pretend to be her long-lost grandparents, although she does not accept their assertion of a biological relationship.",2.0
Undenaama,,,,,,,"Venky is a software engineer by profession who wishes to get married as soon as possible. What difficulties will Venky face from society, family and friends?",0.0
Dvitva,,,,,,,,0.0
Putaani Party,,,,,,,"A Gram Panchayat (Village Governing Party) in rural India facilitates the functioning of a Makkala Samiti (Children's Committee). The committee acts as a pressure group in trying to get the local governance react to various social issues that it raises. Guided by a sympathetic school teacher, the childrens honesty and persistency ruffles many feathers among the adults, some of whom have been using the Makkala Samiti for their own needs.",0.0
The Unsung,,,,,,,"The Unsung is a film on a dying tribe on the coastal region of Karnataka, the Halakki Vokkaliga. This once culturally rich tribe with a treasure trove of folk songs, passed down orally from generations is now grappling against the tide of modernisation and westernisation. With only a handful of old ladies who identify with the tribe, their traditions and cultures, the passing of these few old women will see their very culture fading away. The film touches on the struggles of the tribe, the clash between modernisation and their culture, the fight to keep their forests alive and the painstakingly long battle to be included in the Scheduled Tribe list in India.",0.0
Life is Beautiful,,,,,,,Life is Beautiful is an upcoming Kannada movie starring Pruthvi Ambaar in the lead role,0.0
Distant,,,,,,,"After his parents fight and father abandons him, 13 year old kid Rohith is stuck between the perspectives of his mother and father. What follows is a series of events where he tries to reconcile them and how his perspective changes towards life.",0.0
Punya Koti,,,,,,,Upcoming Kannada movie written and directed by Rakshit Shetty,0.0
Maduve Mane,,,,,,,"When Dushyanth, a corrupt man, kills Preeti, her brother Suraj treads on the path of vengeance. With a plan to ruin Dushyanth's marriage, he intends to get his revenge.",0.0
Jeevana Chakra,,,,,,,"Ranga, a goon, changes his way of life after he falls in love with a simple girl and marries her. He buys a factory and works very hard to transform it into a successful venture.",0.0
Green Girl,,,,,,,"Amidst a volatile blend of religious strife, suppressed sexualities, and divine sermons in an Indian town, a teenage inter-faith coupleone of whom is innocently entangled in a fundamentalist group, dream an illusive American Dream.",0.0
Nee Siguvaregu,,,,,,,Upcoming Kannada Film starring Dr ShivrajKumar,0.0
Chaitrada Chiguru,,,,,,,A widow gets married again but faces many hardships when she decides to earn a livelihood in an unkind society that refuses to let her live peacefully.,0.0
Buddhivantha 2,,,,,,,,0.0
Scam 1770,,,,,,,"The story revolves around a hardworking teenager with a goal, but the intertwined lives of various characters highlight the corruption lurking within.",0.0
Devil,,,,,,,Upcoming Kannada Gangster Drama,0.0
Kiriket 11,,,,,,,Upcoming Kannada Movie by KRG Studios,0.0
Chitegu Chinte,,,,,,,Follows a lovable gangster who runs his business from home for the blind and who despite being a criminal is admired and respected by people of the town.,0.0
Manna Payana,,,,,,,"Journeys are about the interludes between coming and going, about marking time from one action to another. Waiting, arrival or departure -- a boy is waiting for his father, playing with his toy while waiting, father arrives, but......",0.0
Karavali,,,,,,,The sound of nature is the force to reckon with.,0.0
Wind Seed,,,,,,,"Gaalibeeja is a debut film made by an artist and is an homage to the genre of the Road Movie and seminal filmmakers like Wim Wenders, Jim Jarmusch and Abbas Kiarostami. It opens with Prakash, a road engineer, leaving for a site visit to an unnamed village. On the way he gives a lift to Jaffer, someone who previously sold pirated dvds, and receives a set of road movies from him. The sequences in the films and the people that Prakash meets in life begin to resonate with each other. Jaffers pronouncement that Prakashs life could be a film comes back to him as he witnesses each person starring in their own road movie.  The road carries us, connects us, it equally disrupts lives. The film explores this ambivalence and the different temporalities people inhabit.",0.0
Strawberry,,,,,,,,0.0
Rajakeeya,,,,,,,An investigating officer lands in trouble for prosecuting a chief minister in a murder case. Things get murkier when the legal proceedings start.,0.0
Pathumma,,,,,,,"Pathumma is a poor widow earning her livelihood by selling rotis to a hotel. She deposits money with a trusted jeweller to build a house. Her hut is washed away by the raging sea, the jeweller gives her money she has saved and some money from his own end for her to build her a house. Her character in the film represents Muslim women, and she upholds the harmony with which Muslims and Hindus have lived in peace for centuries.",0.0
Bhairavi,,,,,,,"Murthy, an evil man, kills his brother and his wife to usurp the family property. When he comes to know that his niece, Bhairavi, is going to decide who gets to own the property, he goes after her.",0.0
Shri Balaji Photo Studio,,,,,,,The life of a photographer and his emotional connect with the studio. How this character tries to update with the digital world and how a particular situation brings a turn in his life.,0.0
April,,,,,,,"April D'Souza is a psychiatrist with a gift for reading people and seeing through them. When a mysterious envelope arrives at her doorstep one day, it triggers a series of events in April's life which would eventually lead her to uncovering a dark truth about herself.",0.0
Pranayam,,,,,,,A family drama.,0.0
Curfew,,,,,,,"Sajan Rai, a minister, decides to appoint sincere officers in his city to put an end to corruption. However, the appointment of police officer Pradeep, sends shivers down the spine of corrupt politicians.",0.0
mohini 9886788888,,,,,,,"Rajesh, a businessman, rejects Mohini and decides to stay with his family. After Mohini dies, her spirit starts following Rajesh and troubles him.",0.0
Ratnamma,,,,,,,"Ratnamma, a virtuous woman from an agricultural family, marries a middle-class farmer. Despite a happy life, they face societal pressure due to infertility. Enduring humiliation, Ratnamma continues to love her family. Shocked when her husband brings another woman home, she leaves. Twenty-five years later, she returns after her husband's death, facing hardships to protect the property from his cunning cousins. Struggling with government offices to register the property in her name, Ratnamma ultimately decides to give it to the children of the other woman. Despite her rightful ownership, she selflessly sacrifices for her husband's children, winning everyone's hearts.",0.0
Sugar Factory,,,,,,,"Arya and Adithi Bopanna meets up in a pub, Where they pretend in a love relationship among their friends due to a challenge.",0.0
Ashoka Blade,,,,,,,Upcoming Kannada Movie,0.0
Arivu,,,,,,,"A shy, pretty new teacher arrives at a rural boys' elementary school.",0.0
"Kandeelu, The Ray of Hope",,,,,,,"Seeba, a poor farmer, dreams of owning a farm and a house for his family but struggles to make ends meet. He sends his son abroad with hope of fulfilling his dream, but is shattered when his son tragically dies abroad. Determined to perform his son's last rites and bring his mortal remains back home, Seeba, along with his wife and daughter, exhausts all possible options. And to his dismay, those he looked up to, turn a blind eye to his plight. As the village festival approaches, Seeba, who is a custodian of a specific ritual, is torn between conflicting emotions of duty and sorrow. The movie revolves around socio-political issues faced by vulnerable, the conflict between heart and mind, and the healing power of nature's love.",0.0
Lilly,,,,,,,Upcoming Female Oriented Kannada film starring Rachita Ram in the lead which throws a light on the social issues related to the young generation and the topics of child negligence & the effect of technology on kids. Rachita plays a NRI Psychologist.,0.0
Gani,,,,,,,"Happily married to Ganesh, Harini begins suspecting him when she knows of his meeting with his schoolmate Shreya in a hotel. Angry, she takes an extreme step.",0.0
Dwimukha,,,,,,,"One's life will be a perfect balance of drama, comedy, thrill and aggression of achieving something big in life and this so called ""highway"" life of Nakul took a turn, not just turn, but a big chain break that challenged his entire destiny after he married his office love Vibha. Vibha had past mystery that was kept away from Nakul. A big knot in their Life comes when Vibha goes missing and Nakul had to take control of the situation as Police had marked Nakul as prime suspect. Hiding from society and police Nakul had unravel the mystery where he see everyone's second face. The face hidden from the society. Who's true and whose not? Who's good and whose not? Does everyone has a face hidden from society? But Karma watches everything.",0.0
The 90 Days,,,,,,,"An aspiring young filmmaker travels to a village in search of a girl who could star in his movie and at the same time be his life partner. After a chance encounter with her, tragedy ensues as the girl is brutally killed by a violent man. Another girl who receives her heart in a transplant recalls the gruesome tragedy in her dreams which makes her go in pursuit of the killer. Incidentally, the young filmmaker and the deceased girl's close friend are also on the trail of the killer.",1.0
Yaduveera,,,,,,,,0.0
141,,,,,,,"This offbeat love story explores the love between a Western woman and an Indian woman, highlighting the struggles they face as their relationship is considered strictly taboo in Indian society. What will the future hold in store for them?",1.0
Swathi,,,,,,,"A love story that goes wrong creates a rivalry between two villages. Years later, a couple from the warring villages, unaware of the past, sets out on the journey of love.",0.0
Thota Kovi,,,,,,,A witty crime-drama set in the western ghats of Karnataka.,0.0
Ashwatthama,,,,,,,Upcoming Kannada Film directed by Anup Bhandari and presented by Kichcha Sudeep,0.0
Graamaayana,,,,,,,Upcoming Kannada movie starring Vinay Rajkumar,0.0
Apoorva Samsara,,,,,,,Indian film from 1992,0.0
Shambhavi,,,,,,,Shambhavi is an Drama Kannada movie directed by Rama Narayanan,0.0
Wheel Chair Romeo,,,,,,,"The protagonist of the story, Ullas, has been disabled since his birth. Ullas walks in a wheelchair over a giant. Ullas feels to have a female companion and informs same to his father. The father begins to search for the girl to marry him, but no girl comes forward to marry him. He then enlists the help of Jack Mama to find a girl in prostitution to satisfy his sexual desire. Ullas draws on a blind girl Dimple in the same vein. He starts to like her, spends time with her. He proposes Dimple to marry him. At first Ullass Father refuses his sons decision. Dimple, meanwhile, leaves the town since Ullas fathers rejection. However beacuse of Dimples good behavior Ullas' father agrees to marry her. Meanwhile Ullas begins to find Dimple. He gets the help of his father, Jack Mama and friend Giri, to find Dimple.",0.0
Ohileshwara,,,,,,,The film marks the first time singer P. B. Srinivas sung for Rajkumar. Rajkumar and G.K. Venkatesh too turned singers with this movie.,0.0
Just Married,,,,,,,Directorial Debut of C.R. Bobby,0.0
Bhairavana Kone Paata,,,,,,,Shivarajkumar & Hemanth Rao's Period Action Film,0.0
How Are You?,,,,,,,"Love, anger, despair. All strong emotions. What happens when your love abandons you all of a sudden? Tina and Roy are a married couple. Tina's life turns upside down when one day, out of the blue, she finds herself having to accept the fact that Roy has left her for good. While she struggles with coming to terms with it, she battles her own fears and tries to make sense of things. On the day of her anniversary while she frets and wonders why he left her and how he is doing without her, the answer comes in an unexpected form.",0.0
Cricket Summer,,,,,,,"A coming-of-age drama set in the vibrant summer of the mid-2000s, where the game of cricket plays a pivotal role in shaping the dreams, friendships, and struggles of youth.",0.0
Foriegn scotch,,,,,,,Foriegn scotch is indian kannada language movie Directed by Ravi,0.0
The Saga of Ashwatthama Continues,,,,,,,Upcoming Kannada Action Packed Spy Thriller Movie starring Shivarajkumar,0.0
Naguva Nayana,,,,,,,Art mimic's life,0.0
Yuva 01,,,,,,,"Untitled upcoming Kannada movie starring Yuva Rajkumar in the lead, which also marks the debut in his acting career.",0.0
Mithileya Seetheyaru,,,,,,,Vishnuvardhan stars in this film Ravi.,0.0
Maneye Manthralaya,,,,,,,Film starring Anant Nag directed by Bhargava.,0.0
Jana Nayaka,,,,,,,"Janardhan's father is murdered by a group of criminals when he tries to expose them. Enraged, Janardhan sets out to exact revenge for his father's murder.",0.0
Karthikeyan,,,,,,,Film starring Pandharibai and Rajkumar,0.0
Mathrudevobhava,,,,,,,A 1988 Kannada film based on the drama Mathrudevobhava.,0.0
Untitled Balaji Madhavan/Shivarajkumar Project,,,,,,,,0.0
D59,,,,,,,Darshan Thoogudeepa's 59th Film based on the Indian Freedom Fighter Veera Sindhoora Lakshmana,0.0
Jimmy,,,,,,,Upcoming Kannada Movie Starring Sanchith Sanjeev,0.0
Sold,,,,,,,"The lives of a gangster, a journalist and 10 year old Rashmi intertwine when she is kidnapped by child traffickers",0.0
Let's Breakup,,,,,,,Let's Breakup is an upcoming Kannada movie,0.0
Namyajamanru,,,,,,,"Urmila and Shashank are a happily married couple. But their relationship is tested when Alok, a soldier, claims that Urmila is his lover and her real name is Charulatha.",0.0
School Master,,,,,,,"Jagannath is an admired teacher and a doting father to his daughter, Meghana. His life turns upside down when Meghana is kidnapped by mistake for the release of a gangster, Appu.",0.0
I am Revathi,,,,,,,"A powerful documentary that chronicles the inspiring life of E. Revathi, a prominent trans woman from India who is a writer, activist, and actress. The film delves into her journey of self-discovery, her struggles against systemic discrimination, and her unwavering fight for the rights and dignity of transgender individuals in Indian society. Through personal interviews, archival footage, and artistic storytelling, the documentary offers a deep, empathetic portrait of Revathi  not just as a trans rights activist, but as a human being who carved a path through social and cultural barriers. It brings to light the emotional, political, and cultural battles she faced, while also celebrating her role as a voice for the marginalized. The films title echoes her assertion of identity: ""Njan Revathi""  ""I am Revathi""  a declaration of existence, pride, and resilience.",0.0
Raayaru Bandaru Maavana Manege,,,,,,,Rayaru Bandaru Mavana Manege is a 1993 Indian Kannada-language romantic drama film directed by Dwarakish and produced by P. Balaram. The film is a remake of director Priyadarshan's Malayalam film Chithram (1988) starring Mohanlal and Ranjini.,0.0
Interval,,,,,,,"The journey of three village boys who accidentally pass their degrees. Facing unexpected challenges, they leave their hamlet and venture into the city, searching for jobs and a purpose in life.",0.0
Karnatakadalli Ambedkar Hejjegalu,,,,,,,Babasaheb Ambedkar visited Karnataka on several occasions. But his each visits had a purpose and consequence. This film records each of his visit in context and provides a historical perspective of his journey,0.0
Tanuja,,,,,,,"Tanuja made news when she travelled 400 km to appear for the NEET examination on 14/10/2020. She was supported by Hon. CM, B. S. Yediyurappa and the minister of health and family welfare Dr. Sudhakar to acquire Medical education.",0.0
Bhava Theera Yana,,,,,,,"The movie is about a boy's journey of love. It stars Ramesh Bhat, Thejas Kiran, Arohi Naina, Chandana Ananthakrishna, and others.",0.0
Your's Sincerely RAAM,,,,,,,Upcoming Kannada Film,0.0
Jhansi I.P.S,,,,,,,"Jhansi I.P.S is a action thriller movie directed by P.V.S Guruprasad. The movie casts Raai Laxmi playing the title role along with Srijit, Mukesh Tiwari, Ravi Kaale and many others are seen in supporting roles.",0.0
Beti,,,,,,,"Suleiman had gone off to work overseas immediately after marriage. Meanwhile, his wife Juleka gave birth to a girl-child, Salma. But for fear of disappointment, husband Suleiman was fed to believe that they had a male-child, Salman. For years, Suleiman was unable to visit Juleka and the child, so when news came of Suleiman's impending return, the whole household is thrown into panic.",0.0
Night Out,,,,,,,Two friends take a late auto rickshaw ride which takes an unexpected turn leading to a series of surprises.,0.0
Bengaluru Boys,,,,,,,"Revolves around the journey of a last bencher, who is often considered a misfit, as he defies all odds to pursue his dreams",0.0
Gowri Ganesha,,,,,,,"Gowri Ganesha is a Carnatic-language Black Comedy made in 1991, starring Ananth Nag. The movie follows Lambodhar, a small time hustler and Con Artist who, in the course of perpetrating a malingering based con in a hospital, stumbles upon the corpse of a young woman named Gowri. Upon finding out that she was an orphan (just like him), then finding her diary in which she kept a sordid account of all the people who used her and drove her to die penniless in a government run hospital, Lambodhar resolves to avenge her. Not by inflicting violence, but by perpetrating a long distance long con, that nets him a lot of wealth.",0.0
Sainika,,,,,,,"After apprehending a number of Jihadi terrorists in Kashmir, Subedar Surya returns home to his mother, Shanta; dad, Surendra; sister, Kaveri; and brother, Deva, who all live in village in Southern India. The entire family is aware that Surya is in love with his childhood sweetheart, Gauri, and arrang",0.0
Kaaneyadavara Bagge Prakatane,,,,,,,"Kaneyadavara Bagge Prakatane is a Kannada-language comedy-drama film directed by Anil Kumar. It stars Rangayana Raghu, P. Ravi Shankar, Tabla Nani, Chikkanna, Tilak Shekar, and Ashika",0.0
Mooru Darigalu,,,,,,,,0.0
Can Neither Stay Here Nor Journey Beyond,,,,,,,"Naga, an eleven-year-old boy from a rural background is employed by a family in Mumbai to look after their child. Naga longs for his home.",0.0
Shubhamanagala,,,,,,,Upcoming Kannada Movie,0.0
Bird Trapper or Beggar,,,,,,,"The Hakki Pikkis are a free spirited nomadic tribe who began their wandering many generations ago in the North Western part of the Indian subcontinent. Over time they travelled through and settled in different states of the country. As they moved, they survived through trapping birds and hunting small game in the forests and selling them in cities and towns along with lucky charms and trinkets. If the trap failed, begging was the next best bet!",0.0
Simplicity and Complexity,,,,,,,"In a world subjected to an onslaught of saleable ideas and products, a world where we indulge beyond our means, is there a possibility of leading a life true to the values we believe in? To abstain from indulgence? Sarala - Virala is an insight into a life of simple man, who remains steadfast and true to his beliefs in the midst of awards, popularity, wealth, and the materialistic new-age lifestyle. L. Narayana Reddy is an octogenarian organic farmer, imparting knowledge on environment-friendly agriculture gained from decades of practice to people from all walks of life. Narayana Reddys farming methods, the knowledge he shares and the lifestyle he leads is a stark contrast to the problem-laden modern farmer. It is this contrast that 'Sarala-Virala' dwells upon, thus documenting a man of example for present day society.",0.0
Jeerjimbe,,,,,,,Jeerjimbe is a story of adventures of a 13 year old girl from a remote village in Karnataka. The story is based on emotional struggles of a girl when a bicycle enters her life as part of free cycles programs provided by the Government to all high school children in rural areas.,0.0
Railway Children,,,,,,,Fiction on children who ran away from who and lives near the railway station.,0.0
Simpallag Innondh Love Story,,,,,,,"Simpallag Innondh Love Story is a film about two people who are different. On one hand, Khush is a happy-go-lucky guy, while Khushi is a girl who has big dreams for her life. They meet when Khushi is on her way back home.",2.0
Pattanakke Banda Patniyaru,,,,,,,1980 Indian Kannada Film,0.0
Dilkush,,,,,,,"This film revolves around the protagonist Khushal, who develops strong feelings for a girl during his school and college years. However, when she leaves for Kerala to pursue her studies, Khushal believes he has no more space for love. His perspective changes when Dilmaya enters his life. The plot explores whether Khushal ends up marrying Dilmaya or if his parents intervene with their own romantic interests, particularly with Nandini.",0.0
Kora,,,,,,,GOPD MOVIE LOVE,0.0
Intermission,,,,,,,,0.0
27 Mavalli Circle,,,,,,,"A gang of thieves attempts to steal a valuable treasure, a precious stone embedded on a doll, from a blind woman and her daughter.",0.0
Shubhashaya,,,,,,,"This Srinath, Kalyan Kumar, Jayanthi and Hema Choudhary starrer is a classic entertainer!",0.0
Jalandhara,,,,,,,The story revolves in a Tourist Spot Madhuvatti. Where the Tourists Death Numbers are drastically increasing. Abhijith (Suspended Inspector) visits Madhuvatti after an incident. He sets out to find the culprit. End is the new beginning.,0.0
Kunde,,,,,,,"Displaced from the forest and relocated into modern society, the indigenous Kurubas of Coorg reclaim notions of sex, sexuality, and morality during Kunde Namme (The Arse Fes- tival)  a subversive festival filled with surreal sights and sounds.",0.0
Afternoon Song,,,,,,,"In a world which runs on the steam of individualism, how satisfying can the inner journey be? Does a worldview that looks at a purpose beyond the self, hold currency in a society drained of cultural values and driven solely by market considerations? This is the dilemma that haunts the protagonist. Integral to this experience is the loss of intensity and social integrity that marked the cultural movement of the '70s, particularly after the Emergency. The film aims to capture this existential predicament in its various shades and tones. It is this struggle, perhaps vain, that forms the central theme. And, quite fatalistically, see no logical conclusion. Leaving the protagonist suspended in the grey area between ideals and reality...",0.0
WATERMAN,,,,,,,An imaginative kid in a water scarce slum realises a superpower and decides to help his struggling mother to make her life easy.,0.0
Aadu Aaneya Nungi,,,,,,,"After losing his job over wage negotiations, Yellappa, a daily laborer in Bengaluru, reluctantly accepts long-term employment from a solitary elderly man, drawn by financial stability, but as their bond deepens, unforeseen events disrupt their relationship, prompting Yellappa to reassess his beliefs.",0.0
Mudlaseemeyali,,,,,,,"A widow belongs to tribe, wants to make her only daughter, literate. This tribe has a tradition of selling girls and widows. Her Father-in-law quotes his sons debts and he borrows money. She decides to leave the house, goes to her brothers place. When the money lender arrives, he starts harassing her as he had already spent 1.25 lakh on her. She refuses to join him. This becomes a bigger issue than she has ever imagined. When the village heads meet up and decide that she should live with the man, who had spent money on her, what option does she have? Will she be able to fight against a male dominant society?",0.0
Nam Areal Ond Dina,,,,,,,,0.0
Sunday,,,,,,,Every generation has its own entry and exit. They have their own crisis and celebrations. This is an attempt to bring and connect the dotted lines between the generations.,0.0
U the end A,,,,,,,Rohan is a young man with a strong political background and his life is turned upside down when he catches a glimpse into the future. The woman with whom he has fallen in love will betray him and end his life.,0.0
Thallana,,,,,,,"Jaya works as a housemaid at Sadanand's house in Bangalore. Her 12 year old daughter suddenly goes missing. Sadanand, who is close with her daughter intervenes to find her. Their search for the girl is muddled and complicated by bureaucracy, societal disinterest and prejudiced hostility.",0.0
Shuklambaradharam,,,,,,,"Narasimha, an adopted young man, dotes on his foster sister. However, when he mishandles her finances due to a misunderstanding, the entire family's security is jeopardised.",0.0
Project Sharapanjara,,,,,,,"Seven years after his first release, a narcissistic filmmaker PK finally finds the way to make his next film with his close associates  Phani and Ram.",0.0
H/34 Pallavi Talkies,,,,,,,"Subhash is a police officer who is an atheist. His wife had died in an accident and now he wants to be alone. One day Subhash gets a call that a girls dead body has been found and then subsequently 3 more such dead bodies have been found. One thing common in all 3 cases is that whoever comes to Pallavi talkies to watch a movie on Amavas or Purnima nights and sits on the seat No. H-34, a negative energy kills him. In the end, its to be seen whether Shubhash can find that negative energy and win over it.",0.0
Londonalli Lambodara,,,,,,,An indolent guy who relies on astrology rather than effort leaves behind his family and his childhood love to move to London.,0.0
e-Mannu,,,,,,,"Story of Niranjan Nittoora Rejected software engineer, trying his hands at farming.The fiIm depicts the complexities of the urban materialistic lifestyle that sows.the seeds of mar ital discord in Nittoors life forcing him to return to his fathers property. He decides to do farming in a modern way.How he finds the going tough due to his half- baked knowledge of farming aided by his misconceptions about the village life forms the crux of the story.",0.0
Bhugiilu,,,,,,,"Countless people have participated and sacrificed their life in the Freedom Movement of our country to get the Independence, what we are enjoying today. Under the leadership of Mahatma Gandhiji millions of people took part and contributed in their own way for the freedom struggle through Non Violence.Tania, a Dalith, whose job is to clean the toilets of the town, also contributes in his own way for the freedom struggle. What made the innocent Tania to support the freedom movement, how he contributed and how he changed the mind of a cruel British Police Officer is the essence of the BHUGIILU.",0.0
Kannadiga,,,,,,,"Gunabhadra, a descendant of writer Samanthabhadra, wants to preserve the Kannada language and fulfil his ancestors' dream. He thinks he has found an ally in German Ferdinand Kittel. But, will he overcome the obstacles that come with it?",0.0
Pinni,,,,,,,"Journey of Prajwal, aka Pinni from his childhood to his adulthood, and how he finds his passion against all social norms.",0.0
All About Our Familia,,,,,,,"An evocative account of Familas extraordinary courage and extreme vulnerabilities, and those of other transgender people in Bangalore.",0.0
A Gunny Sack for an Umbrella,,,,,,,A day in the life of migrant worker's son,0.0
Sukha Samsarakke Hanneradu Sutragalu,,,,,,,1984 Indian Film,0.0
Kaangatha Mood,,,,,,,"The story follows Ramesha, a young man who has worked on a coffee estate since childhood and is deprived of formal education. His life of hard labour leads to alcohol addiction, making him a disruptive presence. Despite his flaws, the estate owner shares a deep, familial bond with him. Isolated and unaware of the world beyond the estate, Ramesha is vulnerable to external influences, adopting new beliefs without understanding them.",0.0
Nimagondu Sihi Suddi,,,,,,,"Arjun wakes up with severe stomach pain and is rushed to the hospital, only to be told he's going into labour. Dazed and confused, he passes out but later wakes up at home, dismissing the incident as a dream. To his shock, he discovers a baby in his house and a cesarean scar on his body. Panicked, Arjun calls his best friend DD, and together they embark on a chaotic journey to uncover the truth behind Arjun's male pregnancy.",0.0
Ide Antaranga Shuddhi,,,,,,,"Four unconnected journeys of different characters that includes journey of love, crime, lust and patriotism. Various characters are part of these journeys without any clue of how and where it would end.",0.0
I Am Sorry Mathe Banni Preethsona,,,,,,,"A man's disparaging remarks about a woman's morals lead to a series of unexpected revelations. Shyam (Prem Kumar) is happily married to Chetana (Karishma Tanna) when he happens to meet Sinchna (Sanjaana) who runs a brothel. When he insults Sinchna, she issues him a moraility challenge that Shyam accepts.",0.0
Claws and Teeth,,,,,,,"Ananya goes boar hunting with his cousin Giri and a mute plantation worker, Kaada. They accidentally kill a tiger and decide to smuggle its claws and skin. To avoid forest patrols on their way home, Anayya instructs Kaada to take a different route. However, Kaada is caught by forest guards. Ananya, to ensure his own safety, denies being with Kaada when Kaadas son seeks help for his father's release. The story unfolds as Ananya struggles to retrieve the claws and faces the man he once looked down upon, leading to a reversal of power dynamics between the two.",0.0
Three Months of Solitude,,,,,,,"When youre in a crowd you prefer  to be alone. When youre alone,  you want to be part of a crowd.  Youre never satisfied with yourself,  Wherever you are  The protagonist of this film is an Indian  who is in Finland for three months on  a scholarship. His sense of alienation  Is not merely because of physical detachment  from life familiar to him but also due to a subjective  point of view. He feels he is trapped in  a dreama reverie that doesnt satisfy his soul.",0.0
Alindia Radio,,,,,,,"Radio, in the 1980s, sparked a revolution and was a surprise to people. On the other hand, a common man, Neelagara Madappa, sang the history of Manteswami. One town, one God, its folklore, the humanity outside the town, the innocence of Madappa who lived it, beer, ganja, meat - with all these, the people of the town would sit bewitched with divinity. How did such a person as Madappa get stuck in the magic of radio? How did he pass on his original folklore to the next generation? Did the globalization of radio and its culture change the lifestyle and culture of Madappa?",0.0
Chocolate Starfish,,,,,,,"Two friends, Naveen and Ajay, decide to take a break, and smoke up to escape from their mundane lives. Things were going according to plan until they come across a mysterious memory card. Events that followed left them questioning their relationship.",0.0
Srii Murali 24,,,,,,,Sriimurali's upcoming untitled Movie produced by Ramesh Reddy,0.0
Generation Z - Emerge of Action,,,,,,,"This movie based on the series of events where a ""Hero"" is raised out of as protagonist against the practice of abuse of dominant position holders in the society through social media.",0.0
The Lake and The Lake,,,,,,,"In the peripheries of a polluted lake in Bangalore, Indias Silicon Valley, the act of observation is interrupted by flying foam, noxious gases, daydreams, and questions from passers-by. Despite its spectacular toxicity, the lake remains a valuable resource and refuge for counter publics.",0.0
Avane Srimannarayana,,,,,,,,25.0
Kurigalu Saar Kurigalu,,,,,,,,0.0
KD  The Devil,,,,,,,,0.0
Aachar & Co,,,,,,,,4.0
Abbara,,,,,,,,0.0
Kutumba,,,,,,,,0.0
Kabandha,,,,,,,,1.0
Devaru Kotta Tangi,,,,,,,,0.0
Kaage Bangara,,,,,,,,0.0
Dollu,,,,,,,,0.0
Bad Manners,,,,,,,,0.0
Shree Krishna Gaarudi,,,,,,,,0.0
Pencil,,,,,,,,0.0
Dharma Vijaya,,,,,,,,0.0
Rayara Sose,,,,,,,,0.0
Anna Thangi,,,,,,,,0.0
